nameOrig,nameDest,type,amount,oldbalanceOrg,newbalanceOrig,oldbalanceDest,newbalanceDest,origin_balance_change,destination_balance_change,amount_origin_ratio,amount_destination_ratio,ANOMALY_SCORE,STATUS
C80571844,C310383504,TRANSFER,15822130.17,0.0,0.0,129168459.28,192278925.55,0.0,63110466.27000001,15822130.17,0.12249221006197783,-0.18620509469262125,Flagged for Review
C1518444935,C821676364,TRANSFER,10000000.0,0.0,0.0,30132859.5,51919045.75,0.0,21786186.25,10000000.0,0.33186361447496826,-0.18215255776264572,Flagged for Review
C1011847188,C1191573842,TRANSFER,10000000.0,0.0,0.0,50087396.39,72491028.06,0.0,22403631.67,10000000.0,0.19965102043805755,-0.18215255776264572,Flagged for Review
C1759277936,C2115397483,TRANSFER,10000000.0,0.0,0.0,30044656.98,47662108.83,0.0,17617451.849999998,10000000.0,0.3328378711003053,-0.17958412001062884,Flagged for Review
C385490956,C1487890981,TRANSFER,10000000.0,0.0,0.0,30200815.46,47070380.59,0.0,16869565.130000003,10000000.0,0.33111687603693346,-0.17958412001062884,Flagged for Review
C166630777,C1732158567,TRANSFER,10000000.0,0.0,0.0,31964425.06,50041169.68,0.0,18076744.62,10000000.0,0.31284778838916527,-0.17958412001062884,Flagged for Review
C785717109,C1928603721,TRANSFER,10000000.0,509757.0,0.0,0.0,34296726.19,509757.0,34296726.19,19.617151668046407,10000000.0,-0.17856171815402377,Flagged for Review
C433764902,C82947915,TRANSFER,10000000.0,0.0,0.0,20000000.0,40880103.34,0.0,20880103.340000004,10000000.0,0.49999997500000126,-0.17848584107749355,Flagged for Review
C1368954627,C601303605,TRANSFER,10000000.0,0.0,0.0,20000000.0,41752611.51,0.0,21752611.509999998,10000000.0,0.49999997500000126,-0.17848584107749355,Flagged for Review
C1247182605,C1381840127,TRANSFER,15488604.7,0.0,0.0,48862801.64,67758193.06,0.0,18895391.42,15488604.7,0.316981504604092,-0.1781200782336647,Flagged for Review
C1293974771,C510491840,TRANSFER,10000000.0,0.0,0.0,40000000.0,53592538.48,0.0,13592538.479999997,10000000.0,0.24999999375000015,-0.17775448033272356,Flagged for Review
C759432974,C1273851165,TRANSFER,10000000.0,0.0,0.0,30000000.0,44451592.57,0.0,14451592.57,10000000.0,0.3333333222222226,-0.17702377906200983,Flagged for Review
C1551366539,C743224470,TRANSFER,10000000.0,0.0,0.0,20005665.11,39712018.34,0.0,19706353.230000004,10000000.0,0.49985838736963706,-0.17665867554357395,Flagged for Review
C431054535,C909263528,TRANSFER,11368244.85,0.0,0.0,12367708.4,45189871.38,0.0,32822162.980000004,11368244.85,0.9191875780975254,-0.17665867554357395,Flagged for Review
C1667637615,C1131293196,TRANSFER,10000000.0,286717.0,0.0,0.0,24436721.81,286717.0,24436721.81,34.87747542881856,10000000.0,-0.17636940867528572,Flagged for Review
C2002476909,C1732158567,TRANSFER,10000000.0,0.0,0.0,11964425.06,50041169.68,0.0,38076744.62,10000000.0,0.8358110911339445,-0.17629373667069903,Flagged for Review
C2018023931,C506614484,TRANSFER,10000000.0,0.0,0.0,30000000.0,43236339.28,0.0,13236339.280000001,10000000.0,0.3333333222222226,-0.17592896236913735,Flagged for Review
C70106818,C53048224,TRANSFER,10000000.0,0.0,0.0,20000000.0,38126719.06,0.0,18126719.060000002,10000000.0,0.49999997500000126,-0.17592896236913735,Flagged for Review
C1891941247,C993603737,TRANSFER,10000000.0,0.0,0.0,20004354.86,36677952.44,0.0,16673597.579999998,10000000.0,0.4998911272117312,-0.17592896236913735,Flagged for Review
C2025002428,C73279773,TRANSFER,10000000.0,0.0,0.0,20170580.69,39801819.53,0.0,19631238.84,10000000.0,0.4957715227894352,-0.1755643525646743,Flagged for Review
C1715295970,C867612382,TRANSFER,10000000.0,0.0,0.0,10776340.83,33079395.52,0.0,22303054.689999998,10000000.0,0.927958685586721,-0.17447150939223566,Flagged for Review
C1044540907,C200123041,TRANSFER,10000000.0,0.0,0.0,12225914.58,39969422.49,0.0,27743507.910000004,10000000.0,0.8179346515657848,-0.17447150939223566,Flagged for Review
C181569435,C181164250,TRANSFER,10000000.0,0.0,0.0,23015565.09,38584180.25,0.0,15568615.16,10000000.0,0.43448855269933534,-0.17447150939223566,Flagged for Review
C928974811,C1891000814,TRANSFER,10000000.0,0.0,0.0,13112671.57,41138282.76,0.0,28025611.189999998,10000000.0,0.762621040570984,-0.17447150939223566,Flagged for Review
C215641142,C687100566,TRANSFER,10000000.0,0.0,0.0,10592827.61,37203856.29,0.0,26611028.68,10000000.0,0.9440349096708364,-0.17374376840367844,Flagged for Review
C1673717176,C1067791196,TRANSFER,10000000.0,201592.0,0.0,0.0,28034315.61,201592.0,28034315.61,49.60489699543139,10000000.0,-0.17272871857876493,Flagged for Review
C1996947534,C66108215,TRANSFER,10000000.0,0.0,0.0,16651747.51,32409900.32,0.0,15758152.81,10000000.0,0.6005375347816853,-0.1726533871298348,Flagged for Review
C1662896538,C2022794173,TRANSFER,10000000.0,0.0,0.0,20000000.0,33462473.61,0.0,13462473.61,10000000.0,0.49999997500000126,-0.1726533871298348,Flagged for Review
C649278707,C1062258222,TRANSFER,10000000.0,0.0,0.0,10000000.0,51127794.32,0.0,41127794.32,10000000.0,0.99999990000001,-0.17218270726805707,Flagged for Review
C1044632055,C1447521302,TRANSFER,10000000.0,0.0,0.0,10333289.54,38954860.53,0.0,28621570.990000002,10000000.0,0.9677459432007803,-0.1714570301113797,Flagged for Review
C952906129,C2065813371,TRANSFER,10000000.0,0.0,0.0,20000000.0,32749293.49,0.0,12749293.489999998,10000000.0,0.49999997500000126,-0.17120183871641803,Flagged for Review
C1417797790,C506614484,TRANSFER,10000000.0,77352.0,0.0,0.0,43236339.28,77352.0,43236339.28,129.27746823006217,10000000.0,-0.17055217386870503,Flagged for Review
C1814263362,C1346061232,TRANSFER,10000000.0,0.0,0.0,10602665.6,30501918.95,0.0,19899253.35,10000000.0,0.9431589596526595,-0.17047704601705804,Flagged for Review
C2021117256,C1693991768,TRANSFER,10000000.0,0.0,0.0,10006882.0,43673802.21,0.0,33666920.21,10000000.0,0.9993121734310274,-0.17036974109655356,Flagged for Review
C1383490667,C1830831137,TRANSFER,10000000.0,0.0,0.0,10057240.33,37426288.08,0.0,27369047.75,10000000.0,0.9943084462108657,-0.17036974109655356,Flagged for Review
C1762662289,C829521254,TRANSFER,10000000.0,0.0,0.0,10000000.0,32902015.33,0.0,22902015.33,10000000.0,0.99999990000001,-0.16964569870652657,Flagged for Review
C775087293,C295697211,TRANSFER,10000000.0,0.0,0.0,10000000.0,35109132.79,0.0,25109132.79,10000000.0,0.99999990000001,-0.16964569870652657,Flagged for Review
C672589479,C414346328,TRANSFER,10000000.0,0.0,0.0,10000000.0,34248011.82,0.0,24248011.82,10000000.0,0.99999990000001,-0.16964569870652657,Flagged for Review
C1443870395,C2065813371,TRANSFER,10000000.0,0.0,0.0,10000000.0,32749293.49,0.0,22749293.49,10000000.0,0.99999990000001,-0.16964569870652657,Flagged for Review
C178355948,C1120079326,TRANSFER,10000000.0,0.0,0.0,10000000.0,34728680.2,0.0,24728680.200000003,10000000.0,0.99999990000001,-0.16964569870652657,Flagged for Review
C1408129299,C402098544,TRANSFER,10000000.0,0.0,0.0,30000000.0,40664589.0,0.0,10664589.0,10000000.0,0.3333333222222226,-0.16939108219307808,Flagged for Review
C444867826,C1180814325,TRANSFER,10000000.0,258.0,0.0,0.0,50880890.87,258.0,50880890.87,38610.03861003861,10000000.0,-0.16879650174632277,Flagged for Review
C1902486418,C557285611,TRANSFER,10000000.0,0.0,0.0,20000000.0,31225074.62,0.0,11225074.620000001,10000000.0,0.49999997500000126,-0.16794541442205202,Flagged for Review
C238657648,C1621470011,TRANSFER,4712289.7,0.0,0.0,22737108.49,38888037.2,0.0,16150928.710000005,4712289.7,0.2072510449084353,-0.16794541442205202,Flagged for Review
C565902925,C875815960,TRANSFER,10000000.0,0.0,0.0,21135562.8,32540042.29,0.0,11404479.489999998,10000000.0,0.47313618385708733,-0.16794541442205202,Flagged for Review
C1918632335,C2035186989,TRANSFER,10000000.0,1164.0,0.0,0.0,44267165.01,1164.0,44267165.01,8583.690987124464,10000000.0,-0.16771281045094522,Flagged for Review
C1409505370,C206918977,TRANSFER,10000000.0,105811.0,0.0,0.0,21305352.39,105811.0,21305352.39,94.5072392545269,10000000.0,-0.1676592620894024,Flagged for Review
C1440084225,C439737079,TRANSFER,53957543.97,0.0,0.0,92455112.62,146412656.59,0.0,53957543.97,53957543.97,0.5836080002212861,-0.1675844048450975,Flagged for Review
C1495660404,C735186749,TRANSFER,41708576.34,0.0,0.0,153439348.79,195147925.13,0.0,41708576.34,41708576.34,0.2718245117506243,-0.16722355806751732,Flagged for Review
C1893435637,C1960080758,TRANSFER,26515441.12,0.0,0.0,158945384.01,185460825.13,0.0,26515441.120000005,26515441.12,0.16682108208635182,-0.16722355806751732,Flagged for Review
C1275690114,C707403537,TRANSFER,48464778.69,0.0,0.0,262940122.72,311404901.41,0.0,48464778.69000003,48464778.69,0.18431868824101275,-0.16722355806751732,Flagged for Review
C1074377018,C1773865133,TRANSFER,10000000.0,0.0,0.0,10000000.0,30340022.05,0.0,20340022.05,10000000.0,0.99999990000001,-0.16711668787027678,Flagged for Review
C1500794639,C2022794173,TRANSFER,10000000.0,7929.0,0.0,0.0,33462473.61,7929.0,33462473.61,1261.034047919294,10000000.0,-0.16699116383734258,Flagged for Review
C1408116717,C926435744,TRANSFER,53670510.99,0.0,0.0,79131007.93,132801518.92,0.0,53670510.989999995,53670510.99,0.6782487891374848,-0.16686287401589595,Flagged for Review
C292509222,C5428896,TRANSFER,10000000.0,0.0,0.0,10715707.38,26609126.7,0.0,15893419.319999998,10000000.0,0.933209419795726,-0.16686287401589595,Flagged for Review
C1475793899,C112931567,TRANSFER,44528076.23,0.0,0.0,77836684.77,122364761.0,0.0,44528076.230000004,44528076.23,0.5720705575976889,-0.16686287401589595,Flagged for Review
C1185186163,C483714115,TRANSFER,10000000.0,0.0,0.0,20042769.02,30908923.8,0.0,10866154.780000001,10000000.0,0.4989330312138162,-0.1665023526168513,Flagged for Review
C134893940,C700613074,TRANSFER,10000000.0,153.0,0.0,0.0,29518009.22,153.0,29518009.22,64935.06493506493,10000000.0,-0.16590991382370124,Flagged for Review
C812415403,C471948321,TRANSFER,43458810.55,0.0,0.0,100497539.89,143956350.44,0.0,43458810.55,43458810.55,0.43243655680657916,-0.1657817974831285,Flagged for Review
C1159674484,C255260104,TRANSFER,31925168.1,0.0,0.0,34527072.51,66452240.61,0.0,31925168.1,31925168.1,0.924641588600134,-0.1657817974831285,Flagged for Review
C320268178,C767893578,TRANSFER,28389755.25,0.0,0.0,30388318.09,58778073.34,0.0,28389755.250000004,28389755.25,0.9342324978857526,-0.1657817974831285,Flagged for Review
C272285295,C327228204,TRANSFER,10000000.0,1357.0,0.0,0.0,23017037.35,1357.0,23017037.35,7363.7702503681885,10000000.0,-0.16554982216761316,Flagged for Review
C1696224835,C153954391,TRANSFER,27484575.99,0.0,0.0,38947405.64,66431981.63,0.0,27484575.990000002,27484575.99,0.7056843667165409,-0.16542176360185135,Flagged for Review
C269790788,C190846093,TRANSFER,19602560.22,0.0,0.0,33133144.52,52735704.74,0.0,19602560.220000003,19602560.22,0.5916299195972021,-0.16542176360185135,Flagged for Review
C419316563,C172409641,TRANSFER,26901118.7,0.0,0.0,41286707.29,68187825.99,0.0,26901118.699999996,26901118.7,0.6515685026533269,-0.16542176360185135,Flagged for Review
C621718350,C463981805,TRANSFER,28976537.92,0.0,0.0,45784920.08,74761458.0,0.0,28976537.92,28976537.92,0.6328838673625601,-0.16542176360185135,Flagged for Review
C1634248278,C1487890981,TRANSFER,24072184.13,0.0,0.0,47070380.59,71142564.72,0.0,24072184.129999995,24072184.13,0.5114083063884505,-0.16542176360185135,Flagged for Review
C1697395210,C1799942601,TRANSFER,43886668.1,0.0,0.0,51027654.94,94914323.04,0.0,43886668.10000001,43886668.1,0.8600565182065858,-0.16542176360185135,Flagged for Review
C1633788245,C1080881110,TRANSFER,33069661.46,0.0,0.0,70736569.52,103806230.98,0.0,33069661.46000001,33069661.46,0.4675044494933482,-0.1650618920799527,Flagged for Review
C854457276,C1728379064,TRANSFER,10000000.0,101104.0,0.0,0.0,17572808.81,101104.0,17572808.81,98.90707680134514,10000000.0,-0.16477677045589478,Flagged for Review
C300728122,C672506150,TRANSFER,10000000.0,32245.0,0.0,0.0,17519879.44,32245.0,17519879.44,310.11598337778327,10000000.0,-0.1644705212190618,Flagged for Review
C593192810,C2060657315,TRANSFER,10000000.0,30495.0,0.0,0.0,17623527.77,30495.0,17623527.77,327.9118572927597,10000000.0,-0.1644705212190618,Flagged for Review
C1889129688,C2042008185,TRANSFER,19687174.16,0.0,0.0,83430124.0,103117298.16,0.0,19687174.159999996,19687174.16,0.235972008432206,-0.16434263582145658,Flagged for Review
C1028613912,C497412825,TRANSFER,16655351.15,0.0,0.0,29003469.5,45658820.65,0.0,16655351.149999999,16655351.15,0.5742537311181433,-0.16434263582145658,Flagged for Review
C50633307,C1807958316,TRANSFER,17879364.61,0.0,0.0,30218422.13,48097786.74,0.0,17879364.610000003,17879364.61,0.5916709992802328,-0.16434263582145658,Flagged for Review
C1385331403,C198502413,TRANSFER,18473521.39,0.0,0.0,47515932.39,65989453.78,0.0,18473521.39,18473521.39,0.3887858255539995,-0.16362402812230092,Flagged for Review
C949619548,C2144772289,TRANSFER,10000000.0,0.0,0.0,10053145.19,26359576.14,0.0,16306430.950000001,10000000.0,0.9947134768563433,-0.16351763888562687,Flagged for Review
C1833977627,C217204867,TRANSFER,10000000.0,0.0,0.0,10387706.49,24978173.78,0.0,14590467.290000001,10000000.0,0.9626763181025999,-0.1631586260398743,Flagged for Review
C254616274,C1768641212,TRANSFER,25558261.26,0.0,0.0,27123255.52,52681516.78,0.0,25558261.26,25558261.26,0.9423006135400441,-0.1631475823480646,Flagged for Review
C573837343,C1939579059,TRANSFER,23952715.38,0.0,0.0,26266425.33,50219140.71,0.0,23952715.380000003,23952715.38,0.9119137517631238,-0.1631475823480646,Flagged for Review
C1463049424,C2098154505,TRANSFER,14256676.95,0.0,0.0,83065947.59,97322624.54,0.0,14256676.950000003,14256676.95,0.17163082095611326,-0.1629060683976744,Flagged for Review
C2120715360,C190688669,TRANSFER,16792413.19,0.0,0.0,28094052.32,44886465.52,0.0,16792413.200000003,16792413.19,0.5977212685805496,-0.1629060683976744,Flagged for Review
C1337073142,C1834107582,TRANSFER,15642925.24,0.0,0.0,33115055.03,48757980.28,0.0,15642925.25,15642925.24,0.4723810591118604,-0.1629060683976744,Flagged for Review
C1008665317,C1713360915,TRANSFER,20733281.87,0.0,0.0,26500693.97,47233975.84,0.0,20733281.870000005,20733281.87,0.7823674772858231,-0.16278873638146596,Flagged for Review
C1135686392,C592083555,TRANSFER,17249625.92,0.0,0.0,41378918.17,58628544.09,0.0,17249625.92,17249625.92,0.41686990056777745,-0.1625473313432002,Flagged for Review
C948631322,C1628178987,TRANSFER,14990858.1,0.0,0.0,44002975.72,58993833.83,0.0,14990858.11,14990858.1,0.3406782726402788,-0.1625473313432002,Flagged for Review
C1583813909,C580792838,TRANSFER,16419838.01,0.0,0.0,49444233.29,65864071.3,0.0,16419838.009999998,16419838.01,0.33208802291677675,-0.1625473313432002,Flagged for Review
C452313985,C1423993131,TRANSFER,15354822.43,0.0,0.0,29616106.09,44970928.52,0.0,15354822.430000003,15354822.43,0.5184618756050021,-0.1625473313432002,Flagged for Review
C366543365,C1710065704,TRANSFER,10000000.0,94264.0,0.0,0.0,15919800.17,94264.0,15919800.17,106.08391237468838,10000000.0,-0.1622631085432359,Flagged for Review
C2111010869,C2020105856,TRANSFER,10000000.0,0.0,0.0,20000000.0,30556958.12,0.0,10556958.120000001,10000000.0,0.49999997500000126,-0.16218875606329297,Flagged for Review
C649761430,C1795525023,TRANSFER,13482227.01,0.0,0.0,37677361.07,51159588.08,0.0,13482227.009999998,13482227.01,0.3578336239397983,-0.16218875606329297,Flagged for Review
C1176721103,C47964729,TRANSFER,10000000.0,0.0,0.0,10000000.0,23943659.45,0.0,13943659.45,10000000.0,0.99999990000001,-0.16208255860423237,Flagged for Review
C1457410685,C347631601,TRANSFER,10000000.0,0.0,0.0,10062431.48,24643609.24,0.0,14581177.759999998,10000000.0,0.9937954883052293,-0.16208255860423237,Flagged for Review
C1207926266,C1318632519,TRANSFER,10000000.0,0.0,0.0,10443506.86,23961499.97,0.0,13517993.11,10000000.0,0.9575326733176798,-0.16208255860423237,Flagged for Review
C1977277368,C746843102,TRANSFER,10000000.0,0.0,0.0,10058382.8,25029794.77,0.0,14971411.969999999,10000000.0,0.9941955088251851,-0.16208255860423237,Flagged for Review
C754244377,C1725796980,TRANSFER,10000000.0,0.0,0.0,10000000.0,24478537.78,0.0,14478537.780000001,10000000.0,0.99999990000001,-0.16208255860423237,Flagged for Review
C1337095054,C100741938,TRANSFER,10000000.0,11078.0,0.0,0.0,17400784.38,11078.0,17400784.38,902.6085386767759,10000000.0,-0.16195782473367848,Flagged for Review
C2004954476,C1118521816,TRANSFER,10000000.0,9871.0,0.0,0.0,17350978.53,9871.0,17350978.53,1012.9659643435981,10000000.0,-0.16195782473367848,Flagged for Review
C1667943708,C1883840933,TRANSFER,12147741.41,0.0,0.0,89830154.95,101977896.36,0.0,12147741.409999996,12147741.41,0.13523010487437542,-0.1618303424849995,Flagged for Review
C1155959239,C1178497894,TRANSFER,14183076.01,0.0,0.0,54819654.99,69002731.0,0.0,14183076.009999998,14183076.01,0.2587224555474632,-0.16147209053539946,Flagged for Review
C920820268,C1723015419,TRANSFER,10000000.0,0.0,0.0,10083472.84,23451566.54,0.0,13368093.7,10000000.0,0.991721717998725,-0.1613659888354695,Flagged for Review
C87810734,C843286252,TRANSFER,10000000.0,0.0,0.0,31142172.6,41327689.17,0.0,10185516.57,10000000.0,0.3211079653091395,-0.1611140001416056,Flagged for Review
C213524422,C1670059528,TRANSFER,10000000.0,0.0,0.0,10000000.0,23186133.16,0.0,13186133.16,10000000.0,0.99999990000001,-0.16100794628885595,Flagged for Review
C2144190304,C1712998956,TRANSFER,21137131.93,0.0,0.0,21754128.98,42891260.92,0.0,21137131.94,21137131.93,0.9716376591218657,-0.16063905632620035,Flagged for Review
C435736627,C605301468,TRANSFER,14124818.58,0.0,0.0,30374003.48,44498822.06,0.0,14124818.580000002,14124818.58,0.4650298444941824,-0.1603983037300507,Flagged for Review
C2031260847,C483287972,TRANSFER,10958178.21,0.0,0.0,56300632.11,67258810.32,0.0,10958178.209999993,10958178.21,0.19463685583410664,-0.1603983037300507,Flagged for Review
C225873254,C177099137,TRANSFER,19374533.85,0.0,0.0,23537264.17,42911798.03,0.0,19374533.86,19374533.85,0.823142948429467,-0.1602813415940415,Flagged for Review
C747770450,C1595487508,TRANSFER,18049592.66,0.0,0.0,26862411.83,44912004.48,0.0,18049592.65,18049592.66,0.6719274539568604,-0.1602813415940415,Flagged for Review
C541227973,C8271807,TRANSFER,19548290.53,0.0,0.0,20024804.3,39573094.83,0.0,19548290.529999997,19548290.53,0.9762037751248448,-0.1602813415940415,Flagged for Review
C667907183,C877180140,TRANSFER,19739262.59,0.0,0.0,22097676.45,41836939.04,0.0,19739262.59,19739262.59,0.8932731792589361,-0.1602813415940415,Flagged for Review
C589903611,C925261249,TRANSFER,19781793.51,0.0,0.0,21594820.27,41376613.78,0.0,19781793.51,19781793.51,0.9160434005296123,-0.1602813415940415,Flagged for Review
C1718326538,C1005727931,TRANSFER,15378502.01,0.0,0.0,27124595.34,42503097.35,0.0,15378502.010000002,15378502.01,0.5669578200255717,-0.1599237881754274,Flagged for Review
C1867706604,C1002776725,TRANSFER,16944008.09,0.0,0.0,26715791.28,43659799.37,0.0,16944008.089999996,16944008.09,0.6342319146823371,-0.1599237881754274,Flagged for Review
C1851498352,C1918966287,TRANSFER,14452026.19,0.0,0.0,21810701.01,36262727.21,0.0,14452026.2,14452026.19,0.6626116932583775,-0.15885209507356468,Flagged for Review
C2001136456,C330690091,TRANSFER,16964304.22,0.0,0.0,25125684.74,42089988.96,0.0,16964304.220000003,16964304.22,0.6751777601433934,-0.15885209507356468,Flagged for Review
C171534619,C418757497,TRANSFER,17234739.13,0.0,0.0,21302691.26,38537430.39,0.0,17234739.13,17234739.13,0.8090404217293048,-0.15885209507356468,Flagged for Review
C1012279693,C1332133484,TRANSFER,9577087.13,0.0,0.0,33938132.93,43515220.06,0.0,9577087.130000003,9577087.13,0.28219250798389434,-0.1586118848319753,Flagged for Review
C1570343644,C2128684816,TRANSFER,10000000.0,500067.0,0.0,56425.13,30759565.57,500067.0,30703140.44,19.9972803698697,177.2228575661666,-0.15861085269130548,Flagged for Review
C595106415,C2056635572,TRANSFER,14833415.54,0.0,0.0,23295050.97,38128466.51,0.0,14833415.54,14833415.54,0.6367625004272528,-0.15849518618200475,Flagged for Review
C738044522,C1352040365,TRANSFER,12464745.56,0.0,0.0,23486908.23,35951653.8,0.0,12464745.569999997,12464745.56,0.5307103390206273,-0.15778185117674193,Flagged for Review
C902943739,C927081695,TRANSFER,10000000.0,29889.0,0.0,0.0,14602127.71,29889.0,14602127.71,334.5600535296086,10000000.0,-0.15766875985204742,Flagged for Review
C1040035686,C2060100728,TRANSFER,8156574.8,0.0,0.0,48637995.69,56794570.48,0.0,8156574.789999999,8156574.8,0.1676996454436002,-0.15754196576125445,Flagged for Review
C64088788,C449049752,TRANSFER,10000000.0,0.0,0.0,20075318.52,30231467.45,0.0,10156148.93,10000000.0,0.4981240766821927,-0.15718564768014875,Flagged for Review
C1324396591,C516266216,TRANSFER,14881053.0,0.0,0.0,20199137.91,35080190.91,0.0,14881052.999999996,14881053.0,0.7367171970203555,-0.1570691593915764,Flagged for Review
C1757506738,C1914562959,TRANSFER,17901982.98,0.0,0.0,18906238.17,36808221.16,0.0,17901982.989999995,17901982.98,0.9468822867959096,-0.1570691593915764,Flagged for Review
C1767466286,C169893424,TRANSFER,16766921.7,0.0,0.0,18114586.62,34881508.33,0.0,16766921.709999997,16766921.7,0.9256032790659795,-0.15635711024651133,Flagged for Review
C251005781,C1949855306,TRANSFER,16092688.37,0.0,0.0,16147415.05,32240103.42,0.0,16092688.370000001,16092688.37,0.9966107468940827,-0.15600132648291043,Flagged for Review
C1207793578,C1309566643,TRANSFER,15450012.64,0.0,0.0,18480655.14,33930667.78,0.0,15450012.64,15450012.64,0.8360099621441255,-0.1556457031620726,Flagged for Review
C1876602336,C1410936008,TRANSFER,11196139.9,0.0,0.0,19841446.16,31037586.05,0.0,11196139.89,11196139.9,0.5642804080627353,-0.1556457031620726,Flagged for Review
C1832733859,C71331186,TRANSFER,10000000.0,0.0,0.0,10503375.93,22724683.37,0.0,12221307.440000001,10000000.0,0.952074753352682,-0.15564226521712032,Flagged for Review
C368871468,C159502442,TRANSFER,10392575.36,0.0,0.0,19991449.51,30384024.87,0.0,10392575.36,10392575.36,0.5198509910424703,-0.1552902402116455,Flagged for Review
C63788320,C267622957,TRANSFER,8666411.0,0.0,0.0,26196832.47,34863243.46,0.0,8666410.990000002,8666411.0,0.33081902856406564,-0.15493493755930898,Flagged for Review
C1131676367,C2093427509,TRANSFER,10000000.0,0.0,0.0,10000000.0,22491044.36,0.0,12491044.36,10000000.0,0.99999990000001,-0.15457636183681034,Flagged for Review
C1755452506,C407612487,TRANSFER,10000000.0,18912.0,0.0,0.0,13048865.69,18912.0,13048865.69,528.7368476709141,10000000.0,-0.154467161973742,Flagged for Review
C563218010,C88027532,TRANSFER,7439888.87,0.0,0.0,57731125.09,65171013.97,0.0,7439888.879999995,7439888.87,0.1288713623635468,-0.15434088156247794,Flagged for Review
C227685057,C1818898400,TRANSFER,10725661.53,0.0,0.0,22093699.06,32819360.59,0.0,10725661.530000001,10725661.53,0.48546243955843765,-0.15422481285979106,Flagged for Review
C763990373,C260775925,TRANSFER,9533450.43,0.0,0.0,25170567.78,34704018.2,0.0,9533450.420000002,9533450.43,0.3787538737533447,-0.15386999066813267,Flagged for Review
C2081516112,C37889133,TRANSFER,7620887.77,0.0,0.0,34013665.0,41634552.76,0.0,7620887.759999998,7620887.77,0.22405370153278978,-0.15363129252818497,Flagged for Review
C266143311,C1346061232,TRANSFER,9899253.35,0.0,0.0,20602665.6,30501918.95,0.0,9899253.349999998,9899253.35,0.48048408209449933,-0.153515328485611,Flagged for Review
C519345235,C1988401357,TRANSFER,9662812.38,0.0,0.0,23766591.6,33429403.98,0.0,9662812.379999999,9662812.38,0.406571212904958,-0.153515328485611,Flagged for Review
C1657796291,C37889133,TRANSFER,2384752.06,0.0,0.0,41801949.15,77979801.2,0.0,36177852.050000004,2384752.06,0.05704882311573208,-0.15316907503095156,Flagged for Review
C1077209587,C357261742,TRANSFER,9848266.85,0.0,0.0,19943924.4,29792191.25,0.0,9848266.850000001,9848266.85,0.49379781825698166,-0.15280648385938222,Flagged for Review
C1185795890,C1658346936,TRANSFER,10000000.0,0.0,0.0,10000000.0,21414574.43,0.0,11414574.43,10000000.0,0.99999990000001,-0.15244887725461553,Flagged for Review
C1598987031,C1914138739,TRANSFER,11506304.11,0.0,0.0,15944315.16,27450619.27,0.0,11506304.11,11506304.11,0.7216555413562497,-0.15209827840423873,Flagged for Review
C1464026182,C1313582591,TRANSFER,12731933.46,0.0,0.0,15896787.23,28628720.69,0.0,12731933.46,12731933.46,0.8009123148519165,-0.15209827840423873,Flagged for Review
C1945637967,C1263196799,TRANSFER,10000000.0,0.0,0.0,10576302.98,21276280.7,0.0,10699977.719999999,10000000.0,0.9455098887957644,-0.1518458097156694,Flagged for Review
C1632653688,C95941909,TRANSFER,10000000.0,0.0,0.0,10000000.0,21301896.65,0.0,11301896.649999999,10000000.0,0.99999990000001,-0.15174099425631682,Flagged for Review
C278026796,C252499176,TRANSFER,10000000.0,391471.0,0.0,2261090.83,18038005.84,391471.0,15776915.01,25.544611108840478,4.422642135680088,-0.15145903195780908,Flagged for Review
C356264158,C609116570,TRANSFER,3215124.54,0.0,0.0,0.0,7311992.0,0.0,7311992.0,3215124.54,3215124.54,-0.15092504114396366,Flagged for Review
C477888892,C2024641285,TRANSFER,8411339.83,0.0,0.0,20497048.07,28908387.9,0.0,8411339.829999998,8411339.83,0.4103683316205282,-0.1506837827023434,Flagged for Review
C217746745,C937733035,TRANSFER,10000000.0,0.0,0.0,10174250.25,21115595.33,0.0,10941345.079999998,10000000.0,0.982873309718983,-0.1506803663989421,Flagged for Review
C447105342,C1841453745,TRANSFER,8667898.78,0.0,0.0,15803810.47,24569308.0,0.0,8765497.53,8667898.78,0.5484688802099459,-0.15033055735888656,Flagged for Review
C1367964333,C2107309191,TRANSFER,13702487.69,0.0,0.0,15314668.92,29017156.6,0.0,13702487.680000002,13702487.69,0.8947295476545275,-0.15032220036831845,Flagged for Review
C126360174,C580102695,TRANSFER,14058328.87,0.0,0.0,15191075.39,29249404.26,0.0,14058328.870000001,14058328.87,0.9254333602886977,-0.149969138082524,Flagged for Review
C2056387056,C2121530467,TRANSFER,10000000.0,295002.0,0.0,345734.58,19346069.61,295002.0,19000335.03,33.897960359725154,28.92383826969732,-0.1497389539966396,Flagged for Review
C1008919530,C885587073,TRANSFER,12876234.06,0.0,0.0,15372142.95,28248377.01,0.0,12876234.060000002,12876234.06,0.8376342364397389,-0.14961623501222643,Flagged for Review
C1699785789,C576011793,TRANSFER,13692161.89,0.0,0.0,14966974.94,28659136.83,0.0,13692161.889999999,13692161.89,0.9148248747702604,-0.14961623501222643,Flagged for Review
C1037961127,C1727128330,TRANSFER,10079894.57,553104.01,0.0,29134698.61,39214593.19,553104.01,10079894.579999998,18.224196830182393,0.345975579118044,-0.1495241808335238,Flagged for Review
C307624769,C225852166,TRANSFER,5948627.26,0.0,0.0,29631623.26,35580250.53,0.0,5948627.27,5948627.26,0.20075265560214683,-0.14938717483614283,Flagged for Review
C1847233896,C1131110881,TRANSFER,7786480.79,0.0,0.0,25132321.45,32918802.23,0.0,7786480.780000001,7786480.79,0.30981938917467616,-0.14927183677539158,Flagged for Review
C1412427713,C1953598669,TRANSFER,6455185.41,0.0,0.0,29094142.72,35549328.13,0.0,6455185.410000004,6455185.41,0.22187232840135296,-0.14903453420556534,Flagged for Review
C201197151,C74472954,TRANSFER,6375230.3,0.0,0.0,30530308.0,36905538.3,0.0,6375230.299999997,6375230.3,0.20881643549693518,-0.14903453420556534,Flagged for Review
C1979222113,C471722992,TRANSFER,3897447.27,0.0,0.0,7882686.76,23477600.01,0.0,15594913.250000002,3897447.27,0.49443126363285006,-0.14832988372327793,Flagged for Review
C732930506,C1716634207,TRANSFER,7336051.58,0.0,0.0,27107608.95,34443660.53,0.0,7336051.580000002,7336051.58,0.2706270155698474,-0.1482145478547512,Flagged for Review
C1247226697,C1841453745,TRANSFER,5036883.91,0.0,0.0,63976063.41,69012947.32,0.0,5036883.909999996,5036883.91,0.07873075589208474,-0.14762556121977355,Flagged for Review
C1940147217,C14715074,TRANSFER,10000000.0,0.0,0.0,15162976.95,25255024.38,0.0,10092047.43,10000000.0,0.6595010579699485,-0.14750215609738937,Flagged for Review
C473032293,C1999323505,TRANSFER,5297353.38,0.0,0.0,40271065.75,45568419.13,0.0,5297353.380000003,5297353.38,0.13154241512611534,-0.1469220274455928,Flagged for Review
C1986208703,C1942870828,TRANSFER,10000000.0,756738.59,0.0,951774.72,15055156.97,756738.59,14103382.25,13.214585482437888,10.506676930149048,-0.14692101055445705,Flagged for Review
C1277370019,C495637999,TRANSFER,10038469.87,0.0,0.0,14812334.01,24850803.88,0.0,10038469.87,10038469.87,0.677710155976279,-0.14679873359863216,Flagged for Review
C728546081,C1618657103,TRANSFER,10000000.0,79667.0,0.0,0.0,11446378.35,79667.0,11446378.35,125.5209117839032,10000000.0,-0.1466326447799584,Flagged for Review
C1425416606,C1094649005,TRANSFER,7537559.71,0.0,0.0,20964150.03,28501709.74,0.0,7537559.709999997,7537559.71,0.3595451921336401,-0.14645557586967062,Flagged for Review
C849600091,C1530771520,TRANSFER,8914994.66,0.0,0.0,15330956.78,24245951.44,0.0,8914994.660000002,8914994.66,0.5815027859270512,-0.14644726024072707,Flagged for Review
C1948457198,C1965341080,TRANSFER,8936423.22,0.0,0.0,14660241.13,23596664.35,0.0,8936423.22,8936423.22,0.6095685965317682,-0.14609594538178272,Flagged for Review
C1084438553,C1179014384,TRANSFER,10000000.0,103023.0,0.0,9675243.29,25223550.4,103023.0,15548307.11,97.06476160894549,1.033565634134495,-0.14485656504342226,Flagged for Review
C967230243,C1971253034,TRANSFER,10000000.0,45351.0,0.0,7225.35,37245643.43,45351.0,37238418.08,220.49744222967013,1383.8244757035018,-0.14479309311698163,Flagged for Review
C1802822382,C1028728159,TRANSFER,10492910.05,0.0,0.0,13927666.86,24502923.31,0.0,10575256.45,10492910.05,0.753386005142716,-0.14467809197096826,Flagged for Review
C1835952163,C1784564645,TRANSFER,10367319.82,552322.68,0.0,22702042.68,33069362.5,552322.68,10367319.82,18.770369975808386,0.45666901033819174,-0.14448616270206527,Flagged for Review
C1859668732,C291084293,TRANSFER,10000000.0,41.0,0.0,4958.07,22326428.14,41.0,22321470.07,238095.2380952381,2016.5071273444416,-0.14432907269376583,Flagged for Review
C1013780804,C1246973714,TRANSFER,4665041.6,0.0,0.0,86892814.66,91557856.26,0.0,4665041.600000009,4665041.6,0.05368731079280116,-0.14376396768807376,Flagged for Review
C2572577,C798574435,TRANSFER,6316587.21,0.0,0.0,22163129.46,28479716.67,0.0,6316587.210000001,6316587.21,0.28500428770205416,-0.143299405842377,Flagged for Review
C1653541847,C280577789,TRANSFER,6202583.72,0.0,0.0,22057383.02,28259966.74,0.0,6202583.719999999,6202583.72,0.28120214592881715,-0.143299405842377,Flagged for Review
C367663811,C384493593,TRANSFER,10754348.15,0.0,0.0,12147486.56,22901834.72,0.0,10754348.159999998,10754348.15,0.8853146049239502,-0.14327697192332112,Flagged for Review
C2132967188,C683642333,TRANSFER,11269729.01,0.0,0.0,14548246.14,25936136.17,0.0,11387890.030000001,11269729.01,0.7746451446383663,-0.14327697192332112,Flagged for Review
C2068720585,C1221021157,TRANSFER,11632984.38,0.0,0.0,12365067.48,23998051.85,0.0,11632984.370000001,11632984.38,0.9407941734262033,-0.14327697192332112,Flagged for Review
C1885765280,C1295055215,TRANSFER,10962524.01,0.0,0.0,13213844.69,24176368.69,0.0,10962524.000000002,10962524.01,0.829624037330498,-0.14292708672438326,Flagged for Review
C798942429,C942006847,TRANSFER,11319302.05,0.0,0.0,12495720.08,23815022.13,0.0,11319302.049999999,11319302.05,0.9058542502294714,-0.14292708672438326,Flagged for Review
C1631045730,C464345779,TRANSFER,11207372.93,0.0,0.0,12354887.08,23562260.01,0.0,11207372.930000002,11207372.93,0.907120554830635,-0.14292708672438326,Flagged for Review
C1220505915,C845355332,TRANSFER,11997957.55,0.0,0.0,12447196.39,24445153.94,0.0,11997957.55,11997957.55,0.9639083541520024,-0.14292708672438326,Flagged for Review
C1627584667,C1365136115,TRANSFER,10735210.14,0.0,0.0,14112532.98,24847743.11,0.0,10735210.129999999,10735210.14,0.7606862208596786,-0.14292708672438326,Flagged for Review
C11474557,C1602318602,TRANSFER,11676055.13,0.0,0.0,12130472.1,23806527.23,0.0,11676055.13,11676055.13,0.9625391387249357,-0.14292708672438326,Flagged for Review
C2111526760,C765357438,TRANSFER,7092286.59,0.0,0.0,17164489.54,24256776.13,0.0,7092286.59,7092286.59,0.41319528671545414,-0.1425997729984213,Flagged for Review
C1812465274,C628607056,TRANSFER,7323627.81,0.0,0.0,18139455.27,25463083.08,0.0,7323627.809999999,7323627.81,0.40374020593507015,-0.1425997729984213,Flagged for Review
C1007366902,C1457170391,TRANSFER,11113103.25,0.0,0.0,12932981.57,24046084.82,0.0,11113103.25,11113103.25,0.8592838650984125,-0.14257735930821647,Flagged for Review
C1145569778,C1777096466,TRANSFER,12157895.81,0.0,0.0,14052285.48,26210181.29,0.0,12157895.809999999,12157895.81,0.865189862682048,-0.14257735930821647,Flagged for Review
C1482404821,C893038039,TRANSFER,10593229.37,0.0,0.0,12967896.55,23561125.92,0.0,10593229.370000001,10593229.37,0.8168810193908417,-0.14257735930821647,Flagged for Review
C910311413,C1847853864,TRANSFER,10483850.34,0.0,0.0,12445303.31,22929153.65,0.0,10483850.339999998,10483850.34,0.8423940531189791,-0.14257735930821647,Flagged for Review
C27202733,C1497180663,TRANSFER,12007325.5,164401.1,0.0,130022300.91,142029626.41,164401.1,12007325.5,73.03632678657998,0.09234819968278471,-0.14257278166481502,Flagged for Review
C1964950483,C131837504,TRANSFER,4929980.18,0.0,0.0,37885856.86,42815837.05,0.0,4929980.189999998,4929980.18,0.13012718883700103,-0.14236449544408458,Flagged for Review
C27279038,C369716274,TRANSFER,10000000.0,352363.0,0.0,436219.87,13674279.87,352363.0,13238060.0,28.379743674155137,22.924166833191634,-0.14236348449829428,Flagged for Review
C309123290,C1058865405,TRANSFER,11359293.0,0.0,0.0,11716964.81,23076257.81,0.0,11359292.999999998,11359293.0,0.9694739392603894,-0.14222778960366766,Flagged for Review
C1799095850,C929095108,TRANSFER,11115460.68,0.0,0.0,11828320.83,22943781.51,0.0,11115460.680000002,11115460.68,0.9397326890284655,-0.14222778960366766,Flagged for Review
C1571304701,C1846845107,TRANSFER,6196535.6,0.0,0.0,20347963.07,26544498.67,0.0,6196535.6000000015,6196535.6,0.30452853065215774,-0.14190077101921028,Flagged for Review
C1454405048,C705505175,TRANSFER,9315414.55,0.0,0.0,12291750.03,21607164.58,0.0,9315414.549999999,9315414.55,0.7578590330429107,-0.14187837753961596,Flagged for Review
C2093074558,C2138508873,TRANSFER,8493468.31,0.0,0.0,13095743.54,21589211.85,0.0,8493468.310000002,8493468.31,0.648567042832679,-0.14187837753961596,Flagged for Review
C2132392774,C936988066,TRANSFER,9435624.71,0.0,0.0,13773658.62,23209283.33,0.0,9435624.709999999,9435624.71,0.685048488950535,-0.14187837753961596,Flagged for Review
C1609748393,C73279773,TRANSFER,10000000.0,3850.0,0.0,170580.69,39801819.53,3850.0,39631238.84,2596.7281225655674,58.62293895669576,-0.14169546584253778,Flagged for Review
C1150229199,C1412774833,TRANSFER,10000000.0,81107.0,0.0,173696.53,24819164.92,81107.0,24645468.39,123.29240025644819,57.57134255161832,-0.14164365828808645,Flagged for Review
C1382079958,C1154991685,TRANSFER,10000000.0,1711.0,0.0,0.0,11259152.29,1711.0,11259152.29,5841.121495327103,10000000.0,-0.1415324917541272,Flagged for Review
C827964792,C598269363,TRANSFER,9040133.84,0.0,0.0,11844106.85,20884240.68,0.0,9040133.83,9040133.84,0.7632600069578056,-0.14152912304497234,Flagged for Review
C248780738,C170428357,TRANSFER,10000000.0,259.0,0.0,124465.46,66834206.04,259.0,66709740.58,38461.53846153846,80.3429293321269,-0.1413462938329908,Flagged for Review
C2070278904,C789276315,TRANSFER,5528800.5,0.0,0.0,20050126.0,25419321.87,0.0,5369195.870000001,5528800.5,0.2757489017401236,-0.14131654702759822,Flagged for Review
C1635008829,C1179014384,TRANSFER,5548307.11,0.0,0.0,19675243.29,25223550.4,0.0,5548307.109999999,5548307.11,0.28199431876024755,-0.14120239933588785,Flagged for Review
C552313381,C1094712572,TRANSFER,10206535.84,0.0,0.0,11559412.32,21765948.16,0.0,10206535.84,10206535.84,0.8829631364024969,-0.14118002604867996,Flagged for Review
C366292501,C449049752,TRANSFER,4771237.47,0.0,0.0,30399273.67,35170511.13,0.0,4771237.460000001,4771237.47,0.15695234579753214,-0.14096754589370075,Flagged for Review
C1140276643,C891778015,TRANSFER,8286690.68,0.0,0.0,11643789.23,19916186.97,0.0,8272397.739999998,8286690.68,0.7116832677601406,-0.1408310864797142,Flagged for Review
C1581946552,C439130344,TRANSFER,10000000.0,21063.0,0.0,744236.22,42602393.69,21063.0,41858157.47,474.743638435245,13.436576042246315,-0.1406484221263512,Flagged for Review
C1779145777,C1388392914,TRANSFER,10000000.0,251677.0,0.0,717969.3,14404599.93,251677.0,13686630.629999999,39.73331002312479,13.928152738351432,-0.14061769347551434,Flagged for Review
C1421599061,C163858169,TRANSFER,10000000.0,51718.0,0.0,710789.22,29054003.89,51718.0,28343214.67,193.35253968560878,14.068848611901274,-0.14059668462905417,Flagged for Review
C1673038277,C552268766,TRANSFER,6827455.66,0.0,0.0,18476771.68,25304227.34,0.0,6827455.66,6827455.66,0.36951559551253843,-0.14050465738011098,Flagged for Review
C963404463,C14715074,TRANSFER,10000000.0,27567.0,0.0,5162976.95,25255024.38,27567.0,20092047.43,362.73940800928614,1.936866687567395,-0.14047569968728546,Flagged for Review
C2370710,C405284128,TRANSFER,10000000.0,159479.0,0.0,1838351.83,17628258.59,159479.0,15789906.76,62.70378730875345,5.439652191249924,-0.14032563175133017,Flagged for Review
C1855165202,C1928543922,TRANSFER,10000000.0,701.0,0.0,2551.53,31889337.79,701.0,31886786.259999998,14245.014245014245,3917.6816726933666,-0.1396027942828877,Flagged for Review
C978320310,C2066539147,TRANSFER,10000000.0,20201.0,0.0,22631.35,20860998.12,20201.0,20838366.77,495.000495000495,441.8454115458625,-0.1396027942828877,Flagged for Review
C2077769384,C36103178,TRANSFER,10000000.0,94974.0,0.0,746942.05,21501180.9,94974.0,20754238.849999998,105.29086601737299,13.387901527432378,-0.13955112674800962,Flagged for Review
C475879190,C1395082788,TRANSFER,10000000.0,23441041.46,13441041.46,0.0,0.0,10000000.0,0.0,0.4266021878960412,10000000.0,-0.13942434231897394,Flagged for Review
C532562076,C17268656,TRANSFER,9956557.06,611674.0,0.0,0.0,9956557.06,611674.0,9956557.06,16.277528197163527,9956557.06,-0.1392854530451193,Flagged for Review
C1328583658,C757057117,TRANSFER,10000000.0,84831.0,0.0,1513375.04,27555586.08,84831.0,26042211.04,117.88004526593738,6.607743043163284,-0.13925946789129096,Flagged for Review
C333144562,C1916384770,TRANSFER,10000000.0,5023.0,0.0,248801.29,29889835.72,5023.0,29641034.43,1990.4458598726114,40.192556105492436,-0.13925456597578534,Flagged for Review
C1014851573,C2107410367,TRANSFER,20750052.09,34596.57,0.0,29213914.49,49963966.58,34596.57,20750052.09,599.7546096445502,0.710279732858911,-0.1390274281726015,Flagged for Review
C273867240,C1361790563,TRANSFER,10000000.0,9969.0,0.0,119617.27,24511908.45,9969.0,24392291.18,1003.0090270812437,83.59926957646185,-0.1389064947042692,Flagged for Review
C1591824212,C992788648,TRANSFER,10000000.0,11470.0,0.0,105221.44,25005969.77,11470.0,24900748.33,871.7635777177229,95.03676212032339,-0.1389064947042692,Flagged for Review
C597861526,C295081230,TRANSFER,8563439.87,0.0,0.0,10883766.77,19447206.63,0.0,8563439.86,8563439.87,0.7868083967763674,-0.13879236437585196,Flagged for Review
C768237950,C1523498459,TRANSFER,10000000.0,11438.0,0.0,0.0,10925859.18,11438.0,10925859.18,874.2022904100008,10000000.0,-0.1387441076416276,Flagged for Review
C779675782,C1866687931,TRANSFER,10000000.0,40183.0,0.0,2939713.94,21831738.82,40183.0,18892024.88,248.85526577742385,3.401690369339008,-0.1386825519499696,Flagged for Review
C1275818678,C1071865192,TRANSFER,10000000.0,21768.0,0.0,381513.99,21782117.18,21768.0,21400603.19,459.3688272313841,26.211289889291113,-0.13855858039752278,Flagged for Review
C2055911362,C522399482,TRANSFER,4604937.29,0.0,0.0,30330704.99,34935642.28,0.0,4604937.290000003,4604937.29,0.15182426981812566,-0.13852894073886435,Flagged for Review
C1149836287,C1626900046,TRANSFER,10000000.0,30570.0,0.0,1073989.67,22614052.28,30570.0,21540062.61,327.10738935592553,9.311067851269136,-0.13816530078597744,Flagged for Review
C879634721,C1353820367,TRANSFER,9952652.38,0.0,0.0,10533511.07,20486163.45,0.0,9952652.379999999,9952652.38,0.9448560284414238,-0.13794225734052967,Flagged for Review
C1409933647,C885587073,TRANSFER,4280835.85,0.0,0.0,35406817.8,39687653.64,0.0,4280835.840000004,4280835.85,0.12090427762462523,-0.1378336094629029,Flagged for Review
C1968732844,C1318632519,TRANSFER,10000000.0,18301.0,0.0,443506.86,23961499.97,18301.0,23517993.11,546.3883728554256,22.547514715973694,-0.13751577855822117,Flagged for Review
C1733790337,C1339088789,TRANSFER,8807479.35,0.0,0.0,10645961.19,19453440.53,0.0,8807479.340000002,8807479.35,0.8273070289760254,-0.1374018539615367,Flagged for Review
C968469820,C285883867,TRANSFER,5432042.29,0.0,0.0,20992820.42,26424862.71,0.0,5432042.289999999,5432042.29,0.2587571332753232,-0.1373725962445428,Flagged for Review
C342059697,C605301468,TRANSFER,15386842.82,50278.11,0.0,44498822.06,59885664.89,50278.11,15386842.829999998,306.02854386245104,0.3457808940082111,-0.1365949390903637,Flagged for Review
C509209737,C2043730841,TRANSFER,10000000.0,51563.0,0.0,134996.56,18023919.87,51563.0,17888923.310000002,193.93375223023816,74.07541291857423,-0.13642292864077998,Flagged for Review
C110114256,C1770585425,TRANSFER,7744469.47,0.0,0.0,11894078.39,19638547.86,0.0,7744469.469999999,7744469.47,0.6511197055327541,-0.13630916571181462,Flagged for Review
C1007022318,C979217194,TRANSFER,8086541.46,0.0,0.0,10855548.03,18942089.49,0.0,8086541.459999999,8086541.46,0.7449223837184401,-0.13601385008620104,Flagged for Review
C292179231,C1772406411,TRANSFER,6705769.58,0.0,0.0,15711377.32,22417146.9,0.0,6705769.579999998,6705769.58,0.426809758088748,-0.1359764412472373,Flagged for Review
C1893700166,C787033725,TRANSFER,6266576.02,0.0,0.0,14745938.56,21012514.57,0.0,6266576.01,6266576.02,0.42496959888529473,-0.1359764412472373,Flagged for Review
C1200127155,C2124010470,TRANSFER,10000000.0,22424.0,0.0,48583.23,17528833.0,22424.0,17480249.77,445.9308807134894,205.82810512793964,-0.13578090818786748,Flagged for Review
C319491154,C778559237,TRANSFER,19730215.68,120855.99,0.0,21036566.97,40766782.65,120855.99,19730215.68,163.2525820806889,0.9379008832684603,-0.1357726455384971,Flagged for Review
C521625415,C1287433675,TRANSFER,3244080.32,0.0,0.0,135085780.52,138329860.83,0.0,3244080.3100000024,3244080.32,0.024014965035529665,-0.1357431739178978,Flagged for Review
C1677135325,C257884011,TRANSFER,8208135.46,0.0,0.0,10654547.18,18862682.64,0.0,8208135.460000001,8208135.46,0.7703879433768726,-0.13566724023441568,Flagged for Review
C1288518335,C1511930710,TRANSFER,10000000.0,50269.0,0.0,1830761.41,19163259.03,50269.0,17332497.62,198.92580067634773,5.462205224106606,-0.13565952331049014,Flagged for Review
C1711334636,C827303121,TRANSFER,10000000.0,258.0,0.0,120721.38,19952824.04,258.0,19832102.66,38610.03861003861,82.83468235135854,-0.13543440338258983,Flagged for Review
C1352462565,C526585608,TRANSFER,4497186.88,0.0,0.0,26863955.41,31361142.3,0.0,4497186.890000001,4497186.88,0.1674059774131386,-0.13529160804580476,Flagged for Review
C1360211954,C991287963,TRANSFER,5617339.2,0.0,0.0,15190153.05,20807492.25,0.0,5617339.199999999,5617339.2,0.3698013319358009,-0.13528341158126156,Flagged for Review
C395092693,C1768048876,TRANSFER,9091135.56,0.0,0.0,10258916.3,19350051.86,0.0,9091135.559999999,9091135.56,0.8861691048040713,-0.13521817926299307,Flagged for Review
C1833129770,C895700774,TRANSFER,8940820.71,0.0,0.0,10446345.08,19387165.79,0.0,8940820.709999999,8940820.71,0.8558801940438873,-0.13487192822360605,Flagged for Review
C871697449,C368420151,TRANSFER,10000000.0,19452.0,0.0,5196.35,17605641.67,19452.0,17600445.32,514.0595280933533,1924.0574523555272,-0.13474186247665743,Flagged for Review
C743768247,C919488700,TRANSFER,9092570.42,0.0,0.0,10138974.97,19231545.39,0.0,9092570.42,9092570.42,0.8967937636802584,-0.1345258333281446,Flagged for Review
C1418410606,C1201288556,TRANSFER,9110223.1,0.0,0.0,10104836.64,19215059.74,0.0,9110223.099999998,9110223.1,0.901570458088033,-0.1345258333281446,Flagged for Review
C1732497268,C1590926612,TRANSFER,3918582.04,0.0,0.0,40114067.85,44032649.88,0.0,3918582.030000001,3918582.04,0.0976859778212202,-0.13435815998506173,Flagged for Review
C2097936763,C492852681,TRANSFER,10000000.0,45335.0,0.0,144308.38,15797067.95,45335.0,15652759.569999998,220.57526027880712,69.2955648482448,-0.13434450709576817,Flagged for Review
C1148424192,C1471142124,TRANSFER,7600076.57,0.0,0.0,11700730.77,19300807.34,0.0,7600076.57,7600076.57,0.6495385689881514,-0.13428236317990538,Flagged for Review
C1500572910,C1394779092,TRANSFER,9193602.45,0.0,0.0,10017785.37,19211387.82,0.0,9193602.450000001,9193602.45,0.9177279401297515,-0.13417989450619483,Flagged for Review
C1393649148,C19797187,TRANSFER,10000000.0,10316.0,0.0,294396.48,18811558.19,10316.0,18517161.71,969.274013763691,33.967682060321984,-0.13404994604061027,Flagged for Review
C1209066516,C2130882745,TRANSFER,9228659.92,0.0,0.0,9597449.72,18826109.63,0.0,9228659.909999998,9228659.92,0.9615740876656462,-0.13383411168737436,Flagged for Review
C865525473,C166492870,CASH_IN,1005037.86,20340468.23,21345506.09,50243557.45,49238519.6,-1005037.8599999994,-1005037.8500000015,0.04941075098295557,0.020003317659121733,-0.13362364872804655,Flagged for Review
C808036698,C879983640,TRANSFER,4881920.79,0.0,0.0,20000000.0,24881920.79,0.0,4881920.789999999,4881920.79,0.24409602729519864,-0.1335617481677135,Flagged for Review
C274088723,C398980055,TRANSFER,8454557.59,0.0,0.0,10000000.0,18454557.59,0.0,8454557.59,8454557.59,0.8454556744544326,-0.1334884848013328,Flagged for Review
C977254103,C1156778219,TRANSFER,8539072.02,0.0,0.0,10000000.0,18539072.02,0.0,8539072.02,8539072.02,0.8539071166092883,-0.1334884848013328,Flagged for Review
C644338242,C2049319547,TRANSFER,3706110.58,0.0,0.0,35578297.62,39284408.2,0.0,3706110.5800000057,3706110.58,0.10416772931116627,-0.13332103819578645,Flagged for Review
C352576572,C244416774,TRANSFER,6780584.14,0.0,0.0,13051614.93,19832199.07,0.0,6780584.140000001,6780584.14,0.5195206613775984,-0.13284876345645646,Flagged for Review
C1043576460,C1184860705,TRANSFER,50556773.92,0.0,0.0,284721.62,50841495.53,0.0,50556773.910000004,50556773.92,177.56500667210776,-0.13279769156245624,Flagged for Review
C659573494,C683720678,TRANSFER,10000000.0,12550.0,0.0,978063.57,19073737.05,12550.0,18095673.48,796.7492630069318,10.224273843188083,-0.13262278947499317,Flagged for Review
C400390344,C921293597,TRANSFER,3098464.89,0.0,0.0,60221918.16,63320383.05,0.0,3098464.8900000006,3098464.89,0.05145078292453409,-0.13228531886223416,Flagged for Review
C1665347,C768286502,TRANSFER,10000000.0,292.0,0.0,1700294.78,19635236.04,292.0,17934941.259999998,34129.69283276451,5.881329659007917,-0.13203395473390844,Flagged for Review
C645006223,C1427114625,TRANSFER,9717654.08,346415.99,0.0,12916662.52,22634316.6,346415.99,9717654.080000002,28.05189803190658,0.7523346926977935,-0.13196155516214125,Flagged for Review
C144713190,C453211571,TRANSFER,6647785.64,0.0,0.0,13813757.48,20461543.13,0.0,6647785.6499999985,6647785.64,0.48124380121636523,-0.13181368275996486,Flagged for Review
C183550490,C782076683,TRANSFER,6005868.95,0.0,0.0,13739917.29,19745786.23,0.0,6005868.940000001,6005868.95,0.43711096552670986,-0.13181368275996486,Flagged for Review
C1547392686,C483414228,TRANSFER,10000000.0,800.0,0.0,6347.36,15816518.49,800.0,15810171.13,12484.394506866416,1575.2099754897329,-0.13163314808976445,Flagged for Review
C520364802,C1361885449,TRANSFER,4508797.68,0.0,0.0,21506651.53,26015449.2,0.0,4508797.669999998,4508797.68,0.20964665113320632,-0.13149105949628104,Flagged for Review
C39837234,C1635341595,TRANSFER,6696749.47,0.0,0.0,13583234.72,20279984.19,0.0,6696749.470000001,6696749.47,0.49301577385863105,-0.1314689669981316,Flagged for Review
C1619014270,C511834756,TRANSFER,5882099.73,0.0,0.0,14039725.54,19921825.27,0.0,5882099.73,5882099.73,0.4189611324153327,-0.1314689669981316,Flagged for Review
C1218452947,C1987984937,TRANSFER,2965670.44,0.0,0.0,60307185.0,63272855.43,0.0,2965670.4299999997,2965670.44,0.0491760706593075,-0.13125100008792367,Flagged for Review
C589963581,C2017718213,TRANSFER,4251929.17,0.0,0.0,24277324.01,28529253.18,0.0,4251929.169999998,4251929.17,0.17513993688549295,-0.1311464892232902,Flagged for Review
C251488239,C438859779,TRANSFER,10000000.0,163.0,0.0,0.0,10642640.15,163.0,10642640.15,60975.60975609756,10000000.0,-0.13112773011961798,Flagged for Review
C2112480974,C30272320,TRANSFER,10000000.0,9949.0,0.0,4999.44,15307153.48,9949.0,15302154.040000001,1005.0251256281407,1999.8240154866373,-0.13094403480729244,Flagged for Review
C2046014385,C97016938,TRANSFER,10000000.0,17476725.66,7476725.66,0.0,0.0,10000000.0,0.0,0.5721895292261783,10000000.0,-0.13069617750177387,Flagged for Review
C703671579,C2134247360,TRANSFER,10000000.0,258518.0,0.0,709834.35,13230192.06,258518.0,12520357.71,38.681876380459464,14.087774016889973,-0.1306741968982713,Flagged for Review
C1170140552,C1841866242,TRANSFER,6212516.66,0.0,0.0,12276637.15,18489153.81,0.0,6212516.659999998,6212516.66,0.5060438032051959,-0.1304868097308155,Flagged for Review
C1722531702,C1514738968,TRANSFER,5940370.34,0.0,0.0,13191645.78,19132016.11,0.0,5940370.33,5940370.34,0.45031302301136966,-0.12979873011116005,Flagged for Review
C688803240,C2098799493,TRANSFER,4570980.37,0.0,0.0,18797842.26,23375646.5,0.0,4577804.239999998,4570980.37,0.2431651496811129,-0.12976976129050488,Flagged for Review
C2018687435,C1515574903,TRANSFER,5967991.3,0.0,0.0,13408503.71,19376495.01,0.0,5967991.300000001,5967991.3,0.44508999542276323,-0.12945492300397554,Flagged for Review
C456623666,C1681901504,TRANSFER,8756525.31,0.0,0.0,9222041.87,17978567.18,0.0,8756525.31,8756525.31,0.9495212105861748,-0.12935309936125416,Flagged for Review
C2102009717,C1135826042,TRANSFER,3458351.17,0.0,0.0,31699484.59,35157835.76,0.0,3458351.169999998,3458351.17,0.10909802180168439,-0.12918655664392198,Flagged for Review
C923483134,C1042261062,TRANSFER,3450272.06,0.0,0.0,31660957.3,35111229.36,0.0,3450272.0599999987,3450272.06,0.10897560419072976,-0.12918655664392198,Flagged for Review
C1963306009,C1316183343,TRANSFER,4427653.33,0.0,0.0,20000000.0,24427653.33,0.0,4427653.329999998,4427653.33,0.22138265543086724,-0.12908232823938193,Flagged for Review
C272493085,C1085072543,TRANSFER,7857332.9,0.0,0.0,10358429.83,18215762.73,0.0,7857332.9,7857332.9,0.7585447090348529,-0.12900949321385524,Flagged for Review
C1732243306,C1928863656,TRANSFER,5870591.9,0.0,0.0,12624807.46,18495399.36,0.0,5870591.8999999985,5870591.9,0.4650044330256714,-0.1287677738451498,Flagged for Review
C285450531,C2048725805,TRANSFER,5792647.44,0.0,0.0,12911068.23,18703715.66,0.0,5792647.43,5792647.44,0.4486574532913414,-0.1284244316537061,Flagged for Review
C171920873,C1894067666,TRANSFER,10000000.0,31167.0,0.0,482358.52,14201186.14,31167.0,13718827.620000001,320.84188911704314,20.731424560667943,-0.12819378986858954,Flagged for Review
C1885126447,C12794963,TRANSFER,7808032.66,0.0,0.0,10135569.56,17943602.21,0.0,7808032.65,7808032.66,0.7703594596651893,-0.1279796041993625,Flagged for Review
C1526809028,C1474464180,TRANSFER,5328756.54,0.0,0.0,14365063.24,19693819.78,0.0,5328756.540000001,5328756.54,0.3709525033074269,-0.12768733801570276,Flagged for Review
C1141475160,C311055882,TRANSFER,7821998.44,0.0,0.0,10111010.89,17933009.33,0.0,7821998.439999998,7821998.44,0.7736118328311055,-0.12763661743761734,Flagged for Review
C1487953379,C1896177820,TRANSFER,8101111.65,0.0,0.0,9502925.65,17604037.3,0.0,8101111.65,8101111.65,0.8524859707298699,-0.12763661743761734,Flagged for Review
C111958902,C831801325,TRANSFER,10000000.0,127.0,0.0,1460353.51,16662294.21,127.0,15201940.700000001,78125.0,6.847652355317477,-0.12756346718715506,Flagged for Review
C2092361947,C2073654140,TRANSFER,10000000.0,923.0,0.0,49188.09,14501765.83,923.0,14452577.74,10822.510822510823,203.29711324198112,-0.1275077778839836,Flagged for Review
C1029079125,C1643627591,TRANSFER,3018817.37,0.0,0.0,36281266.63,39300084.0,0.0,3018817.3699999973,3018817.37,0.08320595081699464,-0.12747044989880307,Flagged for Review
C1578693657,C1579862569,TRANSFER,4103554.25,0.0,0.0,21383325.74,25486879.99,0.0,4103554.25,4103554.25,0.19190438886779132,-0.1273664562944331,Flagged for Review
C1343573387,C2107935820,TRANSFER,7776533.7,0.0,0.0,10492050.29,18268583.99,0.0,7776533.699999999,7776533.7,0.7411833477607791,-0.12729378534775282,Flagged for Review
C1052778440,C1858103917,TRANSFER,7929618.25,0.0,0.0,10009865.02,17939483.27,0.0,7929618.25,7929618.25,0.792180258372729,-0.12729378534775282,Flagged for Review
C1638938667,C926300050,TRANSFER,7977246.26,0.0,0.0,10000000.0,17977246.26,0.0,7977246.260000002,7977246.26,0.7977245462275454,-0.12729378534775282,Flagged for Review
C289309704,C451809196,TRANSFER,8006024.59,0.0,0.0,9718473.64,17724498.23,0.0,8006024.59,8006024.59,0.8237943593584353,-0.12695110786001873,Flagged for Review
C1089967032,C168639687,TRANSFER,4157948.56,0.0,0.0,16099853.67,20257802.23,0.0,4157948.5600000005,4157948.56,0.25826000577184094,-0.12668119032338054,Flagged for Review
C1800046297,C125702772,TRANSFER,10000000.0,15999376.79,5999376.79,0.0,0.0,10000000.0,0.0,0.6250243060233407,10000000.0,-0.126463891597402,Flagged for Review
C1475878969,C464181273,TRANSFER,7686157.52,0.0,0.0,10483044.23,18169201.75,0.0,7686157.52,7686157.52,0.7331989275410195,-0.12626621641209812,Flagged for Review
C158942978,C65194757,TRANSFER,7617614.63,0.0,0.0,10470279.78,18087894.41,0.0,7617614.630000001,7617614.63,0.7275463562114712,-0.12626621641209812,Flagged for Review
C745482509,C817012662,TRANSFER,10000000.0,4526.0,0.0,712414.76,14545312.13,4526.0,13832897.370000001,2208.9684117517118,14.03674730609553,-0.1261376091050983,Flagged for Review
C1159593034,C814770200,TRANSFER,5915730.94,0.0,0.0,10621728.38,16855635.91,0.0,6233907.529999999,5915730.94,0.5569461175633906,-0.12613727654697682,Flagged for Review
C1131684691,C1143448210,TRANSFER,10000000.0,14886423.05,4886423.05,0.0,0.0,10000000.0,0.0,0.6717529990017985,10000000.0,-0.12612158835509468,Flagged for Review
C603885793,C513219102,TRANSFER,10000000.0,180.0,0.0,23344.99,13428917.47,180.0,13405572.48,55248.61878453039,428.3390852133492,-0.12579545300178396,Flagged for Review
C357935470,C1621301503,TRANSFER,3924706.26,0.0,0.0,20244813.67,24169519.93,0.0,3924706.259999998,3924706.26,0.19386229629535054,-0.12564635617660858,Flagged for Review
C1543733369,C2088104872,TRANSFER,7744541.26,0.0,0.0,10161720.14,17906261.4,0.0,7744541.259999998,7744541.26,0.7621288906969552,-0.12558194253648303,Flagged for Review
C1993764507,C176857850,TRANSFER,7672866.38,0.0,0.0,9919449.17,17592315.56,0.0,7672866.389999999,7672866.38,0.7735173067561264,-0.12558194253648303,Flagged for Review
C180127057,C2029456603,TRANSFER,10000000.0,13924102.18,3924102.18,0.0,0.0,10000000.0,0.0,0.7181791078913853,10000000.0,-0.12543744489179942,Flagged for Review
C2087602637,C1596182291,TRANSFER,5264967.47,0.0,0.0,14186359.74,19451327.21,0.0,5264967.470000001,5264967.47,0.37112883046564904,-0.12534131100599133,Flagged for Review
C620845415,C435957655,TRANSFER,3511482.78,0.0,0.0,24060068.34,27571551.13,0.0,3511482.789999999,3511482.78,0.14594649459975328,-0.12530442160666733,Flagged for Review
C225266594,C724200666,TRANSFER,5731885.24,0.0,0.0,12426651.83,18158537.08,0.0,5731885.249999998,5731885.24,0.4612573730363078,-0.12499951399794895,Flagged for Review
C469640533,C191616169,TRANSFER,5544046.42,0.0,0.0,12457595.98,18001642.4,0.0,5544046.419999998,5544046.42,0.4450333743257762,-0.12499951399794895,Flagged for Review
C1730800067,C1262834179,TRANSFER,8012678.95,0.0,0.0,8584603.44,16597282.39,0.0,8012678.950000001,8012678.95,0.9333777701701537,-0.12484760201250211,Flagged for Review
C617795356,C449261773,TRANSFER,2988656.58,52304.0,0.0,0.0,5847986.09,52304.0,5847986.09,57.13902265557786,2988656.58,-0.12417932300243939,Flagged for Review
C2055701040,C427889124,TRANSFER,10000000.0,5702.0,0.0,1028866.18,14370257.86,5702.0,13341391.68,1753.463089601964,9.719427535826345,-0.12404229747637519,Flagged for Review
C1691857859,C1842616334,TRANSFER,3451441.6,0.0,0.0,25115501.32,28566942.93,0.0,3451441.6099999994,3451441.6,0.13742275810472424,-0.12393822460558257,Flagged for Review
C1032284973,C752317020,TRANSFER,10000000.0,840.0,0.0,1146293.95,14544322.09,840.0,13398028.14,11890.606420927468,8.723758226449485,-0.12370108626606002,Flagged for Review
C17264350,C2107935820,TRANSFER,3522840.89,0.0,0.0,22244596.03,25767436.92,0.0,3522840.8900000006,3522840.89,0.1583683842529918,-0.12359706032753548,Flagged for Review
C1913951410,C1816003693,TRANSFER,5671505.37,0.0,0.0,11302444.2,16973949.57,0.0,5671505.370000001,5671505.37,0.5017945470772998,-0.12329283959835524,Flagged for Review
C1970049468,C330362328,TRANSFER,5781081.65,0.0,0.0,11112867.11,16893948.76,0.0,5781081.650000002,5781081.65,0.5202150869403237,-0.12329283959835524,Flagged for Review
C1674672279,C996730141,TRANSFER,7129383.78,0.0,0.0,10000000.0,17129383.78,0.0,7129383.780000001,7129383.78,0.7129383067061693,-0.12319183931845346,Flagged for Review
C1613035501,C895798008,TRANSFER,7588361.69,0.0,0.0,8564795.52,16153157.2,0.0,7588361.68,7588361.69,0.8859943925439575,-0.12314126983209683,Flagged for Review
C181338481,C780613580,TRANSFER,7284030.54,0.0,0.0,8217857.65,15591373.26,0.0,7373515.609999999,7284030.54,0.8863660048472602,-0.12314126983209683,Flagged for Review
C1191037041,C1088940791,TRANSFER,10000000.0,236.0,0.0,0.0,10089939.11,236.0,10089939.11,42194.09282700422,10000000.0,-0.12300675874320999,Flagged for Review
C215160344,C1283980103,TRANSFER,6870750.15,0.0,0.0,10403892.39,17274642.54,0.0,6870750.1499999985,6870750.15,0.6604018219375468,-0.12285101162720469,Flagged for Review
C838092116,C1653844940,TRANSFER,7189317.93,0.0,0.0,9876176.08,17065494.0,0.0,7189317.92,7189317.93,0.7279454258225997,-0.12285101162720469,Flagged for Review
C1567385742,C1552916967,TRANSFER,6890244.26,0.0,0.0,10355592.76,17245837.02,0.0,6890244.26,6890244.26,0.6653644802690676,-0.12285101162720469,Flagged for Review
C1112899151,C1862951630,TRANSFER,7586004.92,0.0,0.0,8580963.96,16166968.88,0.0,7586004.92,7586004.92,0.8840503317939197,-0.12280046494545283,Flagged for Review
C414724684,C4383350,TRANSFER,8788768.63,21372.0,0.0,15905932.18,24694700.81,21372.0,8788768.629999999,411.2089379123193,0.5525465579756699,-0.12278049905385746,Flagged for Review
C722225937,C1758178038,TRANSFER,3282456.42,0.0,0.0,4160620.33,9687197.56,0.0,5526577.23,3282456.42,0.788934190269125,-0.12268032452579447,Flagged for Review
C255075329,C76338275,TRANSFER,10000000.0,2512.0,0.0,160485.05,13029463.55,2512.0,12868978.5,3979.307600477517,62.31071174098933,-0.12248605742388363,Flagged for Review
C968715815,C111583223,TRANSFER,7355885.66,25983.71,0.0,23147850.36,30503736.02,25983.71,7355885.66,283.0851550777361,0.31777833482683987,-0.12238933768730142,Flagged for Review
C209400554,C1793854209,TRANSFER,7789254.02,0.0,0.0,8094718.45,15883972.48,0.0,7789254.03,7789254.02,0.962263617425308,-0.12211931616671234,Flagged for Review
C1925419149,C887638355,TRANSFER,6097562.5,0.0,0.0,10576112.92,16673675.42,0.0,6097562.5,6097562.5,0.576540924778541,-0.12193026868209689,Flagged for Review
C1150049935,C1527644653,TRANSFER,7582037.6,0.0,0.0,9269797.99,16851835.59,0.0,7582037.6,7582037.6,0.8179290196237577,-0.12182945046565608,Flagged for Review
C1205401037,C207069976,TRANSFER,10000000.0,20098.0,0.0,484384.53,13560667.36,20098.0,13076282.83,497.53719090502017,20.64471248759227,-0.12180519214901586,Flagged for Review
C951363139,C241707602,CASH_OUT,10000000.0,10000000.0,0.0,0.0,10000000.0,10000000.0,10000000.0,0.99999990000001,10000000.0,-0.12159949960971217,Flagged for Review
C677394894,C1866259073,CASH_OUT,10000000.0,10000000.0,0.0,0.0,10000000.0,10000000.0,10000000.0,0.99999990000001,10000000.0,-0.12159949960971217,Flagged for Review
C1162717928,C2053317483,CASH_OUT,10000000.0,10000000.0,0.0,0.0,10000000.0,10000000.0,10000000.0,0.99999990000001,10000000.0,-0.12159949960971217,Flagged for Review
C1715183027,C669282343,TRANSFER,3270776.13,0.0,0.0,20001146.85,23271922.98,0.0,3270776.129999999,3270776.13,0.16352942113769733,-0.12155330308250256,Flagged for Review
C1368540896,C2114142205,TRANSFER,3471685.38,0.0,0.0,18670075.72,22141761.09,0.0,3471685.370000001,3471685.38,0.18594917589604848,-0.12155330308250256,Flagged for Review
C1195325660,C889293944,TRANSFER,10000000.0,21702.0,0.0,5953060.29,17003864.55,21702.0,11050804.260000002,460.7657927475464,1.6798080034549754,-0.12153310484673951,Flagged for Review
C205739125,C648106803,TRANSFER,8573543.6,106764.0,0.0,0.0,8573543.6,106764.0,8573543.6,80.30294197536645,8573543.6,-0.12149444795285325,Flagged for Review
C1683310872,C1880547895,TRANSFER,7131271.65,0.0,0.0,9525404.44,16656676.09,0.0,7131271.65,7131271.65,0.7486580697188676,-0.1214892371516062,Flagged for Review
C1947249720,C1818201641,TRANSFER,7279549.2,0.0,0.0,8605323.51,15884872.71,0.0,7279549.200000001,7279549.2,0.845935466064138,-0.12143878158548138,Flagged for Review
C741437218,C246691976,TRANSFER,9943234.43,10179.0,0.0,0.0,9943234.43,10179.0,9943234.43,976.7420854616896,9943234.43,-0.12130457351597457,Flagged for Review
C835319896,C364877127,TRANSFER,9760390.4,35359.0,0.0,0.0,9760390.4,35359.0,9760390.4,276.02914027149325,9760390.4,-0.12130457351597457,Flagged for Review
C579482535,C550637876,TRANSFER,4557234.41,596925.75,0.0,16109595.82,20666830.23,596925.75,4557234.41,7.634495203976033,0.2828894143608989,-0.12128280610667308,Flagged for Review
C1453100724,C993777150,TRANSFER,4126812.91,0.0,0.0,15153082.7,19279895.61,0.0,4126812.91,4126812.91,0.2723414581284204,-0.12126365477125012,Flagged for Review
C593948278,C685509018,TRANSFER,3481213.67,0.0,0.0,16577871.74,20059085.41,0.0,3481213.67,3481213.67,0.20999157881097355,-0.12121321429872578,Flagged for Review
C810515982,C1615580424,TRANSFER,10000000.0,21126.0,0.0,1453673.57,14467307.5,21126.0,13013633.93,473.3279689496852,6.879118756270188,-0.12084024196530285,Flagged for Review
C716436961,C1458391293,TRANSFER,4916894.21,0.0,0.0,14267766.17,19184660.38,0.0,4916894.209999999,4916894.21,0.3446155345412747,-0.1208394683588978,Flagged for Review
C112983018,C1776957974,TRANSFER,9184215.82,56198.0,0.0,0.0,9184215.82,56198.0,9184215.82,163.42311820495027,9184215.82,-0.12081447682047919,Flagged for Review
C1904922681,C1033210853,TRANSFER,7494082.31,0.0,0.0,8969731.0,16463813.31,0.0,7494082.3100000005,7494082.31,0.835485643272285,-0.12075886064793284,Flagged for Review
C1264256658,C1263379281,TRANSFER,5489131.69,0.0,0.0,11502200.08,16991331.77,0.0,5489131.6899999995,5489131.69,0.4772244591988997,-0.12057015394098036,Flagged for Review
C485868377,C853766844,TRANSFER,9494678.44,12572.0,0.0,0.0,9460008.66,12572.0,9460008.66,755.1641167581324,9494678.44,-0.11994558665517241,Flagged for Review
C218058790,C891922506,TRANSFER,6541576.63,0.0,0.0,10424592.71,16966169.34,0.0,6541576.629999999,6541576.63,0.6275138208719694,-0.11979047051577407,Flagged for Review
C1042330139,C683373010,TRANSFER,6139195.85,0.0,0.0,10364390.96,16503586.81,0.0,6139195.85,6139195.85,0.5923353606939427,-0.11979047051577407,Flagged for Review
C1166454232,C263124,TRANSFER,6039053.12,0.0,0.0,10213708.89,16252762.01,0.0,6039053.119999999,6039053.12,0.5912693022456701,-0.11979047051577407,Flagged for Review
C21147113,C696261887,TRANSFER,7408672.29,0.0,0.0,7543758.31,14952430.61,0.0,7408672.3,7408672.29,0.9820928777750202,-0.11940085749107221,Flagged for Review
C1864776707,C1500894076,TRANSFER,7254286.29,0.0,0.0,7425282.98,14679569.28,0.0,7254286.299999999,7254286.29,0.976970888862893,-0.11940085749107221,Flagged for Review
C130215262,C1536661305,TRANSFER,3409046.65,0.0,0.0,18224789.41,21633836.06,0.0,3409046.6499999985,3409046.65,0.1870554652924538,-0.11917589984195698,Flagged for Review
C30504157,C1984361211,TRANSFER,3361589.13,0.0,0.0,16457469.53,19819058.66,0.0,3361589.130000001,3361589.13,0.2042591614472118,-0.11917589984195698,Flagged for Review
C1419919654,C220307583,TRANSFER,3176004.6,0.0,0.0,18172681.81,21348686.41,0.0,3176004.6000000015,3176004.6,0.17476806441877255,-0.11917589984195698,Flagged for Review
C1089957710,C2104652067,TRANSFER,3247790.82,0.0,0.0,17312737.95,20560528.77,0.0,3247790.8200000003,3247790.82,0.18759543648060378,-0.11917589984195698,Flagged for Review
C146568835,C367761308,TRANSFER,3452721.21,0.0,0.0,16616361.5,20069082.71,0.0,3452721.210000001,3452721.21,0.20779043608370965,-0.11917589984195698,Flagged for Review
C2106629167,C1203902467,TRANSFER,5679884.64,0.0,0.0,10484072.78,16163957.42,0.0,5679884.640000001,5679884.64,0.5417631313159263,-0.11911203587400354,Flagged for Review
C773335629,C1319744431,TRANSFER,6345459.82,0.0,0.0,10081784.19,16427244.01,0.0,6345459.82,6345459.82,0.6293984349412627,-0.11911203587400354,Flagged for Review
C1801384577,C636265213,TRANSFER,6938491.05,0.0,0.0,8424634.65,15363125.7,0.0,6938491.049999999,6938491.05,0.8235953859915591,-0.11906173936518838,Flagged for Review
C19334551,C1024208640,TRANSFER,7122209.03,0.0,0.0,8432441.15,15554650.18,0.0,7122209.029999999,7122209.03,0.8446199693169553,-0.11906173936518838,Flagged for Review
C1752194496,C1475040669,TRANSFER,8973013.69,11689.0,0.0,0.0,8973013.69,11689.0,8973013.69,767.5802985457656,8973013.69,-0.11892795437634707,Flagged for Review
C1040306713,C2132591504,TRANSFER,6466523.26,0.0,0.0,10000000.0,16466523.26,0.0,6466523.26,6466523.26,0.6466522613347738,-0.1187730479939123,Flagged for Review
C952748772,C620539824,TRANSFER,5958077.11,0.0,0.0,9927173.7,15885250.81,0.0,5958077.110000001,5958077.11,0.6001785291438461,-0.1187730479939123,Flagged for Review
C838907832,C1404526158,TRANSFER,8606256.63,375.0,0.0,0.0,8606256.63,375.0,8606256.63,22888.98039893617,8606256.63,-0.11825029747254123,Flagged for Review
C1690283356,C618048028,TRANSFER,6026114.1,0.0,0.0,6355757.01,12579377.83,0.0,6223620.82,6026114.1,0.9481346033814777,-0.11820626983535676,Flagged for Review
C1153070808,C738356563,TRANSFER,10000000.0,20706.0,0.0,268795.84,12754719.11,20706.0,12485923.27,482.9284782923649,37.2028183069414,-0.11807139251660137,Flagged for Review
C1420059650,C2049212513,TRANSFER,6872919.86,0.0,0.0,7539876.29,14412796.16,0.0,6872919.87,6872919.86,0.9115426678250357,-0.11804530227549415,Flagged for Review
C1032959800,C1674899618,TRANSFER,2957955.03,1563973.44,0.0,12588180.96,16762446.51,1563973.44,4174265.549999999,1.8913065037047536,0.23497873159119792,-0.11765830337451844,Flagged for Review
C1910674866,C239786772,TRANSFER,3862676.01,0.0,0.0,15537091.67,19399767.68,0.0,3862676.01,3862676.01,0.24860996146713463,-0.11752452848995709,Flagged for Review
C584351390,C1246973714,TRANSFER,2734676.06,0.0,0.0,91885030.09,94619706.14,0.0,2734676.049999997,2734676.06,0.029761932140191866,-0.1172523030922783,Flagged for Review
C1991470319,C1002776725,TRANSFER,4555122.77,9782.69,0.0,73483348.87,78038471.65,9782.69,4555122.780000001,465.5833095692933,0.06198850185870002,-0.11707084199633211,Flagged for Review
C1542945573,C1720463306,TRANSFER,2727939.48,0.0,0.0,97781176.16,100509115.64,0.0,2727939.480000004,2727939.48,0.027898411117880637,-0.11691415386953141,Flagged for Review
C167488694,C629818525,TRANSFER,9639052.83,9639052.83,0.0,0.0,0.0,9639052.83,0.0,0.9999998962553776,9639052.83,-0.11661689918640061,Flagged for Review
C1433301955,C929797843,TRANSFER,9453680.72,9453680.72,0.0,0.0,0.0,9453680.72,0.0,0.9999998942211057,9453680.72,-0.11661689918640061,Flagged for Review
C680303334,C1403353282,CASH_IN,519865.0,22811720.19,23331585.19,31368526.48,30848661.48,-519865.0,-519865.0,0.022789380760444056,0.01657282128819902,-0.11646242096373383,Flagged for Review
C859452152,C1017864257,TRANSFER,5029912.24,0.0,0.0,12024778.49,17054690.72,0.0,5029912.229999999,5029912.24,0.41829559071606726,-0.11643443038252477,Flagged for Review
C695348647,C1590550415,TRANSFER,2026545.3,0.0,0.0,18850715.66,21939087.4,0.0,3088371.7399999984,2026545.3,0.10750494724161856,-0.11607606119964753,Flagged for Review
C1241754059,C1261940778,TRANSFER,6985641.98,0.0,0.0,7224858.77,14210500.75,0.0,6985641.98,6985641.98,0.9668896286411938,-0.1158800496103155,Flagged for Review
C172626806,C230816700,TRANSFER,4025136.92,0.0,0.0,14817761.83,18842898.75,0.0,4025136.92,4025136.92,0.27164268764315214,-0.11576468384176997,Flagged for Review
C875210166,C694217411,TRANSFER,2322723.62,75614.0,0.0,0.0,5590125.07,75614.0,5590125.07,30.717762613238115,2322723.62,-0.11574357954680148,Flagged for Review
C123484969,C1683963531,TRANSFER,5966131.39,0.0,0.0,9495062.39,15461193.77,0.0,5966131.379999999,5966131.39,0.6283403432865338,-0.11572902789245143,Flagged for Review
C809573102,C1156804553,CASH_IN,497455.42,24170310.75,24667766.17,32035749.46,31538294.03,-497455.4200000018,-497455.4299999997,0.020581257914474356,0.015528133814786868,-0.11544949882185551,Flagged for Review
C1465134835,C1013138721,TRANSFER,5513960.51,0.0,0.0,9776065.28,15290025.79,0.0,5513960.51,5513960.51,0.5640265063751184,-0.11539156559954,Flagged for Review
C1299159230,C1428008199,TRANSFER,6125175.42,0.0,0.0,8398374.34,14523549.76,0.0,6125175.42,6125175.42,0.7293286108358191,-0.11534151802546944,Flagged for Review
C1632098493,C748299915,TRANSFER,5650940.3,128198.2,0.0,19345750.53,24996690.83,128198.2,5650940.299999997,44.079372570187644,0.29210239215762324,-0.11525675922513734,Flagged for Review
C1237709087,C15869100,TRANSFER,10000000.0,10303.0,0.0,2169670.5,14903382.65,10303.0,12733712.15,970.4968944099379,4.608992651652565,-0.11494849181889566,Flagged for Review
C364617026,C1664077486,TRANSFER,8208916.0,8208916.0,0.0,0.0,0.0,8208916.0,0.0,0.9999998781812509,8208916.0,-0.11492910869270234,Flagged for Review
C920327149,C118210084,TRANSFER,9228514.1,9228514.1,0.0,0.0,0.0,9228514.1,0.0,0.9999998916402055,9228514.1,-0.11492910869270234,Flagged for Review
C350075961,C189759004,TRANSFER,6436829.27,0.0,0.0,8212760.0,14649589.28,0.0,6436829.279999999,6436829.27,0.7837594774765757,-0.1146670950411004,Flagged for Review
C1446703147,C135983976,TRANSFER,5877382.26,0.0,0.0,9163256.99,15040639.25,0.0,5877382.26,5877382.26,0.6414074848066129,-0.1146670950411004,Flagged for Review
C911265826,C734900002,TRANSFER,4945779.34,0.0,0.0,11818060.86,16763840.2,0.0,4945779.34,4945779.34,0.4184932689123697,-0.11441003148009976,Flagged for Review
C1191681942,C916997353,TRANSFER,8020192.15,8020192.15,0.0,0.0,0.0,8020192.15,0.0,0.9999998753147236,8020192.15,-0.11425505758125287,Flagged for Review
C67666495,C314518977,TRANSFER,2972557.81,0.0,0.0,16250640.76,19223198.56,0.0,2972557.799999999,2972557.81,0.1829194104393327,-0.11415663582477242,Flagged for Review
C1235420545,C475884382,TRANSFER,10000000.0,519994.0,0.0,1492987.91,12195022.32,519994.0,10702034.41,19.230954143789845,6.697973396198904,-0.11409541491615771,Flagged for Review
C1579758003,C1535628839,TRANSFER,5617362.84,0.0,0.0,8873955.34,14491318.18,0.0,5617362.84,5617362.84,0.633016731745606,-0.11399328018953625,Flagged for Review
C1442597477,C819110094,TRANSFER,3187587.35,0.0,0.0,15775878.29,18963465.64,0.0,3187587.3500000015,3187587.35,0.20205449670374603,-0.1138119153362882,Flagged for Review
C1506924762,C2104822653,TRANSFER,10000000.0,21530.0,0.0,1327298.45,13381083.41,21530.0,12053784.96,464.44661186196646,7.534094887178624,-0.11340065066496996,Flagged for Review
C176378959,C563306016,TRANSFER,5281592.12,0.0,0.0,10171391.35,15452983.47,0.0,5281592.120000001,5281592.12,0.5192595013798676,-0.11236124486113697,Flagged for Review
C1412431318,C294142662,TRANSFER,6093087.06,0.0,0.0,8040185.38,14133272.45,0.0,6093087.069999999,6093087.06,0.7578290815691264,-0.11217557554899438,Flagged for Review
C1854407473,C322199353,TRANSFER,5075180.53,0.0,0.0,8352788.73,13646396.38,0.0,5293607.65,5075180.53,0.6076030516812735,-0.11206548146567841,Flagged for Review
C251959110,C1346829337,TRANSFER,6227091.09,0.0,0.0,6555774.07,12782865.15,0.0,6227091.08,6227091.09,0.949863444598016,-0.1118397157061417,Flagged for Review
C2091144795,C50414535,TRANSFER,5905099.61,0.0,0.0,7376334.67,13281434.27,0.0,5905099.6,5905099.61,0.8005464873319682,-0.11150400732124399,Flagged for Review
C1577159528,C714389508,TRANSFER,6525154.31,0.0,0.0,6761782.24,13286936.55,0.0,6525154.3100000005,6525154.31,0.965004951859415,-0.11150400732124399,Flagged for Review
C989323525,C169316538,TRANSFER,6327939.34,0.0,0.0,6436676.96,12764616.3,0.0,6327939.340000001,6327939.34,0.983106406647071,-0.11150400732124399,Flagged for Review
C564035485,C285041377,TRANSFER,6465538.57,0.0,0.0,6719979.33,13185517.9,0.0,6465538.57,6465538.57,0.9621365320276168,-0.11150400732124399,Flagged for Review
C736975204,C2040888281,TRANSFER,5889746.71,0.0,0.0,6600654.55,12490401.26,0.0,5889746.71,5889746.71,0.8922972370524622,-0.11150400732124399,Flagged for Review
C1854691195,C1064659382,TRANSFER,5978350.61,0.0,0.0,7628911.81,13607262.42,0.0,5978350.61,5978350.61,0.7836438505580458,-0.11116845032600042,Flagged for Review
C1824693572,C1970401163,CASH_OUT,8443528.7,8443528.7,0.0,0.0,8443528.7,8443528.7,8443528.7,0.999999881566118,8443528.7,-0.111074294864286,Flagged for Review
C923053190,C1289453529,TRANSFER,5330420.8,0.0,0.0,8940563.3,14270984.09,0.0,5330420.789999999,5330420.8,0.596206304338083,-0.11096862430969423,Flagged for Review
C1978071511,C1981215192,TRANSFER,5595621.88,0.0,0.0,6716541.42,12312163.29,0.0,5595621.869999999,5595621.88,0.8331104800794216,-0.11083304465214094,Flagged for Review
C595838329,C28810709,TRANSFER,6259191.35,0.0,0.0,6984041.4,13243232.75,0.0,6259191.35,6259191.35,0.8962132517981276,-0.11083304465214094,Flagged for Review
C185104377,C1326638752,TRANSFER,5652438.14,0.0,0.0,7545949.86,13198388.0,0.0,5652438.14,5652438.14,0.7490690364766037,-0.11049779023142614,Flagged for Review
C2040856570,C322477364,TRANSFER,5549660.97,0.0,0.0,6958550.09,12508211.06,0.0,5549660.970000001,5549660.97,0.797531109310286,-0.11049779023142614,Flagged for Review
C1949665762,C2131163126,TRANSFER,5648866.52,0.0,0.0,7796764.08,13445630.59,0.0,5648866.51,5648866.52,0.7245141365731644,-0.11049779023142614,Flagged for Review
C8377454,C2100559328,TRANSFER,5589104.11,0.0,0.0,8353699.65,13942803.76,0.0,5589104.109999999,5589104.11,0.6690572650577322,-0.11049779023142614,Flagged for Review
C533440533,C596432965,TRANSFER,5528541.52,0.0,0.0,6705920.33,12234461.85,0.0,5528541.52,5528541.52,0.8244268383029181,-0.11049779023142614,Flagged for Review
C503482371,C1961818552,TRANSFER,5163728.09,0.0,0.0,10199781.35,15363509.44,0.0,5163728.09,5163728.09,0.5062586546270764,-0.11027835825328225,Flagged for Review
C2038479425,C1300852801,TRANSFER,5532475.57,0.0,0.0,7189749.21,12722224.78,0.0,5532475.569999999,5532475.57,0.7694948236595275,-0.11016268699564769,Flagged for Review
C1008577919,C224326541,TRANSFER,5792408.64,0.0,0.0,7240293.27,13032701.91,0.0,5792408.640000001,5792408.64,0.8000239249944188,-0.10982773487662778,Flagged for Review
C346023518,C1087830097,TRANSFER,4602984.41,0.0,0.0,12292039.36,16895023.77,0.0,4602984.41,4602984.41,0.37446870293224455,-0.10937562757775343,Flagged for Review
C460473792,C1471325561,TRANSFER,8015611.45,61430.0,0.0,0.0,8015611.45,61430.0,8015611.45,130.4815394507659,8015611.45,-0.10897045473425848,Flagged for Review
C1204731594,C2042394491,TRANSFER,2451273.61,0.0,0.0,62334307.92,64785581.54,0.0,2451273.6199999973,2451273.61,0.03932462960559922,-0.10844048002462159,Flagged for Review
C56111118,C1842994017,CASH_OUT,2623975.76,0.0,0.0,28114597.83,30738573.59,0.0,2623975.7600000016,2623975.76,0.09333143168310326,-0.10817559759726558,Flagged for Review
C1059173473,C44870833,TRANSFER,2258891.42,0.0,0.0,124455236.35,126714127.77,0.0,2258891.420000002,2258891.42,0.01815023190745616,-0.10815586798215926,Flagged for Review
C306608255,C962099907,TRANSFER,2765907.85,0.0,0.0,26567933.67,29333841.51,0.0,2765907.84,2765907.85,0.10410699530676014,-0.10806633799618715,Flagged for Review
C1531730002,C128931614,TRANSFER,4117891.64,0.0,0.0,13298264.31,17416155.96,0.0,4117891.6500000004,4117891.64,0.3096563005780488,-0.10803814387699306,Flagged for Review
C1266240193,C1229672557,TRANSFER,4972300.2,0.0,0.0,10000000.0,14972300.2,0.0,4972300.199999999,4972300.2,0.497229970277003,-0.10793649841320718,Flagged for Review
C1569798194,C556396592,TRANSFER,2979114.36,0.0,0.0,15242086.3,18221200.66,0.0,2979114.3599999994,2979114.36,0.19545317523538916,-0.10777632387846858,Flagged for Review
C1129706670,C99275333,TRANSFER,4726780.37,0.0,0.0,11272278.5,15999058.87,0.0,4726780.369999999,4726780.37,0.4193278182997503,-0.1077041498330833,Flagged for Review
C1635448033,C645819421,CASH_IN,604655.29,15549053.01,16153708.3,20317906.47,19559832.02,-604655.290000001,-758074.4499999993,0.03888695026791537,0.029759722594110232,-0.10764366807068815,Flagged for Review
C366125393,C875816541,TRANSFER,5417287.65,0.0,0.0,7966144.25,13383431.9,0.0,5417287.65,5417287.65,0.680038774085873,-0.1071535499565891,Flagged for Review
C1839516085,C162909921,TRANSFER,7934125.22,21535.0,0.0,0.0,7934125.22,21535.0,7934125.22,368.41220375185736,7934125.22,-0.1070745902735879,Flagged for Review
C190476512,C803116137,TRANSFER,1125081.99,0.0,0.0,16748614.03,23768107.88,0.0,7019493.85,1125081.99,0.06717462834895668,-0.10697308653618642,Flagged for Review
C2074374597,C1935837041,TRANSFER,7605738.46,102550.0,0.0,0.0,7605738.46,102550.0,7605738.46,74.16542461799494,7605738.46,-0.10696622861737826,Flagged for Review
C1334222248,C290777218,TRANSFER,5002945.97,0.0,0.0,10132016.47,15134962.44,0.0,5002945.969999999,5002945.97,0.4937758925913103,-0.10693510551408392,Flagged for Review
C13455851,C378590917,TRANSFER,5261879.49,0.0,0.0,7294382.43,12556261.92,0.0,5261879.49,5261879.49,0.721360419354868,-0.10681995482546691,Flagged for Review
C1782455134,C1925953183,TRANSFER,2471849.65,419245.57,0.0,63577739.46,66049589.11,419245.57,2471849.6499999985,5.895932911269852,0.03887916796217643,-0.10673760365671636,Flagged for Review
C1090207805,C780187080,TRANSFER,2929471.68,0.0,0.0,15923512.68,18852984.36,0.0,2929471.6799999997,2929471.68,0.1839714361334351,-0.10673121442544653,Flagged for Review
C1152927372,C625104946,TRANSFER,6940524.69,834149.37,0.0,8608607.41,15549132.1,834149.37,6940524.6899999995,8.320471871276638,0.8062307354970047,-0.10669460015280441,Flagged for Review
C275570259,C1028398685,TRANSFER,5497090.92,0.0,0.0,5801643.2,11298734.13,0.0,5497090.930000001,5497090.92,0.94750569502349,-0.10660115805410131,Flagged for Review
C1339600530,C326127127,TRANSFER,5774969.83,0.0,0.0,5829145.07,11604114.89,0.0,5774969.82,5774969.83,0.990705973164951,-0.10626781202732927,Flagged for Review
C377457723,C1716083300,TRANSFER,5270941.57,0.0,0.0,6684313.09,11955254.66,0.0,5270941.57,5270941.57,0.7885538439741392,-0.10615321580539216,Flagged for Review
C921234593,C1604106607,TRANSFER,3970608.1,0.0,0.0,13976565.5,17947173.6,0.0,3970608.1000000015,3970608.1,0.2840903808528368,-0.10602855330968775,Flagged for Review
C303575023,C812827756,TRANSFER,4737183.57,0.0,0.0,10078614.1,14815797.66,0.0,4737183.5600000005,4737183.57,0.47002326440663467,-0.10593506675602382,Flagged for Review
C119216420,C878374257,TRANSFER,2654068.84,0.0,0.0,22602777.6,25166715.72,0.0,2563938.1199999973,2654068.84,0.11742223763586304,-0.10539849755316588,Flagged for Review
C1315328356,C128307343,TRANSFER,3567168.03,110040.0,0.0,29771183.07,33338351.1,110040.0,3567168.030000001,32.4167176779564,0.1198194879186745,-0.10525184208741967,Flagged for Review
C2135538777,C1944704208,TRANSFER,5311498.09,0.0,0.0,5967865.82,11279363.91,0.0,5311498.09,5311498.09,0.8900161900730887,-0.10515423436355864,Flagged for Review
C397366189,C932672903,TRANSFER,4125478.76,0.0,0.0,11742650.52,15868129.28,0.0,4125478.76,4125478.76,0.35132429442988355,-0.10508697207553641,Flagged for Review
C589189906,C1023962161,TRANSFER,5080951.94,0.0,0.0,8911079.8,13992031.73,0.0,5080951.93,5080951.94,0.5701835786294296,-0.10508522393405795,Flagged for Review
C1775994429,C819498334,TRANSFER,5240908.88,0.0,0.0,6085142.85,11326051.74,0.0,5240908.890000001,5240908.88,0.8612629395770159,-0.10482154083546358,Flagged for Review
C1717453749,C1155163560,TRANSFER,908979.75,0.0,0.0,20000000.0,35756541.47,0.0,15756541.469999999,908979.75,0.04544898522755074,-0.10444547250284286,Flagged for Review
C1823194729,C1786222803,TRANSFER,7753622.55,2127.0,0.0,0.0,7753622.55,2127.0,7753622.55,3643.619619360902,7753622.55,-0.10407796400738567,Flagged for Review
C340337856,C1365765031,TRANSFER,3871383.22,0.0,0.0,13200236.58,17071619.8,0.0,3871383.2200000007,3871383.22,0.293281328956202,-0.10403227822980543,Flagged for Review
C1605555935,C348655001,TRANSFER,5652739.69,5652739.69,0.0,0.0,0.0,5652739.69,0.0,0.9999998230946624,5652739.69,-0.10380745223456489,Flagged for Review
C1632129790,C1449704632,TRANSFER,6262505.91,6262505.91,0.0,0.0,0.0,6262505.91,0.0,0.9999998403195375,6262505.91,-0.10380745223456489,Flagged for Review
C792210759,C1529014335,TRANSFER,5227938.28,0.0,0.0,7128704.19,12356642.48,0.0,5227938.29,5227938.28,0.7333643544880554,-0.10375547413004516,Flagged for Review
C1455635891,C1642599478,TRANSFER,5141912.84,0.0,0.0,6635084.01,11776996.85,0.0,5141912.84,5141912.84,0.7749580950734496,-0.10342341138103528,Flagged for Review
C1916518108,C2091631147,TRANSFER,5173126.76,0.0,0.0,8307953.9,13481080.66,0.0,5173126.76,5173126.76,0.6226715024656669,-0.10342341138103528,Flagged for Review
C1023501341,C85102332,TRANSFER,5144679.71,0.0,0.0,6482753.08,11627432.79,0.0,5144679.709999999,5144679.71,0.7935947664391427,-0.10342341138103528,Flagged for Review
C260163594,C1366324846,TRANSFER,5050412.16,0.0,0.0,6261445.98,11311858.13,0.0,5050412.15,5050412.16,0.8065886649095286,-0.10342341138103528,Flagged for Review
C938824171,C1374126829,TRANSFER,5060979.03,0.0,0.0,6794258.63,11855237.66,0.0,5060979.03,5060979.03,0.7448904377532597,-0.10342341138103528,Flagged for Review
C1762906014,C909263528,TRANSFER,3436413.13,29616.74,0.0,47280501.27,50716914.41,29616.74,3436413.139999993,116.02550127052231,0.07268140068343651,-0.10341184384111768,Flagged for Review
C1448973498,C1795178972,TRANSFER,3856483.67,0.0,0.0,12415208.83,16271692.5,0.0,3856483.67,3856483.67,0.3106257343054507,-0.10303616484172584,Flagged for Review
C829970636,C691489263,TRANSFER,3879373.28,0.0,0.0,12114757.74,15994131.02,0.0,3879373.2799999993,3879373.28,0.32021878134405174,-0.10303616484172584,Flagged for Review
C1032698832,C1335926666,TRANSFER,2283353.56,0.0,0.0,40076861.32,42360214.89,0.0,2283353.5700000003,2283353.56,0.056974359463777505,-0.10282915273961402,Flagged for Review
C866519045,C945481527,TRANSFER,3796246.69,0.0,0.0,12080721.65,15876968.34,0.0,3796246.6899999995,3796246.69,0.31424003348011637,-0.10270442646943467,Flagged for Review
C179320324,C1819052020,TRANSFER,2634419.21,986661.69,0.0,3903289.22,9464707.75,986661.69,5561418.529999999,2.67003023089887,0.6749227091804616,-0.10266209237436053,Flagged for Review
C1701216783,C1241223356,TRANSFER,5066035.03,0.0,0.0,5278371.22,10484148.16,0.0,5205776.94,5066035.03,0.9597722212170934,-0.10265058441191643,Flagged for Review
C94269091,C2096924215,TRANSFER,5566368.02,5566368.02,0.0,0.0,0.0,5566368.02,0.0,0.9999998203496756,5566368.02,-0.10248000574632654,Flagged for Review
C1950353295,C1657975959,TRANSFER,10000000.0,10632.0,0.0,201449.47,11196126.64,10632.0,10994677.17,940.4683532399134,49.63999339390968,-0.10245913587461064,Flagged for Review
C2003297208,C747248533,TRANSFER,5363594.86,5363594.86,0.0,0.0,0.0,5363594.86,0.0,0.9999998135579141,5363594.86,-0.10214851817722304,Flagged for Review
C769795409,C803116137,TRANSFER,1155966.01,0.0,0.0,18582150.66,23768107.88,0.0,5185957.219999999,1155966.01,0.06220840466437136,-0.10165487660553874,Flagged for Review
C1148057412,C1820852843,TRANSFER,4853245.02,0.0,0.0,7995646.0,12848891.02,0.0,4853245.02,4853245.02,0.6069859037048534,-0.1014341771828382,Flagged for Review
C1083968882,C585705042,TRANSFER,3275265.3,0.0,0.0,14544627.34,17819892.64,0.0,3275265.3000000007,3275265.3,0.2251872803784548,-0.1013789682993328,Flagged for Review
C1741069193,C408304912,TRANSFER,4669106.64,0.0,0.0,10189030.17,14858136.81,0.0,4669106.640000001,4669106.64,0.458248341976561,-0.10128872961559177,Flagged for Review
C337410732,C1293578981,TRANSFER,4745841.07,0.0,0.0,6757383.83,11503224.91,0.0,4745841.08,4745841.07,0.7023191943916565,-0.10110316123622498,Flagged for Review
C651573869,C1927190290,TRANSFER,3512529.02,0.0,0.0,12061422.82,15573951.84,0.0,3512529.0199999996,3512529.02,0.2912200974295919,-0.10071713546198668,Flagged for Review
C968410515,C506334288,TRANSFER,4544754.18,0.0,0.0,10237018.53,14781772.71,0.0,4544754.180000002,4544754.18,0.44395286798871625,-0.100626978147216,Flagged for Review
C756630364,C1811285068,TRANSFER,6994056.54,50731.0,0.0,0.0,6994056.54,50731.0,6994056.54,137.86281912796656,6994056.54,-0.10054474412146408,Flagged for Review
C2019752569,C1274551835,TRANSFER,10000000.0,105083.0,0.0,1578591.32,12500183.81,105083.0,10921592.49,95.16196566556279,6.334757792309543,-0.10039353744022361,Flagged for Review
C1681320589,C737206206,TRANSFER,4567769.58,0.0,0.0,10034068.75,14601838.33,0.0,4567769.58,4567769.58,0.45522601434976073,-0.10029632621171569,Flagged for Review
C267430822,C1722213873,TRANSFER,6501913.22,167374.0,0.0,0.0,6501913.22,167374.0,6501913.22,38.846382195668404,6501913.22,-0.10011716854568653,Flagged for Review
C1970649132,C2120740214,TRANSFER,4755420.4,0.0,0.0,7099122.27,11854542.67,0.0,4755420.4,4755420.4,0.669860237544516,-0.10011100876858259,Flagged for Review
C454146236,C1761309511,TRANSFER,4956553.42,0.0,0.0,6034661.74,10991215.16,0.0,4956553.42,4956553.42,0.8213472125204465,-0.09978058951248281,Flagged for Review
C2029206186,C1542136677,TRANSFER,3416689.31,0.0,0.0,13427978.34,16844667.65,0.0,3416689.3099999987,3416689.31,0.2544455292556326,-0.09939525958966733,Flagged for Review
C834101356,C778731861,TRANSFER,8800864.48,21697.54,0.0,9338650.14,18139514.62,21697.54,8800864.48,405.59708072524694,0.9424128118785258,-0.09891171639810803,Flagged for Review
C1211334799,C633344977,TRANSFER,5099605.84,0.0,0.0,5266938.04,10366543.88,0.0,5099605.840000001,5099605.84,0.9682295164745252,-0.09890367956546897,Flagged for Review
C323517558,C831993978,TRANSFER,5218452.96,0.0,0.0,5257879.68,10476332.64,0.0,5218452.960000001,5218452.96,0.9925012143866301,-0.09890367956546897,Flagged for Review
C1640057198,C424559882,TRANSFER,7171620.64,18421.0,0.0,0.0,7171620.64,18421.0,7171620.64,389.29652806427094,7171620.64,-0.09890353877667224,Flagged for Review
C215688988,C625318323,TRANSFER,7107699.04,2020.0,0.0,0.0,7107699.04,2020.0,7107699.04,3516.921840672934,7107699.04,-0.09890353877667224,Flagged for Review
C92432919,C252499176,TRANSFER,2593159.15,0.0,0.0,17673081.69,20266240.85,0.0,2593159.16,2593159.15,0.1467293055482218,-0.09877086210076413,Flagged for Review
C435771320,C1407544519,TRANSFER,3332247.45,0.0,0.0,13127771.54,16460018.99,0.0,3332247.450000001,3332247.45,0.25383190025929564,-0.09873521547893604,Flagged for Review
C1869914754,C1927001022,TRANSFER,3249429.25,0.0,0.0,12999385.59,16248814.84,0.0,3249429.25,3249429.25,0.24996789098492378,-0.09873521547893604,Flagged for Review
C990163361,C574679668,TRANSFER,3438520.34,0.0,0.0,13114209.26,16552729.6,0.0,3438520.34,3438520.34,0.2621980486684678,-0.09873521547893604,Flagged for Review
C774814056,C900711437,TRANSFER,4644693.12,4644693.12,0.0,0.0,0.0,4644693.12,0.0,0.9999997847005693,4644693.12,-0.09847346057911033,Flagged for Review
C941946048,C34938557,TRANSFER,4716307.48,4716307.48,0.0,0.0,0.0,4716307.48,0.0,0.999999787969764,4716307.48,-0.09847346057911033,Flagged for Review
C1373717422,C2129847084,TRANSFER,2410625.56,163318.91,0.0,26822332.44,29706031.93,163318.91,2883699.4899999984,14.76014504294057,0.08987381971790147,-0.09817110445390265,Flagged for Review
C987568672,C95956849,TRANSFER,3830066.86,0.0,0.0,11059447.91,14889514.77,0.0,3830066.8599999994,3830066.86,0.3463162487722908,-0.09812465878971299,Flagged for Review
C937190302,C1370207725,TRANSFER,3522778.11,0.0,0.0,11200377.53,14706026.64,0.0,3505649.1100000013,3522778.11,0.3145231297821146,-0.09812465878971299,Flagged for Review
C1766783775,C599965815,TRANSFER,3861436.26,0.0,0.0,11351667.95,15213104.21,0.0,3861436.2600000016,3861436.26,0.3401646292724208,-0.09812465878971299,Flagged for Review
C837678568,C2112688314,CASH_IN,839688.04,6535567.41,7375255.45,37512808.42,36673120.38,-839688.04,-839688.0399999991,0.12847972621864118,0.02238403502650802,-0.09805982384232625,Flagged for Review
C909750529,C1372871689,TRANSFER,4423860.95,0.0,0.0,10283221.45,14707082.39,0.0,4423860.940000001,4423860.95,0.43020181382928274,-0.09803482020672138,Flagged for Review
C478316469,C279511874,TRANSFER,4961419.33,0.0,0.0,5913527.37,10874946.71,0.0,4961419.340000001,4961419.33,0.8389947624450138,-0.09791450136342272,Flagged for Review
C2073574568,C1165506567,TRANSFER,4442781.45,0.0,0.0,10376750.64,14819532.09,0.0,4442781.449999999,4442781.45,0.4281476134471693,-0.09770533721996233,Flagged for Review
C509320961,C778381245,TRANSFER,4237424.29,0.0,0.0,10484226.79,14721651.08,0.0,4237424.290000001,4237424.29,0.40417133000884564,-0.09770533721996233,Flagged for Review
C618318590,C639891956,TRANSFER,4411374.04,0.0,0.0,10321334.32,14732708.36,0.0,4411374.039999999,4411374.04,0.4274034224478621,-0.09770533721996233,Flagged for Review
C2015573949,C111210112,TRANSFER,4457869.72,0.0,0.0,10507482.12,14965351.84,0.0,4457869.720000001,4457869.72,0.42425666252224253,-0.09770533721996233,Flagged for Review
C2129589764,C2083562754,TRANSFER,2701250.65,0.0,0.0,15331147.47,18123750.85,0.0,2792603.380000001,2701250.65,0.17619362667355343,-0.09749355204575849,Flagged for Review
C899561146,C350251511,TRANSFER,6698084.64,59647.0,0.0,0.0,6698084.64,59647.0,6698084.64,112.29353272532188,6698084.64,-0.09747796067460035,Flagged for Review
C320173026,C1787429092,TRANSFER,4915801.28,0.0,0.0,5368597.33,10284398.6,0.0,4915801.27,4915801.28,0.9156582366257973,-0.09725579246467908,Flagged for Review
C1747502623,C1353625561,CASH_IN,1573923.99,17400288.91,18974212.9,3496949.35,1923025.36,-1573923.9899999984,-1573923.99,0.09045389462709245,0.45008474026518563,-0.09716447468702638,Flagged for Review
C1988089926,C1062357909,TRANSFER,2462055.31,0.0,0.0,21905256.34,24367311.65,0.0,2462055.3099999987,2462055.31,0.11239563506538564,-0.09712327420404865,Flagged for Review
C2064922684,C263789425,TRANSFER,2468316.04,0.0,0.0,21949605.17,24417921.21,0.0,2468316.039999999,2468316.04,0.11245377347014149,-0.09712327420404865,Flagged for Review
C1101397916,C1417679530,TRANSFER,4367913.44,0.0,0.0,10152255.98,14520169.42,0.0,4367913.4399999995,4367913.44,0.4302406300987862,-0.09704681692626371,Flagged for Review
C519410921,C1296938102,TRANSFER,4467421.25,0.0,0.0,10115100.54,14582521.79,0.0,4467421.25,4467421.25,0.4416585668797943,-0.09704681692626371,Flagged for Review
C1121061300,C1530747215,TRANSFER,4733026.74,0.0,0.0,5854478.35,10587505.09,0.0,4733026.74,4733026.74,0.8084453726871546,-0.09692666078502388,Flagged for Review
C299946299,C685697360,TRANSFER,4408899.02,0.0,0.0,10000000.0,14408899.02,0.0,4408899.02,4408899.02,0.44088985791101415,-0.09671777948534621,Flagged for Review
C1147457995,C1405429172,TRANSFER,4647534.22,0.0,0.0,9372377.27,14019911.49,0.0,4647534.220000001,4647534.22,0.49587565568883085,-0.09653600906126658,Flagged for Review
C786548391,C1008141615,TRANSFER,3965182.83,3965182.83,0.0,0.0,0.0,3965182.83,0.0,0.999999747804883,3965182.83,-0.0964976045456728,Flagged for Review
C1437293424,C210615466,TRANSFER,3864609.52,3864609.52,0.0,0.0,0.0,3864609.52,0.0,0.9999997412417125,3864609.52,-0.0964976045456728,Flagged for Review
C825773112,C1788130958,TRANSFER,4623672.09,0.0,0.0,7983481.35,12607153.44,0.0,4623672.09,4623672.09,0.5791547957765574,-0.09648722310274627,Flagged for Review
C1516559292,C72114584,CASH_IN,1391058.5,31271864.94,32662923.44,2881426.08,1490367.58,-1391058.5,-1391058.5,0.04448274697355651,0.48276720575555915,-0.09646128311298363,Flagged for Review
C1705133700,C288665596,TRANSFER,4991081.84,0.0,0.0,5175668.14,10166749.98,0.0,4991081.840000001,4991081.84,0.9643355680189403,-0.0962688426303322,Flagged for Review
C992240605,C1959958556,TRANSFER,4602708.29,0.0,0.0,7297339.04,11900047.33,0.0,4602708.29,4602708.29,0.6307378119657968,-0.0961584380139272,Flagged for Review
C54210128,C1782510848,TRANSFER,3617774.16,0.0,0.0,10762757.01,14380531.17,0.0,3617774.16,3617774.16,0.33613820515509296,-0.09614974545813126,Flagged for Review
C361065588,C832954058,TRANSFER,4582981.93,0.0,0.0,6881627.76,11464609.69,0.0,4582981.93,4582981.93,0.665973433010356,-0.09582980119266149,Flagged for Review
C1444550722,C807303528,TRANSFER,4687454.82,0.0,0.0,7233154.86,11920609.68,0.0,4687454.819999999,4687454.82,0.6480511288194473,-0.09582980119266149,Flagged for Review
C31127119,C28708826,TRANSFER,4599065.31,0.0,0.0,6287261.0,10886326.31,0.0,4599065.3100000005,4599065.31,0.7314893685041278,-0.09550131257208705,Flagged for Review
C577448270,C1442289110,CASH_IN,366806.71,25164891.74,25531698.45,33951641.22,33584834.51,-366806.7100000009,-366806.7100000009,0.014576128489391688,0.010803798756571606,-0.09539862806522892,Flagged for Review
C1087016252,C227076444,TRANSFER,2799722.63,505064.12,0.0,0.0,3375673.51,505064.12,3375673.51,5.543290397879782,2799722.63,-0.095374448691114,Flagged for Review
C1435384388,C778559237,TRANSFER,3646074.46,0.0,0.0,10599015.23,14245089.69,0.0,3646074.459999999,3646074.46,0.3440012149127542,-0.0951642912841496,Flagged for Review
C1268360572,C1328991385,TRANSFER,3690083.97,82.0,0.0,20951484.52,24641568.5,82.0,3690083.9800000004,44458.84301204819,0.1761251710041036,-0.0949478106787921,Flagged for Review
C667705109,C1811616461,TRANSFER,6344623.68,105023.0,0.0,0.0,6344623.68,105023.0,6344623.68,60.411179159049354,6344623.68,-0.09493162482915563,Flagged for Review
C2143050911,C1934399012,TRANSFER,3280789.76,0.0,0.0,11167407.79,14448197.55,0.0,3280789.7600000016,3280789.76,0.29378254362263745,-0.09483610277914978,Flagged for Review
C1394650364,C38997010,TRANSFER,3281447.08,0.0,0.0,11414501.28,14695948.36,0.0,3281447.08,3281447.08,0.2874805225410144,-0.09450806227267028,Flagged for Review
C737973991,C1542709859,TRANSFER,4008740.83,0.0,0.0,10281960.58,14290701.41,0.0,4008740.83,4008740.83,0.3898809384580486,-0.09441090814574304,Flagged for Review
C1230795435,C1444364995,TRANSFER,4395098.3,0.0,0.0,9815778.08,14210876.39,0.0,4395098.3100000005,4395098.3,0.44775847787315926,-0.09428610634372592,Flagged for Review
C1803037426,C573209336,TRANSFER,2292214.96,0.0,0.0,23210241.68,25502456.63,0.0,2292214.9499999993,2292214.96,0.09875876748049581,-0.09414760708522607,Flagged for Review
C581771665,C1360767589,TRANSFER,1107283.97,0.0,0.0,9162711.27,18482735.85,0.0,9320024.580000002,1107283.97,0.12084674683340242,-0.09402840099001253,Flagged for Review
C951637742,C1040847151,TRANSFER,1970882.81,0.0,0.0,44942535.3,46913418.11,0.0,1970882.8100000024,1970882.81,0.043853395296695796,-0.09401704170193337,Flagged for Review
C1402757108,C211845884,TRANSFER,2335018.38,0.0,0.0,23141361.16,25476379.54,0.0,2335018.379999999,2335018.38,0.10090237401997428,-0.09381987705989525,Flagged for Review
C1722081269,C271877638,TRANSFER,2287471.14,0.0,0.0,20232765.04,22520236.18,0.0,2287471.1400000006,2287471.14,0.113057756684266,-0.09381987705989525,Flagged for Review
C605057008,C1096018897,TRANSFER,2304139.05,0.0,0.0,24159025.42,26463164.47,0.0,2304139.049999997,2304139.05,0.09537383708858908,-0.09381987705989525,Flagged for Review
C1524344473,C1967256088,TRANSFER,6542075.05,29841.0,0.0,0.0,6542075.05,29841.0,6542075.05,219.2237467327927,6542075.05,-0.09376487945477141,Flagged for Review
C1980385263,C1616225332,CASH_IN,361960.24,23858018.62,24219978.86,27335379.19,26973418.95,-361960.23999999836,-361960.2400000021,0.015171428549609014,0.013241456218429131,-0.09375863695682074,Flagged for Review
C835291321,C346325956,TRANSFER,2637935.02,5067.0,0.0,0.0,3904955.52,5067.0,3904955.52,520.5080939226519,2637935.02,-0.09359555328435276,Flagged for Review
C2013731472,C66800437,TRANSFER,3063944.66,0.0,0.0,11659089.64,14723034.3,0.0,3063944.66,3063944.66,0.26279447982745935,-0.09352482807709683,Flagged for Review
C266171929,C761470195,TRANSFER,4836017.25,0.0,0.0,5092673.88,9928691.12,0.0,4836017.239999999,4836017.25,0.9496025888069258,-0.09300314065487425,Flagged for Review
C1078658354,C1251686742,TRANSFER,4153891.28,0.0,0.0,9524052.91,13677944.19,0.0,4153891.2799999993,4153891.28,0.4361473926180243,-0.09297582306718832,Flagged for Review
C769959090,C1028398685,TRANSFER,3125563.86,0.0,0.0,11298734.13,14424297.99,0.0,3125563.8599999994,3125563.86,0.27662953631872594,-0.0928700773832043,Flagged for Review
C1089956793,C640020595,TRANSFER,3400319.73,0.0,0.0,8615646.87,12204461.9,0.0,3588815.030000001,3400319.73,0.3946679090541801,-0.09255298727761208,Flagged for Review
C1319228552,C1337504025,TRANSFER,3627394.55,0.0,0.0,10585077.51,14212472.06,0.0,3627394.5500000007,3627394.55,0.34268943273052777,-0.09241070349701508,Flagged for Review
C150966299,C1021961305,TRANSFER,4431996.14,0.0,0.0,9357702.66,13789698.8,0.0,4431996.140000001,4431996.14,0.4736200569104151,-0.09232156741567166,Flagged for Review
C1581189615,C662822148,TRANSFER,4055421.11,0.0,0.0,9732313.94,13787735.06,0.0,4055421.120000001,4055421.11,0.41669645248862036,-0.09232156741567166,Flagged for Review
C1995369653,C1141137903,TRANSFER,2730299.9,0.0,0.0,14640433.52,17202746.09,0.0,2562312.5700000003,2730299.9,0.1864903597137225,-0.09228524838749819,Flagged for Review
C814171762,C1883105795,TRANSFER,4208093.75,0.0,0.0,6512494.46,10720588.21,0.0,4208093.750000001,4208093.75,0.6461568803918982,-0.09227306344326547,Flagged for Review
C307277809,C1866546631,TRANSFER,4437921.35,0.0,0.0,8347261.48,12785182.83,0.0,4437921.35,4437921.35,0.5316618904261412,-0.09227306344326547,Flagged for Review
C1751389112,C776447774,TRANSFER,2242487.02,0.0,0.0,24945712.28,27188199.31,0.0,2242487.0299999975,2242487.02,0.08989468430224817,-0.09211564535522043,Flagged for Review
C1824703175,C2120340616,TRANSFER,3474644.99,0.0,0.0,10574626.79,14049271.77,0.0,3474644.9800000004,3474644.99,0.3285831954563765,-0.09208375673848734,Flagged for Review
C1225078806,C260094734,TRANSFER,6406222.03,53435.0,0.0,0.0,6406222.03,53435.0,6406222.03,119.88588273822891,6406222.03,-0.09208007770880589,Flagged for Review
C1096222824,C358473292,TRANSFER,4681707.0,0.0,0.0,5843767.99,10525474.99,0.0,4681707.0,4681707.0,0.8011451185033924,-0.0920100847824572,Flagged for Review
C470850718,C2116153614,TRANSFER,2472785.79,0.0,0.0,3090264.52,7237015.95,0.0,4146751.43,2472785.79,0.8001855419854019,-0.09194808916266228,Flagged for Review
C1198808064,C1097212588,TRANSFER,3984760.95,0.0,0.0,4494910.31,8137425.38,0.0,3642515.0700000003,3984760.95,0.8865049108165831,-0.09136995794190239,Flagged for Review
C357567445,C1264320899,TRANSFER,4308078.73,0.0,0.0,8936707.97,13244786.7,0.0,4308078.729999999,4308078.73,0.4820654610620044,-0.09129285154163247,Flagged for Review
C1114568921,C586106859,TRANSFER,1962633.79,0.0,0.0,32447004.7,34409638.49,0.0,1962633.7900000028,1962633.79,0.06048736232077033,-0.09107331534105911,Flagged for Review
C972883682,C1000995140,TRANSFER,3884746.85,0.0,0.0,10136626.52,14021373.38,0.0,3884746.8600000013,3884746.85,0.3832385911719878,-0.09100710157059666,Flagged for Review
C1736628840,C747793460,TRANSFER,3712557.67,0.0,0.0,10506952.15,14219509.82,0.0,3712557.67,3712557.67,0.35334293557785584,-0.09100710157059666,Flagged for Review
C625403909,C1252122735,TRANSFER,2289881.62,0.0,0.0,4358818.1,7853205.69,0.0,3494387.590000001,2289881.62,0.5253444952556072,-0.0909683167099391,Flagged for Review
C1745659836,C597190999,TRANSFER,2454481.57,0.0,0.0,3040669.17,6901379.04,0.0,3860709.87,2454481.57,0.8072173017042489,-0.0909683167099391,Flagged for Review
C84822222,C1510766173,CASH_IN,953453.85,25435464.92,26388918.77,4938428.7,3947850.92,-953453.8499999978,-990577.7800000003,0.037485212694700266,0.1930682236906197,-0.09091447489337368,Flagged for Review
C940147760,C917769902,TRANSFER,3608587.98,0.0,0.0,10242482.89,13851070.87,0.0,3608587.9799999986,3608587.98,0.35231570962226816,-0.09035462113160031,Flagged for Review
C1270676825,C393980565,TRANSFER,4043413.38,0.0,0.0,7735828.57,11779241.95,0.0,4043413.379999999,4043413.38,0.5226864608910974,-0.09031396513889989,Flagged for Review
C498130674,C225852166,TRANSFER,3881825.5,0.0,0.0,9423206.26,13277800.35,0.0,3854594.09,3881825.5,0.41194313070855665,-0.09002860157540682,Flagged for Review
C256950950,C1761861940,TRANSFER,3193946.09,0.0,0.0,9513146.36,12873908.07,0.0,3360761.710000001,3193946.09,0.3357402097469454,-0.08994102526732162,Flagged for Review
C695302819,C1247538193,TRANSFER,5737877.25,19741.0,0.0,0.0,5737877.25,19741.0,5737877.25,290.64315925438154,5737877.25,-0.0898058361337496,Flagged for Review
C1641777250,C336616319,TRANSFER,1011133.79,0.0,0.0,11603871.98,17530374.23,0.0,5926502.25,1011133.79,0.08713761273867374,-0.08948281021560012,Flagged for Review
C1020612011,C270335573,TRANSFER,1929291.82,0.0,0.0,28110221.56,30039513.38,0.0,1929291.8200000003,1929291.82,0.06863310370033585,-0.08944306806560609,Flagged for Review
C1813086846,C603093615,TRANSFER,5126564.46,101742.0,0.0,0.0,5126564.46,101742.0,5126564.46,50.38739235131655,5126564.46,-0.08942258999267738,Flagged for Review
C640287784,C272936322,TRANSFER,2663566.31,45840.0,0.0,44308626.34,46972192.65,45840.0,2663566.309999995,58.104454745751625,0.06011394326349266,-0.08904517093295183,Flagged for Review
C1119573992,C1400085107,TRANSFER,1849500.77,0.0,0.0,9567231.63,12755877.59,0.0,3188645.959999999,1849500.77,0.19331617004906046,-0.08878195542638445,Flagged for Review
C2142818219,C657051357,TRANSFER,4019390.35,0.0,0.0,8383284.0,12402674.35,0.0,4019390.3499999996,4019390.35,0.4794529053944844,-0.08867772949761621,Flagged for Review
C714986042,C890719423,CASH_IN,275056.66,21997575.43,22272632.09,70193310.95,69918254.28,-275056.66000000015,-275056.6700000018,0.012503952918417022,0.0039185593663955895,-0.08860864427642601,Flagged for Review
C1870534987,C1505364980,TRANSFER,3808550.3,0.0,0.0,9554613.5,13363163.81,0.0,3808550.3100000005,3808550.3,0.39860847342401934,-0.0884007077751977,Flagged for Review
C2104801160,C1805889045,TRANSFER,3940118.65,0.0,0.0,6594085.26,10534203.91,0.0,3940118.6500000004,3940118.65,0.5975230675857128,-0.08835246614548509,Flagged for Review
C517957666,C1347476631,TRANSFER,3763568.06,0.0,0.0,7550591.16,11314159.22,0.0,3763568.0600000005,3763568.06,0.49844674169237607,-0.08835246614548509,Flagged for Review
C340255940,C1757215015,TRANSFER,5348096.42,50903.0,0.0,0.0,5348096.42,50903.0,5348096.42,105.06240020430614,5348096.42,-0.0882164469795309,Flagged for Review
C1734633704,C1245689449,TRANSFER,3135143.68,0.0,0.0,4520941.3,8074924.12,0.0,3553982.8200000003,3135143.68,0.6934712880542626,-0.08817922347037999,Flagged for Review
C1484853917,C73851048,TRANSFER,3811814.52,0.0,0.0,9426310.85,13238125.37,0.0,3811814.5199999996,3811814.52,0.40438026883228995,-0.08807556934762784,Flagged for Review
C1495822349,C1204620528,TRANSFER,3499379.02,0.0,0.0,10118595.03,13617974.05,0.0,3499379.0200000014,3499379.02,0.3458364193634085,-0.08807556934762784,Flagged for Review
C453228552,C795240919,TRANSFER,3813791.6,0.0,0.0,8530355.01,12344146.61,0.0,3813791.5999999996,3813791.6,0.4470846932448251,-0.08802734947275959,Flagged for Review
C1746416770,C1540323327,TRANSFER,3847914.18,0.0,0.0,7087496.27,10935410.45,0.0,3847914.1799999997,3847914.18,0.5429157900755002,-0.08802734947275959,Flagged for Review
C631926040,C966995914,TRANSFER,3853866.67,0.0,0.0,6461640.45,10315507.12,0.0,3853866.669999999,3853866.67,0.5964222403581368,-0.08802734947275959,Flagged for Review
C79962735,C90914310,TRANSFER,5548590.69,430130.74,0.0,6631640.75,12180231.44,430130.74,5548590.6899999995,12.89974715653395,0.8366843233050097,-0.08793442614834612,Flagged for Review
C44728566,C835534799,TRANSFER,4285576.09,0.0,0.0,5443037.63,9662418.87,0.0,4219381.239999999,4285576.09,0.7873499310439397,-0.08783620210137699,Flagged for Review
C1743632471,C373738650,TRANSFER,4555341.14,0.0,0.0,5027378.82,9582719.96,0.0,4555341.140000001,4555341.14,0.9061064218537599,-0.08778799824244754,Flagged for Review
C1084423054,C1445912285,TRANSFER,4594444.33,0.0,0.0,5186688.28,9781132.61,0.0,4594444.329999999,4594444.33,0.8858144534927683,-0.08778799824244754,Flagged for Review
C1395532268,C1540345108,TRANSFER,2444876.02,0.0,0.0,12546103.02,15383849.91,0.0,2837746.8900000006,2444876.02,0.19487133345160965,-0.08777381228116121,Flagged for Review
C348648890,C1973452258,TRANSFER,3413909.82,0.0,0.0,10406350.9,13820260.72,0.0,3413909.8200000003,3413909.82,0.3280601936976588,-0.08775057754312832,Flagged for Review
C2055065368,C1661965855,TRANSFER,3749877.2,0.0,0.0,7064034.08,10813911.28,0.0,3749877.1999999993,3749877.2,0.5308406820652425,-0.08770237941329384,Flagged for Review
C895567936,C1055635516,TRANSFER,2537602.7,259989.0,0.0,0.0,3221705.22,259989.0,3221705.22,9.76038578406862,2537602.7,-0.08758456165614104,Flagged for Review
C30702416,C852530355,TRANSFER,5454299.05,235.0,0.0,0.0,5454299.05,235.0,5454299.05,23111.436652542372,5454299.05,-0.08757670084830771,Flagged for Review
C649961237,C1812152397,TRANSFER,3283695.97,3283695.97,0.0,0.0,0.0,3283695.97,0.0,0.9999996954652,3283695.97,-0.08756846767265403,Flagged for Review
C1521080797,C875917495,TRANSFER,1831132.09,0.0,0.0,9018622.56,12394546.78,0.0,3375924.219999999,1831132.09,0.2030389757170439,-0.08748159395171295,Flagged for Review
C1650163684,C1874692231,TRANSFER,3759183.01,0.0,0.0,8952261.54,12711444.55,0.0,3759183.0100000016,3759183.01,0.41991429464936136,-0.08737755590097163,Flagged for Review
C1611791806,C1508899185,TRANSFER,3955958.07,0.0,0.0,8086141.42,12042099.49,0.0,3955958.0700000003,3955958.07,0.48922686053803144,-0.0870528788697068,Flagged for Review
C12395992,C1258910759,TRANSFER,3633289.59,0.0,0.0,6944058.56,10577348.15,0.0,3633289.590000001,3633289.59,0.5232226997200468,-0.0870528788697068,Flagged for Review
C1032890744,C2098986804,TRANSFER,3051426.59,43597.09,0.0,16211180.94,19262607.53,43597.09,3051426.5900000017,69.98991446643649,0.18822974174824417,-0.08694049915062041,Flagged for Review
C843711161,C1789550256,TRANSFER,1792125.97,0.0,0.0,158680773.95,160472899.93,0.0,1792125.980000019,1792125.97,0.011293907346776542,-0.08674617800550921,Flagged for Review
C989827106,C768343852,TRANSFER,3354109.16,955.34,0.0,4358781.92,10193346.54,955.34,5834564.619999999,3507.235041930694,0.7695058968433326,-0.08653517834331648,Flagged for Review
C1145165328,C74969520,TRANSFER,5074978.71,305470.92,0.0,9625288.08,14700266.8,305470.92,5074978.720000001,16.61356863832198,0.5272546796069838,-0.08651844177321621,Flagged for Review
C359397051,C679886452,TRANSFER,4648732.96,0.0,0.0,4671765.69,9320498.65,0.0,4648732.96,4648732.96,0.9950695889738448,-0.08648942847850316,Flagged for Review
C1016255417,C308220962,TRANSFER,3525180.48,0.0,0.0,6957818.68,10482999.16,0.0,3525180.4800000004,3525180.48,0.5066501637191034,-0.08640396398615291,Flagged for Review
C1670275531,C2074628291,TRANSFER,3868963.55,0.0,0.0,6136952.43,9993142.28,0.0,3856189.8499999996,3868963.55,0.6304371695386973,-0.08640396398615291,Flagged for Review
C1349944566,C2013374475,CASH_IN,1225177.33,19050044.61,20275221.94,2582240.86,1357063.54,-1225177.330000002,-1225177.3199999998,0.06431361662235936,0.4744626554849514,-0.0863379503622802,Flagged for Review
C1472529103,C1044247415,TRANSFER,5338937.61,15478.0,0.0,0.0,5338937.61,15478.0,5338937.61,344.91489178887525,5338937.61,-0.08627851196979153,Flagged for Review
C995951437,C1279456646,TRANSFER,3134625.65,0.0,0.0,10470456.38,13605082.04,0.0,3134625.6599999983,3134625.65,0.29937810128405296,-0.08612781555350812,Flagged for Review
C306914084,C5056634,TRANSFER,3716245.29,0.0,0.0,6285920.69,10002165.98,0.0,3716245.29,3716245.29,0.5912013342310664,-0.08607972600184033,Flagged for Review
C1067902428,C2129529014,TRANSFER,6216773.32,111362.0,0.0,9694155.62,15910928.93,111362.0,6216773.3100000005,55.82440595170748,0.6412907861602096,-0.08606831829082284,Flagged for Review
C1524516587,C589566356,TRANSFER,1840723.65,0.0,0.0,31180430.93,33021154.58,0.0,1840723.6499999985,1840723.65,0.0590345782936048,-0.08586943973107042,Flagged for Review
C1919578698,C983762944,TRANSFER,4505711.35,0.0,0.0,4550833.73,9056545.08,0.0,4505711.35,4505711.35,0.9900845926786709,-0.08584102166284546,Flagged for Review
C345902758,C1322166109,CASH_IN,955926.84,19379365.35,20335292.19,4681228.92,3725302.08,-955926.8399999999,-955926.8399999999,0.04932704314142861,0.20420420623134017,-0.08583668644508535,Flagged for Review
C478532233,C1188145688,CASH_OUT,5477272.72,5477272.72,0.0,0.0,5477272.72,5477272.72,5477272.72,0.999999817427419,5477272.72,-0.08581579056521071,Flagged for Review
C385212224,C1245609030,TRANSFER,3245948.34,0.0,0.0,10011187.21,13257135.55,0.0,3245948.34,3245948.34,0.32423207634411255,-0.0858037020999417,Flagged for Review
C2064047806,C481768471,TRANSFER,3550341.74,0.0,0.0,7135134.74,10685476.48,0.0,3550341.74,3550341.74,0.49758573198496714,-0.08575563423453769,Flagged for Review
C936150968,C1510405270,TRANSFER,3965743.77,0.0,0.0,6083897.34,10049641.1,0.0,3965743.76,3965743.77,0.6518425437726825,-0.08575563423453769,Flagged for Review
C1087066377,C1065980969,TRANSFER,3653826.51,0.0,0.0,6326945.4,9980771.91,0.0,3653826.51,3653826.51,0.5775023651219804,-0.08575563423453769,Flagged for Review
C1388413044,C112165169,TRANSFER,3657329.73,0.0,0.0,8035067.45,11692397.18,0.0,3657329.7299999995,3657329.73,0.4551709487926017,-0.08575563423453769,Flagged for Review
C980687904,C552476358,TRANSFER,2805744.31,0.0,0.0,14210376.36,17016120.67,0.0,2805744.3100000024,2805744.31,0.19744333587493135,-0.08565632086939323,Flagged for Review
C2065148390,C2110699229,TRANSFER,10000000.0,134388.0,0.0,569389.62,10909763.48,134388.0,10340373.860000001,74.41085207866715,17.56263564721175,-0.08543520421168471,Flagged for Review
C1014831439,C2143015292,TRANSFER,3995373.45,0.0,0.0,6086697.83,10082071.28,0.0,3995373.4499999993,3995373.45,0.656410570259807,-0.08543168861830774,Flagged for Review
C1476916278,C1100767002,TRANSFER,3493848.91,0.0,0.0,7439015.79,10932864.7,0.0,3493848.909999999,3493848.91,0.4696654152866887,-0.08543168861830774,Flagged for Review
C1113138040,C1712354124,TRANSFER,3470743.06,0.0,0.0,8010609.18,11481352.25,0.0,3470743.0700000003,3470743.06,0.4332682507339285,-0.08543168861830774,Flagged for Review
C224442112,C257999182,TRANSFER,1483910.06,255323.87,0.0,8711392.78,14960679.69,255323.87,6249286.91,5.811850839285652,0.170341290667726,-0.08538773737301364,Flagged for Review
C98856945,C1520500017,TRANSFER,2707180.32,2336.45,0.0,38567105.81,41274286.13,2336.45,2707180.3200000003,1158.1767823910673,0.07019402138036601,-0.08505136382554934,Flagged for Review
C234458729,C766681183,TRANSFER,1154104.37,0.0,0.0,13146711.0,17356500.26,0.0,4209789.260000002,1154104.37,0.08778654084762792,-0.08494586755566091,Flagged for Review
C1135286699,C845520922,TRANSFER,3092832.38,0.0,0.0,7317514.13,10499717.31,0.0,3182203.1800000006,3092832.38,0.4226615627100179,-0.08478423557546466,Flagged for Review
C381466769,C1759482496,TRANSFER,3065138.04,0.0,0.0,10039989.76,13105127.8,0.0,3065138.040000001,3065138.04,0.3052929144329213,-0.08450870923522569,Flagged for Review
C399189377,C1784337750,CASH_IN,722615.13,26165321.26,26887936.38,3892771.07,3170155.94,-722615.1199999973,-722615.1299999999,0.027617283778105472,0.1856299616329707,-0.08449365070158499,Flagged for Review
C1782182552,C269730668,TRANSFER,4619455.39,118508.0,0.0,0.0,4619455.39,118508.0,4619455.39,38.97978541714131,4619455.39,-0.0844869049273802,Flagged for Review
C1182752032,C1986409736,TRANSFER,3769889.91,197631.0,0.0,0.0,3769889.91,197631.0,3769889.91,19.075301115204017,3769889.91,-0.08445271352182293,Flagged for Review
C1592039502,C192569236,TRANSFER,3764452.45,207188.0,0.0,0.0,3764452.45,207188.0,3764452.45,18.16917138458123,3764452.45,-0.08445271352182293,Flagged for Review
C672955946,C287582909,CASH_IN,671597.74,19672799.09,20344396.83,6299841.48,5652219.53,-671597.7399999984,-647621.9500000002,0.03413839092185885,0.10660548134847968,-0.08441677321024699,Flagged for Review
C1440876689,C944011711,TRANSFER,2240974.97,0.0,0.0,15929244.7,18170219.67,0.0,2240974.9700000025,2240974.97,0.1406830563232508,-0.08436063013592243,Flagged for Review
C36508338,C2145135579,TRANSFER,5187836.19,17869.0,0.0,0.0,5187836.19,17869.0,5187836.19,290.3098035814214,5187836.19,-0.08433561505822373,Flagged for Review
C506049638,C248311070,TRANSFER,5095937.73,20262.0,0.0,0.0,5095937.73,20262.0,5095937.73,251.48979568671965,5095937.73,-0.08433561505822373,Flagged for Review
C1902903963,C294463412,TRANSFER,3338954.98,0.0,0.0,9361343.05,12700298.03,0.0,3338954.9799999986,3338954.98,0.35667474266155186,-0.08418532592709649,Flagged for Review
C571999260,C1123028001,TRANSFER,3302311.69,0.0,0.0,9232735.25,12535046.94,0.0,3302311.6899999995,3302311.69,0.3576742149435927,-0.08418532592709649,Flagged for Review
C92564776,C1406749291,TRANSFER,3211443.59,0.0,0.0,8445626.61,11657070.21,0.0,3211443.6000000015,3211443.59,0.38024925302146967,-0.08413736634640645,Flagged for Review
C1120915665,C1248272338,TRANSFER,3400636.0,0.0,0.0,8511524.34,11912160.34,0.0,3400636.0,3400636.0,0.39953308768507995,-0.08413736634640645,Flagged for Review
C27765734,C728538990,TRANSFER,3071270.72,3071270.72,0.0,0.0,0.0,3071270.72,0.0,0.999999674401977,3071270.72,-0.08402305246306951,Flagged for Review
C1921052827,C117597233,TRANSFER,3150438.28,3150438.28,0.0,0.0,0.0,3150438.28,0.0,0.9999996825839474,3150438.28,-0.08402305246306951,Flagged for Review
C1676846124,C38747638,TRANSFER,4308440.62,0.0,0.0,5291432.59,9599873.21,0.0,4308440.620000001,4308440.62,0.8142293665259815,-0.08394725080159093,Flagged for Review
C37346716,C753650338,TRANSFER,3014173.52,0.0,0.0,10163322.27,13177495.8,0.0,3014173.530000001,3014173.52,0.29657361474442206,-0.0838620884505562,Flagged for Review
C2072700664,C1913557950,TRANSFER,3223423.28,0.0,0.0,8615905.72,11839329.0,0.0,3223423.2799999993,3223423.28,0.374124672510382,-0.08381415049751872,Flagged for Review
C267605568,C705829968,CASH_IN,6386.68,25363494.69,25369881.37,44646591.93,44918603.24,-6386.679999999702,272011.3100000024,0.00025180598439820186,0.00014304966137087944,-0.08366177054083568,Flagged for Review
C998899702,C1292005039,TRANSFER,4446221.59,0.0,0.0,4894366.46,9340588.04,0.0,4446221.579999999,4446221.59,0.9084364070204078,-0.08362412068641689,Flagged for Review
C277246308,C1329589315,TRANSFER,3019774.59,0.0,0.0,9939390.6,12959165.18,0.0,3019774.58,3019774.59,0.3038188564780967,-0.08353899673984111,Flagged for Review
C442530902,C791171671,TRANSFER,1941846.48,0.0,0.0,21400687.1,23342533.58,0.0,1941846.4799999967,1941846.48,0.09073757212507573,-0.08349889162209023,Flagged for Review
C161161659,C1102319340,TRANSFER,1993866.82,0.0,0.0,20967853.69,22961720.51,0.0,1993866.8200000003,1993866.82,0.09509159851965761,-0.08349889162209023,Flagged for Review
C1226121756,C1387050166,TRANSFER,2519141.7,0.0,0.0,15523770.4,18042912.1,0.0,2519141.700000001,2519141.7,0.16227639760271143,-0.08347212204600551,Flagged for Review
C1510764863,C946799719,TRANSFER,4292684.42,0.0,0.0,4375022.9,8667707.31,0.0,4292684.41,4292684.42,0.9811796502414535,-0.08330113628865288,Flagged for Review
C815636062,C1589608184,TRANSFER,4183549.05,0.0,0.0,5152003.84,9335552.9,0.0,4183549.0600000005,4183549.05,0.8120235092791567,-0.08330113628865288,Flagged for Review
C1021253905,C1283599638,TRANSFER,3454500.03,0.0,0.0,6532207.82,9986707.85,0.0,3454500.0299999993,3454500.03,0.5288410283858622,-0.08316815600223015,Flagged for Review
C366210516,C1877132706,TRANSFER,2772748.37,2772748.37,0.0,0.0,0.0,2772748.37,0.0,0.9999996393471365,2772748.37,-0.0830539967006998,Flagged for Review
C1676911086,C418573183,TRANSFER,4406296.95,0.0,0.0,4585289.45,8991586.4,0.0,4406296.95,4406296.95,0.96096354157892,-0.08297829754258679,Flagged for Review
C1521181173,C59215997,TRANSFER,2999421.43,0.0,0.0,9731026.68,12730448.11,0.0,2999421.4299999997,2999421.43,0.30823275080849427,-0.08289325035298045,Flagged for Review
C1679858603,C549809306,TRANSFER,4587140.01,241072.66,0.0,11705218.31,16292358.31,241072.66,4587140.0,19.027960209340165,0.3918884292993225,-0.08289174746678407,Flagged for Review
C859401251,C177219390,TRANSFER,3846794.48,0.0,0.0,5936485.19,9783279.67,0.0,3846794.4799999995,3846794.48,0.6479918182038253,-0.08285967658046622,Flagged for Review
C1853378250,C1972152749,TRANSFER,3570657.11,0.0,0.0,6351490.21,9922147.32,0.0,3570657.1100000003,3570657.11,0.5621761869682254,-0.08285967658046622,Flagged for Review
C949655507,C1881694426,TRANSFER,3209150.27,0.0,0.0,7375150.5,10584300.77,0.0,3209150.2699999996,3209150.27,0.43513008105664,-0.08284537722439977,Flagged for Review
C336742283,C1981723789,TRANSFER,3245623.12,0.0,0.0,7258354.01,10503977.14,0.0,3245623.130000001,3245623.12,0.44715684415111023,-0.08284537722439977,Flagged for Review
C719917172,C1075795069,TRANSFER,2735097.37,0.0,0.0,13769393.01,16504490.38,0.0,2735097.370000001,2735097.37,0.19863600155632413,-0.08274646620641757,Flagged for Review
C1035959829,C1152194738,TRANSFER,2718557.47,0.0,0.0,13488877.46,16207434.93,0.0,2718557.469999999,2718557.47,0.2015406601862139,-0.08274646620641757,Flagged for Review
C1407109990,C2007670373,TRANSFER,4179007.69,0.0,0.0,4456116.32,8635124.01,0.0,4179007.6899999995,4179007.69,0.9378136592687375,-0.08265560438253616,Flagged for Review
C1970167632,C605769476,TRANSFER,4332509.88,0.0,0.0,4972505.05,9305014.93,0.0,4332509.88,4332509.88,0.8712930334192354,-0.08265560438253616,Flagged for Review
C1724440855,C1341064083,TRANSFER,4192374.35,0.0,0.0,4335968.35,8528342.7,0.0,4192374.3499999996,4192374.35,0.9668828378595435,-0.08265560438253616,Flagged for Review
C1938097813,C683642333,TRANSFER,4266784.78,0.0,0.0,4331065.09,8597849.87,0.0,4266784.779999999,4266784.78,0.9851580861006903,-0.08265560438253616,Flagged for Review
C500504722,C1891572828,TRANSFER,4107416.4,0.0,0.0,5769240.01,9876656.41,0.0,4107416.4000000004,4107416.4,0.7119509122396674,-0.08265560438253616,Flagged for Review
C1368549049,C1881694426,CASH_IN,503857.92,21891225.11,22395083.04,10974060.15,10470202.23,-503857.9299999997,-503857.9199999999,0.023016432129849305,0.04591353311349099,-0.08258991428915152,Flagged for Review
C675527289,C1339179775,TRANSFER,3099281.12,0.0,0.0,9070356.99,12169638.12,0.0,3099281.129999999,3099281.12,0.3416933624248275,-0.08252274400554171,Flagged for Review
C175566141,C1955948959,TRANSFER,3425944.41,0.0,0.0,7254929.42,10680873.83,0.0,3425944.41,3425944.41,0.4722229176113863,-0.08252274400554171,Flagged for Review
C1887424089,C1881447047,TRANSFER,3625044.74,0.0,0.0,6010800.8,9635845.55,0.0,3625044.750000001,3625044.74,0.6030883833168481,-0.08221454274223383,Flagged for Review
C1315353304,C1080676021,TRANSFER,1831624.05,0.0,0.0,27860433.19,29692057.24,0.0,1831624.049999997,1831624.05,0.0657428393796328,-0.08220805341687454,Flagged for Review
C512781358,C146662946,TRANSFER,4524395.39,47831.46,0.0,13224037.64,17748433.03,47831.46,4524395.390000001,94.5883901852424,0.34213416288081866,-0.08199609149983478,Flagged for Review
C1849704334,C2021595908,CASH_IN,428610.03,11013938.29,11442548.31,176195933.83,175767323.8,-428610.0200000014,-428610.0300000012,0.03891523447828993,0.0024325761568423127,-0.0819830154769643,Flagged for Review
C443302262,C1488894874,TRANSFER,3645193.24,0.0,0.0,6188073.96,9833267.2,0.0,3645193.2399999993,3645193.24,0.5890674019889378,-0.08189219400186476,Flagged for Review
C1131884196,C97856418,TRANSFER,2739248.3,2739248.3,0.0,0.0,0.0,2739248.3,0.0,0.9999996349364769,2739248.3,-0.0817639604646393,Flagged for Review
C829335128,C897120803,TRANSFER,2763025.35,2763025.35,0.0,0.0,0.0,2763025.35,0.0,0.9999996380780082,2763025.35,-0.0817639604646393,Flagged for Review
C2036787212,C72348796,TRANSFER,3536269.24,0.0,0.0,6067383.34,9603652.59,0.0,3536269.25,3536269.24,0.58283257526422,-0.08156999062654013,Flagged for Review
C2090904887,C868089315,TRANSFER,3595224.08,151116.0,0.0,0.0,3595224.08,151116.0,3595224.08,23.790996909679254,3595224.08,-0.08154773502027901,Flagged for Review
C441783940,C1519389306,TRANSFER,1965735.71,0.0,0.0,18324567.8,20290303.51,0.0,1965735.710000001,1965735.71,0.1072732314443328,-0.08124145200058652,Flagged for Review
C1578584035,C1697531913,TRANSFER,1928374.76,0.0,0.0,19028443.17,20956817.93,0.0,1928374.759999998,1928374.76,0.10134169366512112,-0.08124145200058652,Flagged for Review
C1783682248,C229234288,TRANSFER,3063970.28,0.0,0.0,7310354.19,10374324.47,0.0,3063970.2800000003,3063970.28,0.41912741588688796,-0.08123366540746424,Flagged for Review
C1258157691,C1878792537,TRANSFER,3700431.36,105741.0,0.0,0.0,3633825.78,105741.0,3633825.78,34.99490609218664,3700431.36,-0.08106971922975492,Flagged for Review
C1607047337,C2128405702,TRANSFER,3261432.61,250982.0,0.0,0.0,3261432.61,250982.0,3261432.61,12.994635533083914,3261432.61,-0.0810250370294372,Flagged for Review
C1979766094,C2086240996,TRANSFER,6201910.71,38478.64,0.0,9486157.66,15688068.38,38478.64,6201910.720000001,161.17382361165542,0.6537852604291146,-0.08096243774254641,Flagged for Review
C976888467,C1134776066,TRANSFER,3353546.44,0.0,0.0,6388600.8,9742147.24,0.0,3353546.4400000004,3353546.44,0.5249265089585017,-0.08092601970884106,Flagged for Review
C1801094859,C1214337987,TRANSFER,3235753.83,0.0,0.0,6354039.66,9589793.49,0.0,3235753.83,3235753.83,0.5092434882215563,-0.08092601970884106,Flagged for Review
C734317709,C1277941741,CASH_IN,467921.21,12447183.55,12915104.76,27000318.0,26244029.47,-467921.20999999903,-756288.5300000012,0.0375925341285311,0.017330210431958232,-0.08083912211378752,Flagged for Review
C798821949,C1027285276,TRANSFER,2633866.65,0.0,0.0,13604546.39,16238413.05,0.0,2633866.66,2633866.65,0.19360193136127551,-0.0808131153069318,Flagged for Review
C499847347,C935808590,TRANSFER,991772.38,0.0,0.0,15165957.77,18381668.73,0.0,3215710.960000001,991772.38,0.0653946377568848,-0.08080799123195714,Flagged for Review
C637096336,C1127132914,TRANSFER,2624422.62,2624422.62,0.0,0.0,0.0,2624422.62,0.0,0.9999996189639537,2624422.62,-0.08079795957637881,Flagged for Review
C140250978,C214281193,TRANSFER,3872733.46,0.0,0.0,5835352.0,9708085.46,0.0,3872733.460000001,3872733.46,0.663667383961176,-0.08071488506120883,Flagged for Review
C2063301669,C1652158314,TRANSFER,3366022.78,0.0,0.0,3611244.91,6757797.1,0.0,3146552.1899999995,3366022.78,0.9320945911434759,-0.0806837758621588,Flagged for Review
C884743219,C1421775169,TRANSFER,10000000.0,29194.0,0.0,45449.17,10334552.52,29194.0,10289103.35,342.52440486384654,220.02117923871353,-0.08054726070112517,Flagged for Review
C1148112378,C2031552296,TRANSFER,5874220.87,212083.84,0.0,7548667.45,13547546.1,212083.84,5998878.649999999,27.697504781577035,0.778179742415366,-0.08051904919751096,Flagged for Review
C951856886,C2120613885,TRANSFER,1709782.16,0.0,0.0,219660041.3,221369823.45,0.0,1709782.1499999762,1709782.16,0.007783765049379669,-0.0803997254793869,Flagged for Review
C1020294329,C509250177,TRANSFER,3546173.86,0.0,0.0,5872505.53,9386739.27,0.0,3514233.7399999993,3546173.86,0.6038603519441297,-0.08039321260021726,Flagged for Review
C850778258,C50108055,TRANSFER,3733990.26,0.0,0.0,5883951.85,9617942.11,0.0,3733990.26,3733990.26,0.6346057412747622,-0.08039321260021726,Flagged for Review
C472211853,C1921049920,TRANSFER,7971430.83,388890.0,0.0,161217.05,8132647.89,388890.0,7971430.84,20.497853717365533,49.44502696813416,-0.08012727650507256,Flagged for Review
C1637302508,C861985771,TRANSFER,4047737.09,0.0,0.0,4395820.09,8443557.19,0.0,4047737.0999999996,4047737.09,0.920814793670322,-0.08007929232655575,Flagged for Review
C380507401,C1383831706,TRANSFER,1854669.73,0.0,0.0,2114238.16,6098341.04,0.0,3984102.88,1854669.73,0.8772279716926631,-0.0799922922114753,Flagged for Review
C870418794,C1765692217,TRANSFER,7719553.23,5553.0,0.0,6961997.44,14681550.66,5553.0,7719553.22,1389.9087558516385,1.1088128353559354,-0.07989125004055597,Flagged for Review
C143577569,C842984696,TRANSFER,2566026.66,194175.0,0.0,24195346.57,26761373.23,194175.0,2566026.66,13.214952723302572,0.10605454840341441,-0.07986907231260587,Flagged for Review
C2128810718,C1868138033,TRANSFER,2753404.34,0.0,0.0,12541749.26,15295153.6,0.0,2753404.34,2753404.34,0.21953908209937517,-0.07984840020617168,Flagged for Review
C2035368083,C1405429172,TRANSFER,3631822.48,0.0,0.0,5927033.94,9558856.42,0.0,3631822.4799999995,3631822.48,0.6127553687071735,-0.07975030279303574,Flagged for Review
C1770474537,C5260086,CASH_IN,696008.77,24843828.94,25539837.71,2705219.76,2009210.99,-696008.7699999996,-696008.7699999998,0.02801535720059755,0.25728353866395737,-0.07965974043221924,Flagged for Review
C692519580,C274167074,CASH_IN,756884.93,20554857.55,21311742.48,3686573.89,2929688.96,-756884.9299999997,-756884.9300000002,0.03682267762431282,0.20530843739349616,-0.07965068242114559,Flagged for Review
C1038035314,C606879631,TRANSFER,3357577.64,0.0,0.0,6169898.79,9527476.42,0.0,3357577.63,3357577.64,0.5441867379178293,-0.07963981937161513,Flagged for Review
C2114769287,C287560801,TRANSFER,4917268.51,315678.25,0.0,7024502.14,11941770.65,315678.25,4917268.510000001,15.576787229442543,0.7000165580394345,-0.07959987260437074,Flagged for Review
C477523578,C1830855190,TRANSFER,4527036.54,586.0,0.0,0.0,4527036.54,586.0,4527036.54,7712.157649063032,4527036.54,-0.07943470423305155,Flagged for Review
C573242725,C2130907792,TRANSFER,4582604.11,21143.0,0.0,0.0,4582604.11,21143.0,4582604.11,216.73307368520622,4582604.11,-0.07943470423305155,Flagged for Review
C1015321692,C976271417,TRANSFER,4027130.19,0.0,0.0,4528491.13,8555621.31,0.0,4027130.1800000006,4027130.19,0.8892872228531399,-0.07942906531604366,Flagged for Review
C450312981,C1437721378,TRANSFER,2760562.48,0.0,0.0,11955520.88,14716083.36,0.0,2760562.4799999986,2760562.48,0.23090271656129494,-0.07920598166084958,Flagged for Review
C160585043,C555878853,TRANSFER,2762242.5,0.0,0.0,11580040.71,14377280.82,0.0,2797240.1099999994,2762242.5,0.23853476258333786,-0.07893259777200867,Flagged for Review
C697729153,C1466116776,TRANSFER,3702058.48,0.0,0.0,5183219.87,8885278.36,0.0,3702058.4899999993,3702058.48,0.7142389978839547,-0.07878702488847378,Flagged for Review
C2057836582,C36794671,TRANSFER,3942056.41,0.0,0.0,4964754.27,8906810.68,0.0,3942056.41,3942056.41,0.7940082029461244,-0.07878702488847378,Flagged for Review
C1490031230,C842729010,TRANSFER,1550440.48,3719715.07,2169274.59,5291217.05,10201058.68,1550440.48,4909841.63,0.41681688892991237,0.29302146790189454,-0.07868143191545429,Flagged for Review
C734334799,C524670961,TRANSFER,2264412.84,32508.0,0.0,30893665.34,33158078.18,32508.0,2264412.84,69.65495216709219,0.07329699282302794,-0.07863736791116416,Flagged for Review
C289847959,C1086886165,TRANSFER,2682190.3,0.0,0.0,11838152.45,14520342.74,0.0,2682190.290000001,2682190.3,0.2265716787105847,-0.07861172904386493,Flagged for Review
C368509948,C45423242,TRANSFER,2427753.61,0.0,0.0,14798891.48,17226645.09,0.0,2427753.6099999994,2427753.61,0.16404968231784867,-0.07851058963918045,Flagged for Review
C463507902,C824042854,TRANSFER,3905764.13,0.0,0.0,4360901.03,8266665.15,0.0,3905764.12,3905764.13,0.8956321658067607,-0.07846622180727092,Flagged for Review
C793699006,C1659825451,TRANSFER,3518180.28,0.0,0.0,5685182.14,9203362.41,0.0,3518180.2700000005,3518180.28,0.618833236038901,-0.07846622180727092,Flagged for Review
C1566168159,C1265104414,TRANSFER,3711843.77,0.0,0.0,4904683.74,8616527.52,0.0,3711843.7799999993,3711843.77,0.7567955876405625,-0.07846622180727092,Flagged for Review
C1040966056,C1178497894,CASH_IN,428139.94,10754473.61,11182613.55,69330017.77,68901877.83,-428139.94000000134,-428139.9399999976,0.03981040037064163,0.0061753905104272346,-0.07844630951199527,Flagged for Review
C1590204050,C2141828226,CASH_IN,525815.03,24236268.91,24762083.94,6397514.79,5610021.07,-525815.0300000012,-787493.7199999997,0.021695377710868217,0.0821905013227017,-0.07842865871059534,Flagged for Review
C1906469429,C1015754309,CASH_OUT,4309298.47,4309298.47,0.0,0.0,4309298.47,4309298.47,4309298.47,0.999999767943721,4309298.47,-0.07815026522398938,Flagged for Review
C1382295079,C246336874,TRANSFER,3736466.17,0.0,0.0,5452580.47,9189046.64,0.0,3736466.170000001,3736466.17,0.6852655371694978,-0.07814556339408851,Flagged for Review
C1264547228,C869929032,TRANSFER,3367372.49,0.0,0.0,6112687.66,9480060.15,0.0,3367372.49,3367372.49,0.550882382090764,-0.07803532886380515,Flagged for Review
C660515169,C1424751959,TRANSFER,3296854.65,0.0,0.0,6169935.61,9466790.26,0.0,3296854.6499999994,3296854.65,0.5343417377508518,-0.07803532886380515,Flagged for Review
C19097126,C1291424086,TRANSFER,3509283.05,0.0,0.0,5661975.72,9171258.77,0.0,3509283.05,3509283.05,0.619798212451852,-0.07782504958368763,Flagged for Review
C2121762054,C1027992087,TRANSFER,1969134.88,0.0,0.0,11274038.09,13736220.76,0.0,2462182.67,1969134.88,0.17466099454512357,-0.07771282999715201,Flagged for Review
C1793980957,C1473187638,CASH_IN,505867.18,22447167.13,22953034.31,9677966.82,9172099.64,-505867.1799999997,-505867.1799999997,0.022535901948536795,0.05226997954618121,-0.07770093696444125,Flagged for Review
C1066969301,C143138982,TRANSFER,3172125.32,0.0,0.0,3227876.52,6650314.7,0.0,3422438.18,3172125.32,0.9827279072224524,-0.07760928695233116,Flagged for Review
C316387983,C678451960,TRANSFER,3299038.62,0.0,0.0,3646567.51,6639764.81,0.0,2993197.3,3299038.62,0.904696733642336,-0.0775712769252247,Flagged for Review
C1932693236,C312632175,TRANSFER,4153428.15,49648.0,0.0,0.0,4153428.15,49648.0,4153428.15,83.6558269048722,4153428.15,-0.07754774432349609,Flagged for Review
C31929278,C105925297,TRANSFER,5117250.44,295649.25,0.0,8428344.61,13545595.05,295649.25,5117250.440000001,17.308459708726783,0.6071476748566793,-0.07752525279743272,Flagged for Review
C834769950,C297262462,TRANSFER,3868112.93,0.0,0.0,4260593.98,8128706.91,0.0,3868112.9299999997,3868112.93,0.9078809293438166,-0.07750468031085889,Flagged for Review
C1058391661,C167823915,TRANSFER,2498370.12,2498370.12,0.0,0.0,0.0,2498370.12,0.0,0.9999995997392093,2498370.12,-0.07736105582059505,Flagged for Review
C99979309,C427067936,CASH_OUT,10000000.0,10000000.0,0.0,5859505.54,15859505.54,10000000.0,10000000.0,0.99999990000001,1.7066283537248172,-0.07725299057855961,Flagged for Review
C2000480260,C1185442428,TRANSFER,1742941.41,0.0,0.0,36597487.82,38340429.23,0.0,1742941.4099999964,1742941.41,0.047624617595279035,-0.07723784635523734,Flagged for Review
C1629458568,C796739539,TRANSFER,3625572.45,0.0,0.0,4932120.88,8557693.33,0.0,3625572.45,3625572.45,0.7350938476808283,-0.07718445551042219,Flagged for Review
C576304557,C1516454660,TRANSFER,3771448.12,198952.79,0.0,11257557.91,15029006.02,198952.79,3771448.1099999994,18.956402489241345,0.33501473544587473,-0.07709860620921705,Flagged for Review
C435524827,C42985690,TRANSFER,3062488.76,0.0,0.0,6570029.6,9632518.36,0.0,3062488.76,3062488.76,0.4661300603379229,-0.07707437004560969,Flagged for Review
C529110206,C132258136,TRANSFER,2604978.95,0.0,0.0,11952152.01,14557130.96,0.0,2604978.950000001,2604978.95,0.21795060252495882,-0.07696207510937392,Flagged for Review
C1120292686,C2078317299,TRANSFER,3061545.17,58355.0,0.0,0.0,3284483.72,58355.0,3284483.72,52.46324576735897,3061545.17,-0.07686452412919076,Flagged for Review
C378283180,C331632033,TRANSFER,3535661.35,0.0,0.0,5182589.56,8718250.91,0.0,3535661.3500000006,3535661.35,0.6822189229627278,-0.07686437511722688,Flagged for Review
C2060338232,C1059258255,TRANSFER,3771966.26,0.0,0.0,4413233.13,8185199.39,0.0,3771966.26,3771966.26,0.8546943463432337,-0.07686437511722688,Flagged for Review
C1891145646,C107095723,TRANSFER,3614743.04,0.0,0.0,4630925.41,8245668.44,0.0,3614743.0300000003,3614743.04,0.7805658565841904,-0.07686437511722688,Flagged for Review
C105242292,C1579841466,TRANSFER,4135381.81,129.0,0.0,0.0,4135381.81,129.0,4135381.81,31810.629307692307,4135381.81,-0.0765975070219218,Flagged for Review
C513963559,C174485405,CASH_IN,360092.59,26121343.33,26481435.92,15346227.78,14986135.19,-360092.5900000036,-360092.58999999985,0.013785377408253783,0.023464565474828013,-0.07658220828695061,Flagged for Review
C870483662,C331910152,TRANSFER,9080255.83,11137.0,0.0,3972176.35,13052432.18,11137.0,9080255.83,815.2501194110254,2.285964354033689,-0.07657600734137282,Flagged for Review
C908699738,C828519809,TRANSFER,3684386.08,0.0,0.0,3755539.21,7439925.29,0.0,3684386.08,3684386.08,0.9810535566067072,-0.0765520085431165,Flagged for Review
C1727261078,C539628641,TRANSFER,3706828.1,0.0,0.0,3745912.16,7452740.26,0.0,3706828.0999999996,3706828.1,0.9895659460509223,-0.0765520085431165,Flagged for Review
C2075864120,C2011823004,TRANSFER,3420727.43,0.0,0.0,5736403.95,9157131.39,0.0,3420727.4400000004,3420727.43,0.5963190290462321,-0.0765444390661516,Flagged for Review
C579671921,C1801506216,CASH_IN,878195.81,21453482.43,22331678.24,1198155.61,319959.8,-878195.8099999987,-878195.81,0.04093488187433252,0.7329557777926877,-0.07645938264838203,Flagged for Review
C2045488179,C203008558,TRANSFER,3084792.6,0.0,0.0,6042882.16,9127674.75,0.0,3084792.59,3084792.6,0.5104835751945931,-0.0764344528663169,Flagged for Review
C434710207,C1945582711,TRANSFER,3605781.49,0.0,0.0,4523881.08,8129662.57,0.0,3605781.49,3605781.49,0.7970547035125195,-0.07622464729210465,Flagged for Review
C868245264,C927654211,TRANSFER,3646211.1,0.0,0.0,4545083.23,8191294.33,0.0,3646211.0999999996,3646211.1,0.8022317993433533,-0.07622464729210465,Flagged for Review
C2033002644,C1247673870,TRANSFER,2640239.1,629784.0,0.0,0.0,2640239.1,629784.0,2640239.1,4.1922864152051895,2640239.1,-0.07620775830810145,Flagged for Review
C1482148339,C264202954,TRANSFER,3141046.19,0.0,0.0,6130037.58,9271083.77,0.0,3141046.1899999995,3141046.19,0.512402352612926,-0.07611471069118803,Flagged for Review
C1906126816,C431028010,TRANSFER,3125462.01,0.0,0.0,6182129.2,9307591.21,0.0,3125462.0100000007,3125462.01,0.5055639251984696,-0.07611471069118803,Flagged for Review
C494991208,C1468621546,TRANSFER,3977003.18,49780.0,0.0,0.0,3977003.18,49780.0,3977003.18,79.88998171993332,3977003.18,-0.07594796673035809,Flagged for Review
C1082884525,C565312606,TRANSFER,3847202.36,0.0,0.0,4085846.5,7933048.86,0.0,3847202.3600000003,3847202.36,0.9415922547280582,-0.07590499973002318,Flagged for Review
C812643275,C1482301582,TRANSFER,3444239.33,0.0,0.0,5918539.37,9362778.7,0.0,3444239.329999999,3444239.33,0.5819406669012887,-0.07590499973002318,Flagged for Review
C1527057888,C1109485117,CASH_IN,480882.0,20975710.52,21456592.52,10677481.27,10196599.27,-480882.0,-480882.0,0.02292565854280971,0.04503702163487648,-0.07584749158073356,Flagged for Review
C932745615,C2029726297,TRANSFER,3076104.05,0.0,0.0,6423147.01,9499251.06,0.0,3076104.0500000007,3076104.05,0.4789091027033643,-0.07579511270565797,Flagged for Review
C559559911,C1924502403,TRANSFER,2771887.57,113918.0,0.0,0.0,3064640.08,113918.0,3064640.08,24.332091837182556,2771887.57,-0.0757652599405424,Flagged for Review
C488318872,C403147759,TRANSFER,1684384.02,0.0,0.0,44664607.49,46348991.51,0.0,1684384.0199999958,1684384.02,0.037711827707548766,-0.07559196527752854,Flagged for Review
C34808378,C1291664589,TRANSFER,3574823.07,0.0,0.0,4512890.33,8087713.4,0.0,3574823.0700000003,3574823.07,0.7921358633734262,-0.0755854963148741,Flagged for Review
C39529802,C148606101,TRANSFER,3700270.56,0.0,0.0,4036765.19,7737035.75,0.0,3700270.56,3700270.56,0.9166422789524998,-0.0755854963148741,Flagged for Review
C260203526,C1761162182,TRANSFER,3677286.12,0.0,0.0,4092542.35,7769828.47,0.0,3677286.1199999996,3677286.12,0.8985332116274346,-0.0755854963148741,Flagged for Review
C491994761,C1086607874,TRANSFER,3503275.99,0.0,0.0,4608609.81,8111885.8,0.0,3503275.99,3503275.99,0.7601587841608175,-0.0755854963148741,Flagged for Review
C309654636,C1060890624,TRANSFER,3605389.5,0.0,0.0,3800086.46,7405475.95,0.0,3605389.49,3605389.5,0.9487648739537169,-0.0755854963148741,Flagged for Review
C866975489,C1954796120,TRANSFER,3801809.29,0.0,0.0,4234824.68,8036633.97,0.0,3801809.29,3801809.29,0.8977487096942324,-0.0755854963148741,Flagged for Review
C735325152,C1495001462,TRANSFER,4156429.0,101604.26,0.0,11585303.96,15741732.96,101604.26,4156429.0,40.907616397025116,0.358767336237647,-0.07552155143114492,Flagged for Review
C499086551,C822300338,TRANSFER,8620309.07,207712.0,0.0,6002.26,8626311.33,207712.0,8620309.07,41.50105708357204,1435.937985361287,-0.07551583665330641,Flagged for Review
C1442318198,C1940449223,TRANSFER,3743499.9,30262.0,0.0,0.0,3743499.9,30262.0,3743499.9,123.698902950798,3743499.9,-0.0753564340823838,Flagged for Review
C1977616770,C786204145,TRANSFER,3868385.47,31043.0,0.0,0.0,3868385.47,31043.0,3868385.47,124.60976259502642,3868385.47,-0.0753564340823838,Flagged for Review
C597911990,C379574224,TRANSFER,4012693.61,583.0,0.0,0.0,4012693.61,583.0,4012693.61,6871.050702054794,4012693.61,-0.0753191092769393,Flagged for Review
C357395497,C929266614,TRANSFER,4102635.29,1189.0,0.0,0.0,4102635.29,1189.0,4102635.29,3447.592680672269,4102635.29,-0.0753191092769393,Flagged for Review
C1329145851,C613211545,TRANSFER,4375413.55,20431.0,0.0,0.0,4375413.55,20431.0,4375413.55,214.14514242364916,4375413.55,-0.0753191092769393,Flagged for Review
C1181965098,C1494454756,TRANSFER,4050426.13,639.0,0.0,0.0,4050426.13,639.0,4050426.13,6328.790828125,4050426.13,-0.0753191092769393,Flagged for Review
C362278411,C667504652,TRANSFER,2943850.49,0.0,0.0,3002183.48,6465797.75,0.0,3463614.27,2943850.49,0.9805694851903306,-0.07531851981450677,Flagged for Review
C280132554,C858291954,CASH_OUT,3904257.51,3904257.51,0.0,0.0,3904257.51,3904257.51,3904257.51,0.9999997438694191,3904257.51,-0.0752708197630817,Flagged for Review
C296789081,C1961856925,TRANSFER,3597549.78,0.0,0.0,4377391.0,7974940.77,0.0,3597549.7699999996,3597549.78,0.821847753182717,-0.07526613698165352,Flagged for Review
C945923991,C310729463,TRANSFER,3411788.97,0.0,0.0,5204220.12,8616009.1,0.0,3411788.9799999995,3411788.97,0.6555810929878398,-0.07526613698165352,Flagged for Review
C2128173670,C1203941286,TRANSFER,2959214.02,0.0,0.0,6546977.59,9506191.61,0.0,2959214.0199999996,2959214.02,0.4519968989237217,-0.07515634904333057,Flagged for Review
C65227807,C213999906,TRANSFER,2254934.36,2254934.36,0.0,0.0,0.0,2254934.36,0.0,0.9999995565283077,2254934.36,-0.07512296525660067,Flagged for Review
C85727598,C577003768,TRANSFER,2284476.12,2284476.12,0.0,0.0,0.0,2284476.12,0.0,0.9999995622630705,2284476.12,-0.07512296525660067,Flagged for Review
C376938867,C1217738819,TRANSFER,2299330.46,2299330.46,0.0,0.0,0.0,2299330.46,0.0,0.9999995650909765,2299330.46,-0.07512296525660067,Flagged for Review
C1119251343,C1394440708,TRANSFER,2254718.25,2254718.25,0.0,0.0,0.0,2254718.25,0.0,0.999999556485802,2254718.25,-0.07512296525660067,Flagged for Review
C268057921,C481841254,TRANSFER,3825392.42,29136.0,0.0,0.0,3825392.42,29136.0,3825392.42,131.28985207811374,3825392.42,-0.07503717804611287,Flagged for Review
C1065099458,C454802991,TRANSFER,3299779.23,0.0,0.0,5436991.9,8736771.13,0.0,3299779.2300000004,3299779.23,0.6069125508698016,-0.07494692166538675,Flagged for Review
C896446422,C15505014,TRANSFER,3606232.91,0.0,0.0,3983274.97,7589507.88,0.0,3606232.9099999997,3606232.91,0.9053434753605586,-0.07494692166538675,Flagged for Review
C1377382318,C584429900,TRANSFER,3605331.25,0.0,0.0,3849889.6,7455220.85,0.0,3605331.2499999995,3605331.25,0.9364762858456289,-0.07494692166538675,Flagged for Review
C2099207366,C1181491087,TRANSFER,3591466.04,0.0,0.0,3929580.82,7521046.86,0.0,3591466.0400000005,3591466.04,0.9139562947184035,-0.07494692166538675,Flagged for Review
C1035012950,C1582341969,TRANSFER,2944062.74,0.0,0.0,8037546.72,10981609.46,0.0,2944062.740000001,2944062.74,0.3662886794033243,-0.07472612923610555,Flagged for Review
C1044458077,C314129252,TRANSFER,4002112.85,26963.0,0.0,0.0,4002112.85,26963.0,4002112.85,148.42430091974484,4002112.85,-0.07471806598021347,Flagged for Review
C2101389007,C629162506,TRANSFER,3364769.55,0.0,0.0,5191076.36,8555845.91,0.0,3364769.55,3364769.55,0.6481832800118393,-0.07462785030112862,Flagged for Review
C1424090921,C547241252,TRANSFER,3312715.34,0.0,0.0,5188112.6,8500827.94,0.0,3312715.34,3312715.34,0.6385202012538815,-0.07462785030112862,Flagged for Review
C2056697762,C517204283,TRANSFER,3331668.87,0.0,0.0,5191436.35,8523105.22,0.0,3331668.870000001,3331668.87,0.6417623184839166,-0.07462785030112862,Flagged for Review
C66654344,C995911260,CASH_IN,768910.04,22280680.85,23049590.89,769101.94,0.0,-768910.0399999991,-769101.94,0.03451016648307825,0.9997491883206169,-0.07439141732473831,Flagged for Review
C1779292630,C1044238351,TRANSFER,3651850.18,962.0,0.0,0.0,3651850.18,962.0,3651850.18,3792.16010384216,3651850.18,-0.0743618234870651,Flagged for Review
C254730104,C1153860242,TRANSFER,3160633.69,0.0,0.0,5410189.11,8570822.8,0.0,3160633.6900000004,3160633.69,0.5842001160288247,-0.07430892282396317,Flagged for Review
C1002109745,C878899036,CASH_IN,842146.99,19236800.71,20078947.7,1512097.46,669950.46,-842146.9899999984,-842147.0,0.043777910834430486,0.5569392551328965,-0.0742241345400394,Flagged for Review
C752563135,C247007952,TRANSFER,2198224.71,2198224.71,0.0,0.0,0.0,2198224.71,0.0,0.9999995450876608,2198224.71,-0.07416594470394999,Flagged for Review
C90164537,C814466553,TRANSFER,2189170.39,2189170.39,0.0,0.0,0.0,2189170.39,0.0,0.9999995432061626,2189170.39,-0.07416594470394999,Flagged for Review
C1318217918,C1089302232,CASH_IN,864824.18,21277633.35,22142457.53,899307.76,34483.59,-864824.1799999997,-864824.17,0.04064475240876578,0.9616543488356547,-0.07411988257547608,Flagged for Review
C1141079625,C576901850,TRANSFER,2964926.44,0.0,0.0,3582649.56,6753739.6,0.0,3171090.0399999996,2964926.44,0.8275790201542849,-0.07407811611852622,Flagged for Review
C1764237046,C1763615265,TRANSFER,3857262.94,11612.0,0.0,0.0,3857262.94,11612.0,3857262.94,332.1504296908637,3857262.94,-0.07404301597624285,Flagged for Review
C18901794,C740906397,TRANSFER,3819911.84,2351.0,0.0,0.0,3819911.84,2351.0,3819911.84,1624.1121768707483,3819911.84,-0.07404301597624285,Flagged for Review
C1772750257,C766835132,TRANSFER,6730004.43,1953.84,0.0,7722007.06,14452011.5,1953.84,6730004.44,3442.7392676638497,0.8715355355378896,-0.07402570862134095,Flagged for Review
C1146421901,C1527512548,TRANSFER,2412855.55,0.0,0.0,13955576.02,16368431.57,0.0,2412855.5500000007,2412855.55,0.17289543431576432,-0.07402133895533414,Flagged for Review
C950583253,C183543729,TRANSFER,3133945.06,0.0,0.0,5897403.07,9031348.13,0.0,3133945.0600000005,3133945.06,0.5314109433237462,-0.07399013916900354,Flagged for Review
C24703478,C1688721925,TRANSFER,3560549.23,0.0,0.0,4223572.46,7784121.69,0.0,3560549.2300000004,3560549.23,0.8430181844167569,-0.07399013916900354,Flagged for Review
C1368547067,C2052033852,TRANSFER,3349007.98,0.0,0.0,4723102.67,8072110.65,0.0,3349007.9800000004,3349007.98,0.7090693353338993,-0.07399013916900354,Flagged for Review
C1384626324,C1328187730,CASH_OUT,2118548.31,2118548.31,0.0,29899109.07,32017657.38,2118548.31,2118548.3099999987,0.9999995279788886,0.07085656747107323,-0.07395479552646667,Flagged for Review
C733379021,C997676807,TRANSFER,2923942.8,0.0,0.0,8458238.94,11382181.75,0.0,2923942.8100000005,2923942.8,0.3456916356998026,-0.07381691114335343,Flagged for Review
C973496256,C430720417,TRANSFER,3519277.97,0.0,0.0,3619388.44,7138666.41,0.0,3519277.97,3519277.97,0.9723402326111666,-0.07367903808221699,Flagged for Review
C277824243,C1476600264,TRANSFER,3359551.43,0.0,0.0,4916060.01,8275611.44,0.0,3359551.4300000006,3359551.43,0.683382778034319,-0.07367149927139227,Flagged for Review
C557605691,C423093419,TRANSFER,3274027.23,0.0,0.0,4999533.78,8273561.01,0.0,3274027.2299999995,3274027.23,0.6548663773872175,-0.07367149927139227,Flagged for Review
C952188488,C1171449411,TRANSFER,3405641.0,0.0,0.0,4670457.73,8076098.73,0.0,3405641.0,3405641.0,0.7291876873088223,-0.07367149927139227,Flagged for Review
C826036107,C2118430445,TRANSFER,3058117.17,0.0,0.0,5765026.15,8823143.32,0.0,3058117.17,3058117.17,0.5304601505649457,-0.07367149927139227,Flagged for Review
C1470382102,C263169431,TRANSFER,3217151.12,0.0,0.0,5033412.3,8250563.42,0.0,3217151.12,3217151.12,0.6391589421039596,-0.07367149927139227,Flagged for Review
C254492358,C879286386,TRANSFER,3938011.78,46667.16,0.0,12859795.81,16797807.59,46667.16,3938011.7799999993,84.3832664497593,0.30622659425985127,-0.0732344950872088,Flagged for Review
C1614988598,C443445598,TRANSFER,3654664.54,21202.0,0.0,0.0,3654664.54,21202.0,3654664.54,172.36544545583172,3654664.54,-0.07308745579311149,Flagged for Review
C1281631775,C438498164,TRANSFER,3626276.26,21110.0,0.0,0.0,3626276.26,21110.0,3626276.26,171.77188479939366,3626276.26,-0.07308745579311149,Flagged for Review
C92769018,C1361396394,CASH_IN,76805.91,13849355.61,13926161.52,14138217.04,18607455.89,-76805.91000000015,4469238.8500000015,0.005545810694522943,0.005432502864413315,-0.0729614651570113,Flagged for Review
C1653399167,C569246131,TRANSFER,2986165.61,0.0,0.0,6075651.12,9061816.73,0.0,2986165.6100000003,2986165.61,0.4914971349610451,-0.0729252086486799,Flagged for Review
C1636127339,C616891717,CASH_IN,393481.82,30400425.86,30793907.68,10309671.88,9916190.06,-393481.8200000003,-393481.8200000003,0.012943299178398445,0.03816627594104615,-0.07273254887317637,Flagged for Review
C389114904,C1988451596,TRANSFER,3208354.89,0.0,0.0,4524584.26,7732939.14,0.0,3208354.88,3208354.89,0.7090936971314804,-0.07271644147451328,Flagged for Review
C1576999050,C1139664439,TRANSFER,3168414.47,0.0,0.0,4367282.54,7535697.0,0.0,3168414.46,3168414.47,0.7254886111653744,-0.07271644147451328,Flagged for Review
C2090664893,C1238220762,TRANSFER,3271029.95,0.0,0.0,4383086.18,7654116.12,0.0,3271029.9400000004,3271029.95,0.7462844829839776,-0.07271644147451328,Flagged for Review
C1733017485,C1242564045,TRANSFER,9770433.93,4991.0,0.0,2688765.71,12459199.64,4991.0,9770433.93,1957.2183353365383,3.633797567361283,-0.07248778780891674,Flagged for Review
C472348058,C160796152,TRANSFER,2124208.7,0.0,0.0,15031818.81,17156027.5,0.0,2124208.6899999995,2124208.7,0.14131414072611878,-0.07212500651784637,Flagged for Review
C1729558388,C954554027,TRANSFER,3423034.55,0.0,0.0,4541359.8,7964394.35,0.0,3423034.55,3423034.55,0.7537464431366034,-0.07208045387559803,Flagged for Review
C1634010147,C2142795349,TRANSFER,3407269.09,0.0,0.0,4477060.04,7884329.13,0.0,3407269.09,3407269.09,0.7610503988125209,-0.07208045387559803,Flagged for Review
C1495696531,C1724435883,TRANSFER,3374206.2,0.0,0.0,4543329.81,7917536.01,0.0,3374206.2,3374206.2,0.7426723567153148,-0.07208045387559803,Flagged for Review
C1720647039,C410686175,TRANSFER,3396958.67,0.0,0.0,4143432.23,7540390.9,0.0,3396958.6700000004,3396958.67,0.8198415375454234,-0.07208045387559803,Flagged for Review
C941115575,C824871372,TRANSFER,3448173.59,0.0,0.0,4552090.82,8000264.41,0.0,3448173.59,3448173.59,0.7574920995332646,-0.07208045387559803,Flagged for Review
C477425225,C808906453,TRANSFER,3342218.27,0.0,0.0,4524204.88,7866423.15,0.0,3342218.2700000005,3342218.27,0.7387414186376505,-0.07208045387559803,Flagged for Review
C1029655364,C66024756,TRANSFER,3326140.14,0.0,0.0,4225168.74,7551308.88,0.0,3326140.1399999997,3326140.14,0.7872204774428778,-0.07208045387559803,Flagged for Review
C1262311528,C711355058,TRANSFER,2883310.79,0.0,0.0,9703971.89,12587282.68,0.0,2883310.789999999,2883310.79,0.29712683894359065,-0.07200197967513977,Flagged for Review
C2062559332,C1945951066,TRANSFER,2815945.49,0.0,0.0,10125222.74,12941168.23,0.0,2815945.49,2815945.49,0.27811192743085006,-0.07200197967513977,Flagged for Review
C794144130,C1610949419,CASH_IN,1060499.23,18283197.62,19343696.85,2195316.25,1134817.02,-1060499.2300000004,-1060499.23,0.05800403157245797,0.48307333712245915,-0.07198680651577183,Flagged for Review
C391662025,C1468581575,TRANSFER,2316611.27,221699.42,0.0,16842272.83,19158884.09,221699.42,2316611.2600000016,10.449286789804006,0.13754741749143026,-0.07186134997898852,Flagged for Review
C1483585345,C2016729324,TRANSFER,3196221.17,0.0,0.0,3618795.51,6815016.69,0.0,3196221.1800000006,3196221.17,0.8832276590208163,-0.0717701935974907,Flagged for Review
C903598061,C525502359,TRANSFER,3135457.58,0.0,0.0,5160089.15,8295546.73,0.0,3135457.58,3135457.58,0.6076362018597679,-0.07176267516170765,Flagged for Review
C103750512,C953399680,TRANSFER,2773324.01,0.0,0.0,10018343.6,12791667.61,0.0,2773324.01,2773324.01,0.2768245773857689,-0.07168423634964771,Flagged for Review
C1879425590,C702054610,TRANSFER,2853146.7,95197.13,0.0,0.0,2498868.93,95197.13,2498868.93,29.970617069894125,2853146.7,-0.07162375237346119,Flagged for Review
C75354179,C1729146739,TRANSFER,1750483.91,562664.58,0.0,2209470.68,7658176.41,562664.58,5448705.73,3.1110556113988705,0.7922635650165925,-0.07145000923965195,Flagged for Review
C1576656503,C1730460314,TRANSFER,3065703.36,0.0,0.0,5152843.49,8218546.85,0.0,3065703.3599999994,3065703.36,0.5949535962029391,-0.07144503975198158,Flagged for Review
C1653546582,C849021900,TRANSFER,3118164.56,0.0,0.0,4811959.78,7930124.33,0.0,3118164.55,3118164.56,0.6480029041300707,-0.07144503975198158,Flagged for Review
C98548500,C791767143,TRANSFER,2932248.34,0.0,0.0,7173462.11,10105710.46,0.0,2932248.3500000006,2932248.34,0.4087632842095984,-0.07127243568634845,Flagged for Review
C1957398513,C1313702337,TRANSFER,5588812.32,50398.12,0.0,8090604.24,13679416.56,50398.12,5588812.32,110.89106952661078,0.6907780263915089,-0.07122783778116093,Flagged for Review
C128324641,C107507475,TRANSFER,2395178.62,0.0,0.0,12048564.7,14443743.32,0.0,2395178.620000001,2395178.62,0.19879367217958568,-0.07115862096876968,Flagged for Review
C1916295142,C1494953831,TRANSFER,3284063.95,82286.0,0.0,0.0,3284063.95,82286.0,3284063.95,39.90987580055173,3284063.95,-0.07114959941392729,Flagged for Review
C713817412,C996119789,TRANSFER,3304921.47,75510.0,0.0,0.0,3304921.47,75510.0,3304921.47,43.76741759478752,3304921.47,-0.07114959941392729,Flagged for Review
C1051373600,C1882924257,TRANSFER,7838726.76,122148.0,0.0,2866121.62,10704848.38,122148.0,7838726.760000001,64.17348287746931,2.734958618064987,-0.07093010781712072,Flagged for Review
C175127604,C106456810,TRANSFER,3268179.3,0.0,0.0,3842043.11,7110222.4,0.0,3268179.2900000005,3268179.3,0.8506355487938424,-0.07081019858655646,Flagged for Review
C698971525,C798335593,TRANSFER,3276729.89,0.0,0.0,3916168.44,7192898.34,0.0,3276729.9,3276729.89,0.8367181094186773,-0.07081019858655646,Flagged for Review
C1797789942,C1072420510,TRANSFER,3081951.39,0.0,0.0,4973940.32,8055891.71,0.0,3081951.3899999997,3081951.39,0.6196195716277569,-0.07081019858655646,Flagged for Review
C2019494709,C887123877,TRANSFER,1970055.98,120092.0,0.0,28308441.16,30278497.14,120092.0,1970055.9800000004,16.404419741367107,0.06959252539808429,-0.0708010838174804,Flagged for Review
C79462002,C145970391,TRANSFER,2548973.99,50251.0,0.0,0.0,3065824.8,50251.0,3065824.8,50.72383168829102,2548973.99,-0.07074565609590855,Flagged for Review
C1776266495,C49995995,CASH_IN,934719.87,18638932.02,19573651.89,1176885.45,242165.58,-934719.870000001,-934719.87,0.05014878636008962,0.7942311426901041,-0.07062209396336616,Flagged for Review
C496160815,C1588476205,TRANSFER,3580529.11,0.0,0.0,3599606.01,7180135.12,0.0,3580529.1100000003,3580529.11,0.9947000047652425,-0.070618708922073,Flagged for Review
C358188091,C329029721,TRANSFER,2169679.91,2169679.91,0.0,0.0,0.0,2169679.91,0.0,0.9999995391027338,2169679.91,-0.07055174712823309,Flagged for Review
C1469298631,C182506091,CASH_IN,594332.34,25364546.92,25958879.25,4459088.09,3864755.75,-594332.3299999982,-594332.3399999999,0.023431615728950864,0.133285594435163,-0.0705382508204434,Flagged for Review
C519728043,C422531565,TRANSFER,3236853.09,0.0,0.0,3727541.16,6964394.25,0.0,3236853.09,3236853.09,0.868361228676217,-0.07050049758472121,Flagged for Review
C1633505209,C180339895,TRANSFER,3164477.79,0.0,0.0,3924029.04,7088506.84,0.0,3164477.8,3164477.79,0.8064356688767856,-0.07049299270169695,Flagged for Review
C1017014752,C1129607632,TRANSFER,2995506.03,0.0,0.0,5525544.34,8521050.37,0.0,2995506.0299999993,2995506.03,0.5421195276989619,-0.07049299270169695,Flagged for Review
C1385875144,C447691425,TRANSFER,1968375.46,30854.14,0.0,7475494.22,11416949.93,30854.14,3941455.71,63.79408617170429,0.263310376379319,-0.07040668337767075,Flagged for Review
C1503132492,C1106744673,TRANSFER,3183682.79,0.0,0.0,3384928.39,6671536.55,0.0,3286608.1599999997,3183682.79,0.9405462930498529,-0.07030158939059461,Flagged for Review
C1419804147,C817150224,CASH_IN,714532.04,20799153.15,21513685.18,1026244.91,311712.87,-714532.0300000012,-714532.04,0.03435389895410723,0.6962581122491392,-0.07019219587439307,Flagged for Review
C1307905024,C2131929782,TRANSFER,3181283.89,0.0,0.0,3648792.33,6830076.22,0.0,3181283.8899999997,3181283.89,0.8718728637886433,-0.07018343136133476,Flagged for Review
C350938152,C221680262,TRANSFER,3018393.22,0.0,0.0,5294231.31,8312624.53,0.0,3018393.2200000007,3018393.22,0.5701285933937418,-0.07017592986268129,Flagged for Review
C2100545914,C1124065544,TRANSFER,3104051.05,0.0,0.0,4409662.05,7513713.1,0.0,3104051.05,3104051.05,0.7039202349032088,-0.07017592986268129,Flagged for Review
C594121404,C570687112,TRANSFER,3122951.21,0.0,0.0,4270737.41,7393688.62,0.0,3122951.21,3122951.21,0.7312438529804498,-0.07017592986268129,Flagged for Review
C2094717590,C1554369405,TRANSFER,3103237.4,0.0,0.0,4402896.97,7506134.37,0.0,3103237.4000000004,3103237.4,0.7048170139631921,-0.07017592986268129,Flagged for Review
C871847797,C1880141757,TRANSFER,3245084.24,0.0,0.0,3918037.07,7163121.31,0.0,3245084.2399999998,3245084.24,0.8282421410979297,-0.07017592986268129,Flagged for Review
C1285408377,C465359671,TRANSFER,1747489.92,0.0,0.0,25576211.62,27323701.53,0.0,1747489.9100000001,1747489.92,0.06832481204169782,-0.07012513084019845,Flagged for Review
C2129623790,C1384149246,TRANSFER,2854900.84,0.0,0.0,9227240.52,12082141.36,0.0,2854900.84,2854900.84,0.30939916700045367,-0.07009766775337811,Flagged for Review
C431017168,C1597060131,TRANSFER,2865671.47,0.0,0.0,8597829.0,11463500.47,0.0,2865671.4700000007,2865671.47,0.3333017133392961,-0.070050650770621,Flagged for Review
C336916017,C817054486,TRANSFER,3549637.56,0.0,0.0,3564832.57,7114470.13,0.0,3549637.56,3549637.56,0.9957372455960125,-0.06998461286601831,Flagged for Review
C261925607,C1471551621,TRANSFER,3371268.67,51019.0,0.0,0.0,3371268.67,51019.0,3371268.67,66.0773945511564,3371268.67,-0.06997398163789681,Flagged for Review
C403627275,C136999064,TRANSFER,6247559.3,398.0,0.0,6533919.08,12781478.38,398.0,6247559.300000001,15658.04335839599,0.9561732043713641,-0.06986989093612284,Flagged for Review
C376860451,C1844311682,TRANSFER,7760400.97,326761.0,0.0,708293.62,8468694.59,326761.0,7760400.97,23.749398553075327,10.956459008540824,-0.0697857108333172,Flagged for Review
C1343406403,C648679681,TRANSFER,2893378.13,0.0,0.0,7946740.35,10840118.49,0.0,2893378.1400000006,2893378.13,0.36409617509446185,-0.06973378740827907,Flagged for Review
C704376431,C755537803,TRANSFER,2901949.04,0.0,0.0,8977134.2,11879083.24,0.0,2901949.040000001,2901949.04,0.3232600351167709,-0.06973378740827907,Flagged for Review
C1769804324,C1799095653,TRANSFER,3016187.49,107557.0,0.0,0.0,3052975.19,107557.0,3052975.19,28.042428178285206,3016187.49,-0.06969404544054525,Flagged for Review
C653919014,C2061652518,CASH_IN,1242820.55,13144351.56,14387172.11,3476318.67,2233498.12,-1242820.5499999989,-1242820.5499999998,0.09455167489816631,0.3575104328653412,-0.06968613246782851,Flagged for Review
C776603962,C1649845910,TRANSFER,3301293.39,51036.0,0.0,0.0,3301293.39,51036.0,3301293.39,64.68431510472794,3301293.39,-0.06965715284994745,Flagged for Review
C341573287,C1419097479,TRANSFER,2140888.35,2140888.35,0.0,0.0,0.0,2140888.35,0.0,0.9999995329043979,2140888.35,-0.06960090803960306,Flagged for Review
C430896427,C1069249070,TRANSFER,2620885.56,0.0,0.0,10554207.61,13175093.17,0.0,2620885.5600000005,2620885.56,0.2483261092183396,-0.06955786186540414,Flagged for Review
C1323335379,C811058053,TRANSFER,2879206.06,0.0,0.0,7995272.2,10874478.26,0.0,2879206.0599999996,2879206.06,0.36011353057954293,-0.06941706693731842,Flagged for Review
C2009664011,C116250334,CASH_IN,521174.47,16965832.69,17487007.16,9934385.25,9413210.78,-521174.4699999988,-521174.47000000067,0.030719060408283417,0.05246166767473934,-0.06938168836522829,Flagged for Review
C2053343637,C1311325237,TRANSFER,2391728.34,77355.34,0.0,18817715.57,21209443.91,77355.34,2391728.34,30.91832343670861,0.12709981740361603,-0.069290981326798,Flagged for Review
C1329655270,C631424220,TRANSFER,3051328.1,0.0,0.0,3617074.62,6668402.71,0.0,3051328.09,3051328.1,0.8435898003149849,-0.06923309033046465,Flagged for Review
C217668670,C1495157061,TRANSFER,3031218.79,0.0,0.0,4676052.14,7707270.94,0.0,3031218.8000000007,3031218.79,0.6482430159037929,-0.06922559897576908,Flagged for Review
C810366402,C1230583314,TRANSFER,1766891.09,0.0,0.0,24017287.1,25784178.19,0.0,1766891.0899999999,1766891.09,0.07356746867686531,-0.06917486864664557,Flagged for Review
C1614466546,C988406186,CASH_IN,429404.34,16736834.38,17166238.72,11769676.38,11061928.53,-429404.339999998,-707747.8500000015,0.025656244460235587,0.03648395161023522,-0.06914181974874223,Flagged for Review
C1033882815,C2051512830,TRANSFER,2843458.77,0.0,0.0,7462284.64,10305743.41,0.0,2843458.7700000005,2843458.77,0.3810439464764311,-0.06910048929330115,Flagged for Review
C891709291,C1960612455,TRANSFER,3082511.15,0.0,0.0,4261977.92,7344489.06,0.0,3082511.1399999997,3082511.15,0.7232581877716091,-0.06890910767534586,Flagged for Review
C176700585,C1788480480,TRANSFER,2686005.65,0.0,0.0,9937914.95,12623920.6,0.0,2686005.6500000004,2686005.65,0.27027856378680687,-0.06883098664159704,Flagged for Review
C204777425,C292369629,TRANSFER,2975219.67,0.0,0.0,4620807.91,7596027.59,0.0,2975219.6799999997,2975219.67,0.6438742064319642,-0.06859275909852036,Flagged for Review
C511429420,C1179975227,TRANSFER,3037579.03,0.0,0.0,4537322.15,7574901.18,0.0,3037579.0299999993,3037579.03,0.6694649972197814,-0.06859275909852036,Flagged for Review
C1414434454,C1591097896,TRANSFER,2543887.72,0.0,0.0,11124353.27,13668240.99,0.0,2543887.7200000007,2543887.72,0.22867733787122552,-0.0682921538096215,Flagged for Review
C1832092346,C2121202230,TRANSFER,3135216.49,0.0,0.0,3963718.78,7098935.27,0.0,3135216.4899999998,3135216.49,0.7909783395434681,-0.06827655318093073,Flagged for Review
C648781292,C143665280,TRANSFER,5141071.93,166356.13,0.0,7720267.13,12861339.06,166356.13,5141071.930000001,30.903826785181973,0.6659188312414221,-0.06823129558317431,Flagged for Review
C982505875,C1112672794,TRANSFER,9894357.39,47423.0,0.0,685182.14,10579539.53,47423.0,9894357.389999999,208.63607856781377,14.44045659091962,-0.06820756831721397,Flagged for Review
C918614695,C1215551400,CASH_IN,404808.28,21974712.48,22379520.76,10263251.21,9858442.93,-404808.2800000012,-404808.2800000012,0.018421549858587734,0.03944249558688376,-0.06818010503518201,Flagged for Review
C1857226715,C223686679,TRANSFER,2750228.76,24690.0,0.0,15553414.66,18303643.42,24690.0,2750228.7600000016,111.38587987525818,0.1768247451312569,-0.06817759257576439,Flagged for Review
C702253052,C86823260,TRANSFER,3238105.97,49869.0,0.0,0.0,3238105.97,49869.0,3238105.97,64.93093984359335,3238105.97,-0.0681220355530956,Flagged for Review
C2138306462,C1775822744,TRANSFER,1131361.99,0.0,0.0,17329560.33,19254283.34,0.0,1924723.0100000016,1131361.99,0.06528509109122384,-0.06812151143807521,Flagged for Review
C27835693,C357261742,TRANSFER,1661308.08,0.0,0.0,30261040.82,31922348.91,0.0,1661308.0899999999,1661308.08,0.05489923611625345,-0.0680475678015715,Flagged for Review
C371999863,C1832774813,TRANSFER,9940855.58,20737.0,0.0,1405.96,9942261.54,20737.0,9940855.579999998,479.3545944642685,7065.485571729118,-0.06801211860731737,Flagged for Review
C483894734,C370272639,TRANSFER,3066040.96,0.0,0.0,3709587.81,6775628.77,0.0,3066040.9599999995,3066040.96,0.8265177401157838,-0.06796796770899693,Flagged for Review
C1920765286,C627722054,TRANSFER,3138078.08,0.0,0.0,3828049.03,6966127.11,0.0,3138078.0800000005,3138078.08,0.8197588995460439,-0.06796048985824377,Flagged for Review
C1967925828,C1012278699,TRANSFER,3264480.7,31459.0,0.0,0.0,3264480.7,31459.0,3264480.7,103.76607438016529,3264480.7,-0.0678529086981221,Flagged for Review
C33769932,C640461000,CASH_IN,1271557.37,13862429.82,15133987.19,2326101.89,1054544.52,-1271557.3699999992,-1271557.37,0.09172686857816183,0.5466470874811561,-0.0678517698253358,Flagged for Review
C622713687,C2040656033,TRANSFER,1046748.17,90496.0,0.0,0.0,8124431.39,90496.0,8124431.39,11.566661546791607,1046748.17,-0.06782497722904768,Flagged for Review
C1120794840,C1958502988,TRANSFER,3381637.68,5078.0,0.0,0.0,3381637.68,5078.0,3381637.68,665.8077731836976,3381637.68,-0.06776911517788498,Flagged for Review
C396413720,C554492459,TRANSFER,3386422.02,5037.0,0.0,0.0,3386422.02,5037.0,3386422.02,672.1758674077015,3386422.02,-0.06776911517788498,Flagged for Review
C334329765,C1855540381,TRANSFER,3095797.12,58983.0,0.0,0.0,3095797.12,58983.0,3095797.12,52.48537094805371,3095797.12,-0.0677133692067472,Flagged for Review
C962531902,C1768301102,TRANSFER,2166246.64,21110.0,0.0,22927668.51,25093915.15,21110.0,2166246.639999997,102.61222301170007,0.09448176314017359,-0.06770980412732419,Flagged for Review
C507959692,C993870751,CASH_IN,693109.44,1614043.84,2307153.28,22874324.22,22191992.91,-693109.4399999997,-682331.3099999987,0.42942390621564136,0.03030076005887967,-0.06762277560914465,Flagged for Review
C1076035261,C665576141,TRANSFER,3231928.32,44145.63,0.0,11369652.11,14786300.22,44145.63,3416648.1100000013,73.20894754593952,0.2842591844035601,-0.0676112939669381,Flagged for Review
C1339836735,C1171559137,TRANSFER,1718162.33,0.0,0.0,26008710.48,27726872.81,0.0,1718162.3299999982,1718162.33,0.06606103233223301,-0.06754768303001923,Flagged for Review
C672801999,C859376264,TRANSFER,1954814.01,0.0,0.0,15715323.82,17670137.83,0.0,1954814.009999998,1954814.01,0.12438902996851961,-0.0675252504569861,Flagged for Review
C1102654183,C575547051,TRANSFER,2777063.35,0.0,0.0,7232017.09,10009080.44,0.0,2777063.3499999996,2777063.35,0.3839956310175657,-0.06751974122408266,Flagged for Review
C594283232,C1050406642,CASH_IN,478199.93,23782461.85,24260661.78,7113613.27,6635413.34,-478199.9299999997,-478199.9299999997,0.02010725016227661,0.06722320213744173,-0.06747887123468477,Flagged for Review
C1733926324,C610508423,TRANSFER,3288899.69,10359.0,0.0,0.0,3288899.69,10359.0,3288899.69,317.46136003861005,3288899.69,-0.06745328068732503,Flagged for Review
C1459012484,C1614564273,CASH_IN,653014.23,20233131.51,20886145.74,3519631.54,2866617.31,-653014.2299999967,-653014.23,0.032274499743292585,0.18553477460462392,-0.0673195394363234,Flagged for Review
C1680424947,C1525419893,TRANSFER,2904251.16,0.0,0.0,7079655.27,9983906.43,0.0,2904251.16,2904251.16,0.41022488228796455,-0.0672040191901615,Flagged for Review
C1326530127,C56464516,TRANSFER,2999569.38,0.0,0.0,4285825.99,7285395.37,0.0,2999569.38,2999569.38,0.6998811167596851,-0.067013154816704,Flagged for Review
C1962187785,C844194994,CASH_IN,610220.17,24128052.8,24738272.98,3587908.6,3163070.18,-610220.1799999997,-424838.4199999999,0.02529089892861562,0.17007679624927005,-0.06700579206559854,Flagged for Review
C1765158880,C1269605689,TRANSFER,2943363.04,0.0,0.0,5807503.73,8750866.77,0.0,2943363.039999999,2943363.04,0.5068206014186061,-0.06691730976880361,Flagged for Review
C2065288770,C2128022929,TRANSFER,1858641.86,0.0,0.0,15871241.23,17729883.08,0.0,1858641.8499999978,1858641.86,0.11710752271720573,-0.06690141026441454,Flagged for Review
C1178143675,C100694203,TRANSFER,2925897.08,0.0,0.0,5960216.22,8886113.31,0.0,2925897.090000001,2925897.08,0.4909044372043877,-0.0668556167718648,Flagged for Review
C1528067488,C203608133,TRANSFER,3305204.08,0.0,0.0,3399731.52,6704935.6,0.0,3305204.0799999996,3305204.08,0.972195330237333,-0.06682269882650926,Flagged for Review
C1238482588,C1211588868,TRANSFER,4244018.4,18060.12,0.0,10956479.44,15200497.84,18060.12,4244018.4,234.9809092680853,0.38735234578669137,-0.06682158359833934,Flagged for Review
C1634053189,C1105527690,TRANSFER,3025443.37,0.0,0.0,3654758.12,6680201.5,0.0,3025443.38,3025443.37,0.8278092401339983,-0.06670512560203079,Flagged for Review
C1451757927,C1236580733,TRANSFER,2601083.92,280568.0,0.0,0.0,2601083.92,280568.0,2601083.92,9.270745948411976,2601083.92,-0.06650776466882868,Flagged for Review
C1230315047,C405801618,TRANSFER,2958185.92,0.0,0.0,4260319.74,7218505.66,0.0,2958185.92,2958185.92,0.6943575614450098,-0.06638230991872418,Flagged for Review
C2106357624,C1767729358,TRANSFER,2961976.19,0.0,0.0,4242732.02,7204708.21,0.0,2961976.1900000004,2961976.19,0.6981292897850075,-0.06638230991872418,Flagged for Review
C1011152442,C749003243,TRANSFER,10000000.0,3402.0,0.0,132684.24,10145494.34,3402.0,10012810.1,2938.583602703497,75.36633313547159,-0.06634752963185298,Flagged for Review
C962441206,C372815067,TRANSFER,3210956.5,0.0,0.0,3334073.68,6572676.05,0.0,3238602.3699999996,3210956.5,0.9630727587661593,-0.0662721073545135,Flagged for Review
C1906741537,C333485178,TRANSFER,3211215.38,9959.0,0.0,0.0,3211215.38,9959.0,3211215.38,322.41118273092366,3211215.38,-0.06623812509975169,Flagged for Review
C87096231,C775782359,TRANSFER,3227313.54,10926.0,0.0,0.0,3227313.54,10926.0,3227313.54,295.3522046307312,3227313.54,-0.06623812509975169,Flagged for Review
C134226772,C1434427541,CASH_IN,458705.39,26029853.07,26488558.46,7069159.18,6610453.79,-458705.3900000006,-458705.38999999966,0.017622280507852268,0.06488824391018397,-0.06621691077474923,Flagged for Review
C1187243677,C918507490,TRANSFER,3031851.31,99688.0,0.0,0.0,3031851.31,99688.0,3031851.31,30.413097834264562,3031851.31,-0.06613574596740213,Flagged for Review
C820153776,C1284914521,TRANSFER,2262282.67,0.0,0.0,10131212.49,12107854.91,0.0,1976642.42,2262282.67,0.22329829217723848,-0.0660353820541767,Flagged for Review
C1216823091,C353847378,TRANSFER,2192136.81,0.0,0.0,13717349.67,15909486.48,0.0,2192136.8100000005,2192136.81,0.15980759424589383,-0.06603317192791947,Flagged for Review
C851829190,C936788251,CASH_IN,585867.87,3003511.98,3589379.85,26862842.28,26276974.41,-585867.8700000001,-585867.870000001,0.19506087501576239,0.02180960011914271,-0.06601060055987185,Flagged for Review
C1590525093,C1547538271,TRANSFER,2724891.36,0.0,0.0,8020040.18,10744931.54,0.0,2724891.3599999994,2724891.36,0.3397602704079881,-0.06594255417949135,Flagged for Review
C203637240,C1929531778,TRANSFER,2724124.55,0.0,0.0,7680187.31,10404311.86,0.0,2724124.55,2724124.55,0.35469502049227747,-0.06594255417949135,Flagged for Review
C36464540,C10643932,CASH_IN,1097560.17,16211541.92,17309102.09,1703018.11,605457.94,-1097560.17,-1097560.1700000002,0.06770238807103007,0.6444790687052242,-0.06581492790431853,Flagged for Review
C607347524,C690703323,CASH_IN,427840.03,12082379.2,12510219.24,7056614.09,10836358.38,-427840.04000000097,3779744.290000001,0.035410243918660995,0.060629639642141804,-0.06575583361661075,Flagged for Review
C1098758316,C185024017,TRANSFER,2246133.43,0.0,0.0,11970226.81,14216360.25,0.0,2246133.4399999995,2246133.43,0.18764333191082352,-0.06570225215257597,Flagged for Review
C2034505535,C1921400610,TRANSFER,3168214.39,300.0,0.0,0.0,3168214.39,300.0,3168214.39,10525.629202657808,3168214.39,-0.06566553321474744,Flagged for Review
C147319570,C1413390395,TRANSFER,2905249.35,0.0,0.0,6328459.29,9233708.63,0.0,2905249.340000001,2905249.35,0.45907680808091156,-0.06564149861540458,Flagged for Review
C419430918,C941192969,TRANSFER,2971615.01,0.0,0.0,3715227.44,6686842.45,0.0,2971615.0100000002,2971615.01,0.7998471851706647,-0.06544455989870301,Flagged for Review
C1264804922,C1255024717,CASH_IN,333582.3,17339197.25,17672779.55,19303186.23,18969603.93,-333582.30000000075,-333582.30000000075,0.019238623100696135,0.01728120315185898,-0.06515782062621545,Flagged for Review
C86489975,C1678017045,CASH_IN,791445.25,7084763.44,7876208.69,10570707.64,9779262.39,-791445.25,-791445.25,0.11171087715091342,0.074871541440953,-0.06512750851045457,Flagged for Review
C1867912733,C910884778,TRANSFER,2211543.05,152578.0,0.0,351244.1,4836111.85,152578.0,4484867.75,14.49441305815348,6.2962958059770795,-0.06504801184581954,Flagged for Review
C23954568,C1739263553,TRANSFER,2819409.6,0.0,0.0,6924238.98,9743648.58,0.0,2819409.5999999996,2819409.6,0.40717964832871084,-0.0650118905512107,Flagged for Review
C174039306,C940781055,TRANSFER,3133739.71,15701.0,0.0,0.0,3133739.71,15701.0,3133739.71,199.57583174117946,3133739.71,-0.06497840121317722,Flagged for Review
C221636639,C854689598,TRANSFER,3041004.17,42155.0,0.0,0.0,3041004.17,42155.0,3041004.17,72.13692404402694,3041004.17,-0.06496850389017494,Flagged for Review
C1611291905,C1870252780,TRANSFER,785724.89,0.0,0.0,12193900.2,16667982.08,0.0,4474081.880000001,785724.89,0.06443589111579812,-0.06495981484532765,Flagged for Review
C1640569221,C784083892,TRANSFER,2405620.29,0.0,0.0,10939576.84,13345197.13,0.0,2405620.290000001,2405620.29,0.21990065112055548,-0.06475797082992163,Flagged for Review
C1411869003,C1669259232,TRANSFER,2954144.13,0.0,0.0,5312849.95,8266994.08,0.0,2954144.13,2954144.13,0.55603745668792,-0.06471214231476274,Flagged for Review
C1032564456,C197789153,TRANSFER,2950189.91,0.0,0.0,5490100.84,8440290.75,0.0,2950189.91,2950189.91,0.5373652431190603,-0.06471214231476274,Flagged for Review
C1355700824,C623472955,TRANSFER,3653819.93,71240.26,0.0,10960416.94,14614236.86,71240.26,3653819.92,51.287974552948675,0.333365018560597,-0.06456262607698426,Flagged for Review
C593289093,C2081616321,TRANSFER,3026314.64,29820.0,0.0,0.0,3026314.64,29820.0,3026314.64,101.48266791858087,3026314.64,-0.06438613749813016,Flagged for Review
C1100590272,C1533996817,TRANSFER,2790658.09,0.0,0.0,6679391.89,9470049.97,0.0,2790658.080000001,2790658.09,0.4178011588714914,-0.06438285020983603,Flagged for Review
C1730885409,C177145242,TRANSFER,3079005.79,10748.0,0.0,0.0,3079005.79,10748.0,3079005.79,286.4457893757559,3079005.79,-0.06434939106941673,Flagged for Review
C1224546974,C1576270435,TRANSFER,8007267.87,754.0,0.0,2603473.11,10610740.99,754.0,8007267.880000001,10605.65280794702,3.0756087948959863,-0.06434545713572082,Flagged for Review
C308212751,C603215029,TRANSFER,2934561.46,100938.0,0.0,0.0,2845934.15,100938.0,2845934.15,29.072622673099595,2934561.46,-0.06432948174485986,Flagged for Review
C1365088670,C1296032132,CASH_IN,970068.65,15207605.9,16177674.54,2153255.1,1183186.45,-970068.6399999987,-970068.6500000001,0.06378838277309759,0.4505124355621238,-0.0642325554469435,Flagged for Review
C591676647,C1553928544,CASH_IN,162223.88,25069007.27,25231231.16,43245652.86,43083428.98,-162223.8900000006,-162223.88000000268,0.006471092843115489,0.0037512181114238794,-0.06408471253493442,Flagged for Review
C263451412,C758653144,TRANSFER,2810692.19,22412.86,0.0,14852937.9,17663630.08,22412.86,2810692.179999998,125.39973882231797,0.18923475070647466,-0.06391505639235484,Flagged for Review
C1722864645,C783114423,TRANSFER,2112371.2,0.0,0.0,13490169.61,15602540.82,0.0,2112371.210000001,2112371.2,0.15658595143593965,-0.06383079165074068,Flagged for Review
C979852324,C1441370724,TRANSFER,2867977.26,0.0,0.0,6569052.68,9437029.94,0.0,2867977.26,2867977.26,0.4365891039575125,-0.06375437707936038,Flagged for Review
C1302973661,C968591791,TRANSFER,2776299.06,0.0,0.0,6535134.88,9311433.94,0.0,2776299.0599999996,2776299.06,0.42482652403548804,-0.06375437707936038,Flagged for Review
C1635803885,C255847759,TRANSFER,3331181.64,94088.29,0.0,11237946.23,14569127.87,94088.29,3331181.6399999987,35.404472071157095,0.2964226092028019,-0.06362609502083272,Flagged for Review
C82847699,C1271343317,TRANSFER,2835961.42,148475.0,0.0,0.0,2835961.42,148475.0,2835961.42,19.100470244349253,2835961.42,-0.06336149789975898,Flagged for Review
C1512620197,C501095426,TRANSFER,2874289.5,148972.0,0.0,0.0,2874289.5,148972.0,2874289.5,19.294029790633203,2874289.5,-0.06336149789975898,Flagged for Review
C882613607,C1602911157,TRANSFER,2699732.45,202612.0,0.0,0.0,2699732.45,202612.0,2699732.45,13.324576655989498,2699732.45,-0.06336149789975898,Flagged for Review
C1427079503,C1717520963,TRANSFER,1425420.5,0.0,0.0,77660289.26,79085709.76,0.0,1425420.5,1425420.5,0.018354560551187924,-0.06321144169695714,Flagged for Review
C535863215,C537116483,TRANSFER,2177822.72,0.0,0.0,12633422.9,14811245.62,0.0,2177822.719999999,2177822.72,0.17238578688078376,-0.06320281631605162,Flagged for Review
C1751536339,C531103612,TRANSFER,2414525.78,0.0,0.0,10598558.71,13013084.49,0.0,2414525.7799999993,2414525.78,0.2278164058199187,-0.06318700535382649,Flagged for Review
C1824599804,C962548781,TRANSFER,1961238.07,0.0,0.0,3864460.03,6533637.89,0.0,2669177.86,1961238.07,0.5075062356108169,-0.0631199919962363,Flagged for Review
C1444831981,C1671386208,TRANSFER,1474998.09,0.0,0.0,1697229.22,6214174.81,0.0,4516945.59,1474998.09,0.8690618824828609,-0.06292385917222931,Flagged for Review
C1669805099,C108154042,CASH_IN,568534.55,25247539.46,25816074.01,3401594.08,2833059.54,-568534.5500000007,-568534.54,0.022518413264877683,0.16713763297188214,-0.06290930677749651,Flagged for Review
C2017548818,C1054070300,TRANSFER,2781324.61,0.0,0.0,5969160.08,8750484.69,0.0,2781324.6099999994,2781324.61,0.46594899563340314,-0.06281272978539232,Flagged for Review
C545357530,C754244871,CASH_IN,424019.37,14457417.19,14881436.56,16135041.77,15711022.4,-424019.37000000104,-424019.3699999992,0.029328844502353017,0.026279407872929983,-0.06268857573183151,Flagged for Review
C1844129041,C1635258370,TRANSFER,3719441.02,541820.82,0.0,5570481.5,9289922.52,541820.82,3719441.0199999996,6.864694042775908,0.6677053594549485,-0.06267026440699874,Flagged for Review
C1689985567,C74472954,CASH_IN,407745.65,13039786.64,13447532.29,20788599.59,20380853.94,-407745.6499999985,-407745.6499999985,0.031269347420139426,0.01961390562268723,-0.06265180590849528,Flagged for Review
C454324191,C1854925027,TRANSFER,1484476.71,0.0,0.0,39853964.63,41383645.15,0.0,1529680.5199999958,1484476.71,0.037247904607077865,-0.06264905926641606,Flagged for Review
C1774262817,C264077709,TRANSFER,1663770.46,0.0,0.0,25164183.29,26827953.75,0.0,1663770.460000001,1663770.46,0.06611660607894873,-0.06259302940708944,Flagged for Review
C1171022505,C1420356843,TRANSFER,2727649.42,63327.53,0.0,0.0,2399274.65,63327.53,2399274.65,43.07141536365995,2727649.42,-0.0625889122965887,Flagged for Review
C1548449245,C404642033,TRANSFER,2142567.07,0.0,0.0,12613455.96,14756023.03,0.0,2142567.0699999984,2142567.07,0.16986358908541435,-0.06257540723193611,Flagged for Review
C1760871373,C1721815893,TRANSFER,2057641.05,0.0,0.0,14493692.23,16551333.28,0.0,2057641.0499999989,2057641.05,0.14196802825527996,-0.06257540723193611,Flagged for Review
C524839739,C1845195861,TRANSFER,3016110.58,30223.0,0.0,0.0,3016110.58,30223.0,3016110.58,99.7919064319746,3016110.58,-0.06232501122826828,Flagged for Review
C68351974,C2098060275,TRANSFER,2548126.62,0.0,0.0,9856403.3,12404529.92,0.0,2548126.619999999,2548126.62,0.2585249693947721,-0.062218276063360944,Flagged for Review
C2086257175,C451691051,TRANSFER,2555638.94,0.0,0.0,9940393.72,12496032.66,0.0,2555638.9399999995,2555638.94,0.25709632383692704,-0.062218276063360944,Flagged for Review
C796072203,C1761101715,TRANSFER,3158804.96,0.0,0.0,3330838.66,6489643.62,0.0,3158804.96,3158804.96,0.948350951243327,-0.0621861023569561,Flagged for Review
C869697027,C1038313229,TRANSFER,2863981.31,0.0,0.0,6222758.1,9086739.41,0.0,2863981.3100000005,2863981.31,0.4602429989616664,-0.06218567244554041,Flagged for Review
C193137347,C768813253,TRANSFER,8447816.12,41863.0,0.0,195013.59,8642829.71,41863.0,8447816.120000001,201.79190043951843,43.31889280694331,-0.062044173810345216,Flagged for Review
C1884301754,C1450805241,TRANSFER,1448057.11,0.0,0.0,37282425.06,38746046.28,0.0,1463621.2199999988,1448057.11,0.038840206044252264,-0.06202214950963025,Flagged for Review
C1876223674,C844520593,CASH_IN,714588.38,15796027.55,16510615.93,2477131.64,1762543.26,-714588.379999999,-714588.3800000001,0.04523848369468793,0.28847400759290787,-0.06197487677272484,Flagged for Review
C750408820,C112121302,TRANSFER,3052791.48,0.0,0.0,3594877.21,6647668.69,0.0,3052791.4800000004,3052791.48,0.8492058149586103,-0.061872785558588994,Flagged for Review
C140209445,C801487537,TRANSFER,4923455.55,1029.0,0.0,9217871.14,14141326.7,1029.0,4923455.559999999,4780.053932038834,0.5341206164745088,-0.06167190436720904,Flagged for Review
C1453083130,C1029865465,TRANSFER,2240988.74,0.0,0.0,11507681.45,13748670.19,0.0,2240988.74,2240988.74,0.19473849315332822,-0.06160108921373264,Flagged for Review
C1138915114,C1721590236,TRANSFER,3005032.02,0.0,0.0,3094839.99,6099872.02,0.0,3005032.0299999993,3005032.02,0.9709810713086102,-0.061597067077923895,Flagged for Review
C54345557,C1661965855,TRANSFER,2938966.08,0.0,0.0,4125068.0,7064034.08,0.0,2938966.08,2938966.08,0.7124647078630685,-0.06157395659697518,Flagged for Review
C836001849,C1993805294,TRANSFER,2028897.08,2028897.08,0.0,0.0,0.0,2028897.08,0.0,0.9999995071216194,2028897.08,-0.061401582293039714,Flagged for Review
C1873232021,C849567508,TRANSFER,1508598.64,0.0,0.0,41382876.37,42891475.01,0.0,1508598.6400000006,1508598.64,0.036454657961837125,-0.06139580504257747,Flagged for Review
C1488684416,C2095611317,TRANSFER,1535115.02,455269.0,0.0,0.0,2629366.18,455269.0,2629366.18,3.37187827003756,1535115.02,-0.06138990341313644,Flagged for Review
C1470657335,C1517127969,TRANSFER,2952872.21,0.0,0.0,3890196.88,6843069.1,0.0,2952872.2199999997,2952872.21,0.7590545008471394,-0.061260915849308706,Flagged for Review
C2066295128,C1018394275,TRANSFER,1436633.31,0.0,0.0,46533264.84,47969898.15,0.0,1436633.309999995,1436633.31,0.03087325344710858,-0.061017956708326326,Flagged for Review
C101988378,C1388157479,CASH_IN,576303.56,16267843.96,16844147.52,6283355.88,5707052.32,-576303.5599999987,-576303.5599999996,0.03542593142589183,0.09171905575415924,-0.06100675245673537,Flagged for Review
C1043706055,C1726461516,TRANSFER,2455477.68,0.0,0.0,9736403.46,12191881.14,0.0,2455477.6799999997,2455477.68,0.25219552968324405,-0.06096579837084415,Flagged for Review
C76410579,C1070824541,CASH_IN,1010199.43,14269199.37,15279398.8,1963482.31,953282.88,-1010199.4300000016,-1010199.43,0.07079579820911858,0.5144935150989391,-0.06093831585356935,Flagged for Review
C1379693565,C1371935139,CASH_IN,775423.47,16366569.43,17141992.89,1990942.87,1215519.4,-775423.4600000009,-775423.4700000002,0.04737849467709161,0.3894753044946465,-0.060783702622072,Flagged for Review
C271782719,C557324477,TRANSFER,8286586.26,21405.0,0.0,22261.84,8308848.1,21405.0,8286586.26,387.1151200597963,372.21604521256046,-0.06074478162475394,Flagged for Review
C1378295401,C1868023157,TRANSFER,3019072.61,20776.0,0.0,0.0,3019072.61,20776.0,3019072.61,145.30839919141357,3019072.61,-0.06072297136703464,Flagged for Review
C2141686908,C1362584980,TRANSFER,1659000.96,0.0,0.0,19297507.77,20956508.74,0.0,1659000.9699999988,1659000.96,0.085969695869712,-0.060714146927344004,Flagged for Review
C136316659,C723778361,TRANSFER,2967188.4,0.0,0.0,2972612.4,5939800.8,0.0,2967188.4,2967188.4,0.9981750065447461,-0.06065833702259571,Flagged for Review
C1907302700,C235386075,TRANSFER,2635744.65,0.0,0.0,7308764.62,9944509.27,0.0,2635744.6499999994,2635744.65,0.36062787986899486,-0.06062050170554112,Flagged for Review
C681789169,C642207574,TRANSFER,2558116.91,0.0,0.0,7816125.04,10374241.95,0.0,2558116.909999999,2558116.91,0.3272870597158385,-0.06060664682862871,Flagged for Review
C1960820380,C1297791263,CASH_IN,486647.6,2761993.24,3248640.84,33104359.2,32617711.6,-486647.5999999996,-486647.59999999776,0.17619428489467087,0.014700407954115965,-0.060543894320520875,Flagged for Review
C9119050,C1407002758,TRANSFER,3009075.1,24479.0,0.0,0.0,3009075.1,24479.0,3009075.1,122.91973447712418,3009075.1,-0.06041031437612088,Flagged for Review
C2046624614,C57604121,TRANSFER,2991426.83,0.0,0.0,3157422.65,6148849.48,0.0,2991426.8300000005,2991426.83,0.9474264975496716,-0.06034570917891635,Flagged for Review
C1861782446,C1969829178,CASH_IN,567830.35,12159126.77,12726957.12,11639035.44,11071205.09,-567830.3499999996,-567830.3499999996,0.046699924595002426,0.0487867146844331,-0.060342654797011175,Flagged for Review
C1203520561,C18620895,CASH_OUT,292986.28,11324.0,0.0,40416437.78,48756849.25,11324.0,8340411.469999999,25.870753200883005,0.0072491859462141366,-0.06030734145404837,Flagged for Review
C1672180040,C13998805,TRANSFER,2500521.09,0.0,0.0,8898709.36,11399230.44,0.0,2500521.08,2500521.09,0.28099814342086304,-0.06029404229494384,Flagged for Review
C1363123686,C715405028,TRANSFER,2608419.03,139982.0,0.0,0.0,2608419.03,139982.0,2608419.03,18.63382717901459,2608419.03,-0.06022939064649746,Flagged for Review
C853482370,C239786772,TRANSFER,2849736.73,0.0,0.0,5393488.54,8243225.28,0.0,2849736.74,2849736.73,0.5283660437023857,-0.060102857266853826,Flagged for Review
C1415281653,C859300166,TRANSFER,1476073.82,0.0,0.0,2506996.21,6080565.41,0.0,3573569.2,1476073.82,0.5887815966097545,-0.06005350391343445,Flagged for Review
C487048650,C1629052960,TRANSFER,2555936.38,0.0,0.0,9316002.0,11871938.38,0.0,2555936.380000001,2555936.38,0.27435976351660685,-0.060027921953362706,Flagged for Review
C1241930283,C1077884991,TRANSFER,3004958.49,0.0,0.0,3525225.15,6530183.64,0.0,3004958.4899999998,3004958.49,0.8524158060043894,-0.05999584967210436,Flagged for Review
C516266170,C1382375686,CASH_OUT,2623051.23,0.0,0.0,6944642.44,9567693.67,0.0,2623051.2299999995,2623051.23,0.37770855374541734,-0.059995421115951575,Flagged for Review
C1031495336,C2099653377,TRANSFER,2612004.22,0.0,0.0,6936991.99,9548996.21,0.0,2612004.2200000007,2612004.22,0.37653263074725984,-0.059995421115951575,Flagged for Review
C1005894589,C1948663251,TRANSFER,2755784.38,0.0,0.0,6097482.21,8853266.59,0.0,2755784.38,2755784.38,0.4519544023475876,-0.059995421115951575,Flagged for Review
C1636864707,C1085931665,TRANSFER,4859374.27,179832.58,0.0,5481656.0,10341030.27,179832.58,4859374.27,27.021506606274535,0.886479082875853,-0.059921976351378636,Flagged for Review
C1888228731,C1157135792,TRANSFER,7513681.45,20588.0,0.0,310110.04,8142790.56,20588.0,7832680.52,364.936687065909,24.229003424063848,-0.05979918546768892,Flagged for Review
C2049410907,C215118537,TRANSFER,2929588.48,0.0,0.0,4174963.22,7104551.7,0.0,2929588.48,2929588.48,0.7017038531649978,-0.05974415258586796,Flagged for Review
C1297302571,C1144850308,TRANSFER,2931633.42,0.0,0.0,4149967.77,7081601.19,0.0,2931633.4200000004,2931633.42,0.7064230076121754,-0.05974415258586796,Flagged for Review
C1276278795,C635378606,CASH_IN,722762.35,15530921.06,16253683.4,1223716.84,500954.5,-722762.3399999999,-722762.3400000001,0.04653698906013311,0.5906282693402589,-0.0597439411580164,Flagged for Review
C1172142125,C414409410,TRANSFER,2534105.11,0.0,0.0,9361566.02,11895671.13,0.0,2534105.1100000013,2534105.11,0.27069240700687736,-0.05971557839903563,Flagged for Review
C1758865110,C954369994,TRANSFER,2874360.74,100527.0,0.0,0.0,2874360.74,100527.0,2874360.74,28.592638269934746,2874360.74,-0.05968398949976372,Flagged for Review
C1824883794,C1380511257,TRANSFER,3411038.35,5914.47,0.0,11191285.75,14602324.1,5914.47,3411038.3499999996,576.6301494217704,0.30479411583301624,-0.05958924937447618,Flagged for Review
C740959733,C686435256,TRANSFER,3231375.03,15513.82,0.0,11251662.37,14483037.4,15513.82,3231375.030000001,208.2766690171075,0.28719087336150906,-0.05958924937447618,Flagged for Review
C464058059,C539311335,TRANSFER,1950022.93,1950022.93,0.0,0.0,0.0,1950022.93,0.0,0.9999994871857804,1950022.93,-0.05952591992121692,Flagged for Review
C83368332,C195897320,TRANSFER,1947831.96,1947831.96,0.0,0.0,0.0,1947831.96,0.0,0.9999994866089544,1947831.96,-0.05952591992121692,Flagged for Review
C852386994,C700997100,TRANSFER,2819198.08,0.0,0.0,5342982.87,8162180.95,0.0,2819198.08,2819198.08,0.5276448794519756,-0.059478243441552836,Flagged for Review
C1293289935,C608629045,TRANSFER,2798533.92,0.0,0.0,5614904.35,8413438.27,0.0,2798533.92,2798533.92,0.49841159299328175,-0.059478243441552836,Flagged for Review
C1999380970,C839039444,TRANSFER,2782187.52,0.0,0.0,5319282.43,8101469.95,0.0,2782187.5200000005,2782187.52,0.5230380288271272,-0.059478243441552836,Flagged for Review
C1041350949,C1311280310,TRANSFER,2877881.43,0.0,0.0,5607884.45,8485765.88,0.0,2877881.4300000006,2877881.43,0.51318477448572,-0.059478243441552836,Flagged for Review
C447746716,C1871789676,TRANSFER,2979190.3,11245.0,0.0,0.0,2979190.3,11245.0,2979190.3,264.911106171083,2979190.3,-0.05947318911604005,Flagged for Review
C1582235586,C1809716881,TRANSFER,2962267.02,5550.0,0.0,0.0,2962267.02,5550.0,2962267.02,533.6456530354891,2962267.02,-0.05947318911604005,Flagged for Review
C1076692653,C606501249,TRANSFER,185239.6,0.0,0.0,23818557.04,38675752.96,0.0,14857195.920000002,185239.6,0.007777112270562958,-0.05944414534231246,Flagged for Review
C858640589,C544910809,CASH_IN,539122.22,20708391.43,21247513.65,5416064.07,4876941.85,-539122.2199999988,-539122.2200000007,0.026033996691070045,0.09954131145621556,-0.05942062010897109,Flagged for Review
C317835642,C1635207173,TRANSFER,2511355.55,0.0,0.0,9334023.35,11845378.9,0.0,2511355.5500000007,2511355.55,0.26905388885127557,-0.05940337569785603,Flagged for Review
C1108024336,C1579944451,CASH_OUT,69513.93,82811.0,13297.07,23440598.66,33657680.23,69513.93,10217081.569999997,0.8394185625271698,0.002965535481527011,-0.059375060880513586,Flagged for Review
C823998208,C883991015,TRANSFER,2749487.33,0.0,0.0,6223118.67,8972606.0,0.0,2749487.33,2749487.33,0.44181816770365917,-0.05937090416671986,Flagged for Review
C1969674824,C2011886624,TRANSFER,1378596.19,0.0,0.0,7879237.92,10778714.95,0.0,2899477.0299999993,1378596.19,0.17496565391622876,-0.059333306850939405,Flagged for Review
C1407751589,C410113323,TRANSFER,2858398.41,0.0,0.0,4790437.64,7648836.04,0.0,2858398.4000000004,2858398.41,0.5966882418934397,-0.05916614776795648,Flagged for Review
C301007883,C857472624,TRANSFER,2989047.92,40365.0,0.0,0.0,2989047.92,40365.0,2989047.92,74.04865282663627,2989047.92,-0.05915128093559652,Flagged for Review
C11619259,C1193690398,CASH_IN,469803.74,4397990.42,4867794.16,37131586.57,36661782.84,-469803.7400000002,-469803.7299999967,0.10682234118592256,0.012652401115743622,-0.0590665768331492,Flagged for Review
C1520624935,C718843140,TRANSFER,6913843.18,10046.0,0.0,2613434.82,9527278.0,10046.0,6913843.18,688.1500129391858,2.645499509530714,-0.0590355726570676,Flagged for Review
C1620507711,C2015162579,TRANSFER,8052625.41,41008.0,0.0,266198.5,8318823.91,41008.0,8052625.41,196.3623938647614,30.250340102066307,-0.058917995066214424,Flagged for Review
C473599154,C911346433,TRANSFER,2959003.87,0.0,0.0,3371394.29,6330398.16,0.0,2959003.87,2959003.87,0.8776793035147178,-0.05874737813324282,Flagged for Review
C1786136393,C605171253,TRANSFER,2636193.26,0.0,0.0,6455526.9,9091720.16,0.0,2636193.26,2636193.26,0.4083621511418144,-0.05874695034960686,Flagged for Review
C502925846,C2126918642,CASH_IN,629807.58,20230721.09,20860528.66,950682.07,320874.5,-629807.5700000003,-629807.57,0.031131245696430797,0.6624790110125764,-0.058648109563094075,Flagged for Review
C1973474199,C126274613,TRANSFER,9317351.16,122.0,0.0,462721.33,9780072.49,122.0,9317351.16,75750.82243902438,20.13594450909685,-0.0586397950316665,Flagged for Review
C240462134,C156769796,TRANSFER,8298120.14,10522.0,0.0,54167.0,8352287.14,10522.0,8298120.14,788.5698127910291,153.1922932358588,-0.05854646610125702,Flagged for Review
C536639460,C1035504563,TRANSFER,2714626.03,0.0,0.0,5797892.86,8512518.9,0.0,2714626.04,2714626.03,0.4682089902901395,-0.05823070494150884,Flagged for Review
C1052076113,C1072809263,CASH_IN,735063.85,13538917.46,14273981.31,3553436.16,2818372.31,-735063.8499999996,-735063.8500000001,0.054292656549465614,0.2068599547149442,-0.058213459653732924,Flagged for Review
C1272016825,C600100500,TRANSFER,4033974.87,929565.43,0.0,4430465.06,8464439.94,929565.43,4033974.88,4.339630541520308,0.9105080177501688,-0.05806391558958801,Flagged for Review
C1397023938,C941297824,TRANSFER,2805196.18,0.0,0.0,5201982.26,8007178.44,0.0,2805196.1800000006,2805196.18,0.5392551340120999,-0.05791917185267503,Flagged for Review
C1136645557,C1019485531,TRANSFER,1487773.45,0.0,0.0,29308535.07,30796308.52,0.0,1487773.4499999993,1487773.45,0.050762462050190006,-0.057649580812125456,Flagged for Review
C239719702,C2021595908,TRANSFER,1461954.5,0.0,0.0,29125256.27,30587210.77,0.0,1461954.5,1461954.5,0.0501954192695102,-0.057649580812125456,Flagged for Review
C390752654,C1549341777,CASH_IN,441928.48,10222547.99,10664476.47,20017960.0,19576031.52,-441928.48000000045,-441928.48000000045,0.04323075198096947,0.022076598111066357,-0.05754156072581029,Flagged for Review
C1199997500,C1836809834,CASH_IN,811966.37,9205201.79,10017168.17,8483295.51,7671329.14,-811966.3800000008,-811966.3700000001,0.0882073310630455,0.09571354355501598,-0.0575322529060186,Flagged for Review
C683981669,C129736979,TRANSFER,2658126.01,115168.0,0.0,0.0,2658126.01,115168.0,2658126.01,23.080221326919567,2658126.01,-0.057190420228384165,Flagged for Review
C1019037229,C819110094,TRANSFER,2162243.65,0.0,0.0,11356590.81,13518834.46,0.0,2162243.6500000004,2162243.65,0.19039547129765155,-0.057185585855209387,Flagged for Review
C1693077855,C1941053102,TRANSFER,2091550.51,0.0,0.0,11770597.06,13862147.57,0.0,2091550.5099999998,2091550.51,0.17769279855946418,-0.057185585855209387,Flagged for Review
C60146499,C535782460,TRANSFER,2485864.96,0.0,0.0,8085495.23,10571360.19,0.0,2485864.959999999,2485864.96,0.30744742057717833,-0.057168377219990574,Flagged for Review
C925166521,C859769520,TRANSFER,1997002.99,0.0,0.0,12192720.4,14189723.39,0.0,1997002.9900000002,1997002.99,0.16378648576354743,-0.05713943281318379,Flagged for Review
C1882943298,C478491777,TRANSFER,1806516.34,1806516.34,0.0,0.0,0.0,1806516.34,0.0,0.9999994464487122,1806516.34,-0.05703292000976945,Flagged for Review
C1987403065,C846200321,TRANSFER,1810044.85,1810044.85,0.0,0.0,0.0,1810044.85,0.0,0.9999994475278071,1810044.85,-0.05703292000976945,Flagged for Review
C660401037,C1657963478,TRANSFER,1803411.53,1803411.53,0.0,0.0,0.0,1803411.53,0.0,0.9999994454957014,1803411.53,-0.05703292000976945,Flagged for Review
C1606324141,C2085091204,CASH_IN,101339.04,25355430.6,25456769.63,26319751.96,26218412.92,-101339.02999999747,-101339.0399999991,0.003996738907808613,0.003850303616223607,-0.05699987576097543,Flagged for Review
C901476721,C1363402770,TRANSFER,2912647.15,0.0,0.0,3754479.54,6667126.69,0.0,2912647.1500000004,2912647.15,0.775778997645304,-0.056992775960119424,Flagged for Review
C1204497251,C607380281,TRANSFER,2766445.84,0.0,0.0,5312861.15,8079306.99,0.0,2766445.84,2766445.84,0.5207072500460038,-0.056985415258767325,Flagged for Review
C1074822460,C934752135,CASH_IN,347581.57,15516636.65,15864218.21,27978026.23,27630444.66,-347581.5600000005,-347581.5700000003,0.022400572716860474,0.01242337664277125,-0.05690514226837873,Flagged for Review
C1372602996,C1229575325,TRANSFER,2755662.06,57930.0,0.0,0.0,2755662.06,57930.0,2755662.06,47.56800435000259,2755662.06,-0.05687935626200891,Flagged for Review
C666662973,C835389227,TRANSFER,2730633.88,59616.0,0.0,0.0,2730633.88,59616.0,2730633.88,45.80294010097791,2730633.88,-0.05687935626200891,Flagged for Review
C1436577816,C185001484,TRANSFER,2689270.13,67393.0,0.0,0.0,2689270.13,67393.0,2689270.13,39.9037025551236,2689270.13,-0.05687935626200891,Flagged for Review
C1046058476,C1251838000,TRANSFER,2125289.25,0.0,0.0,11034605.01,13159894.26,0.0,2125289.25,2125289.25,0.19260218698102843,-0.056874524068922905,Flagged for Review
C1340017097,C530355626,CASH_IN,7017.65,18891074.04,18898091.69,86039082.13,86032064.48,-7017.650000002235,-7017.649999991059,0.0003714796529652661,8.15635144483902e-05,-0.05678999372199012,Flagged for Review
C402753311,C1376144743,TRANSFER,4461489.36,276272.84,0.0,5922456.61,10383945.98,276272.84,4461489.37,16.148794109496578,0.7533172297369977,-0.056789485082280766,Flagged for Review
C527350340,C130375618,TRANSFER,2817245.56,0.0,0.0,4070749.61,6887995.16,0.0,2817245.5500000003,2817245.56,0.6920702911839642,-0.05667444374057873,Flagged for Review
C81843045,C1682974286,TRANSFER,912359.25,0.0,0.0,4365940.89,10326718.49,0.0,5960777.600000001,912359.25,0.20897191785573677,-0.05667221196484429,Flagged for Review
C1484690056,C1788043683,TRANSFER,2130336.75,0.0,0.0,11278353.66,13408690.41,0.0,2130336.75,2130336.75,0.18888719269979048,-0.05656360255776305,Flagged for Review
C373595869,C1608983500,TRANSFER,1393424.39,0.0,0.0,44805528.55,46198952.94,0.0,1393424.3900000006,1393424.39,0.03109938447318273,-0.05655781198298615,Flagged for Review
C924719856,C1246742479,TRANSFER,2392550.13,0.0,0.0,9409701.98,11802252.11,0.0,2392550.129999999,2392550.13,0.25426415000402064,-0.05652805490662316,Flagged for Review
C2007356626,C811205461,TRANSFER,1295062.51,0.0,0.0,27451884.6,28973485.86,0.0,1521601.259999998,1295062.51,0.047175721510365025,-0.056501027475057586,Flagged for Review
C560832470,C868288978,TRANSFER,2694724.04,0.0,0.0,4803703.24,7498427.27,0.0,2694724.0299999993,2694724.04,0.5609679333630249,-0.056363612456809875,Flagged for Review
C927432452,C267189711,TRANSFER,1427783.02,0.0,0.0,27953094.91,29380877.93,0.0,1427783.0199999996,1427783.02,0.05107781351292906,-0.056340888281703805,Flagged for Review
C718400958,C2135710027,TRANSFER,4588468.3,116692.26,0.0,8512160.78,13100629.08,116692.26,4588468.300000001,39.3207653981044,0.5390485306307231,-0.05627785406293251,Flagged for Review
C2037572416,C673704990,TRANSFER,2572989.71,0.0,0.0,6024641.08,8597630.79,0.0,2572989.709999999,2572989.71,0.427077604915577,-0.056256756253588724,Flagged for Review
C1067890086,C985614692,TRANSFER,2794929.32,32675.0,0.0,0.0,2794929.32,32675.0,2794929.32,85.53462235279716,2794929.32,-0.056084200767740455,Flagged for Review
C1242934533,C1556546293,TRANSFER,2769598.77,0.0,0.0,4181487.75,6951086.52,0.0,2769598.7699999996,2769598.77,0.6623475359105055,-0.05605292134422135,Flagged for Review
C977516636,C966463693,TRANSFER,2837074.57,0.0,0.0,4158875.83,6995950.4,0.0,2837074.5700000003,2837074.57,0.6821732611879251,-0.05605292134422135,Flagged for Review
C1523542967,C303480240,TRANSFER,2039624.62,0.0,0.0,11771554.96,13811179.58,0.0,2039624.6199999992,2039624.62,0.17326720672532062,-0.055942180107820705,Flagged for Review
C1536200720,C747184469,CASH_IN,571306.39,6091603.93,6662910.32,18151583.64,17580277.25,-571306.3900000006,-571306.3900000006,0.09378585718624402,0.03147418814008296,-0.05594179366155139,Flagged for Review
C2106177083,C638551812,TRANSFER,2406421.87,0.0,0.0,7999706.55,10406128.42,0.0,2406421.87,2406421.87,0.30081373037193093,-0.05586059704023405,Flagged for Review
C1601135182,C2103838073,TRANSFER,2415159.78,0.0,0.0,7981387.48,10396547.26,0.0,2415159.7799999993,2415159.78,0.30259895080310634,-0.05586059704023405,Flagged for Review
C541541775,C1931105569,CASH_IN,461466.83,14697939.75,15159406.57,13039543.31,12578076.48,-461466.8200000003,-461466.8300000001,0.03139669956827115,0.03538979729882907,-0.05579764726566683,Flagged for Review
C1549014071,C1262381187,CASH_IN,170477.77,22825775.13,22996252.9,26062443.08,25891965.3,-170477.76999999955,-170477.77999999747,0.00746865162564792,0.006541127511936709,-0.05553415780794957,Flagged for Review
C1279323433,C1913190788,TRANSFER,1778520.7,1778520.7,0.0,0.0,0.0,1778520.7,0.0,0.9999994377352832,1778520.7,-0.055479357114611716,Flagged for Review
C849207268,C1500692649,TRANSFER,2657505.79,0.0,0.0,5904516.92,8562022.71,0.0,2657505.790000001,2657505.79,0.45008006174363513,-0.055431959379769524,Flagged for Review
C1507276112,C1441560807,CASH_OUT,10000000.0,10000000.0,0.0,633838.8,10633838.8,10000000.0,10000000.0,0.99999990000001,15.776857180631445,-0.05541095883703362,Flagged for Review
C1937343633,C339799850,TRANSFER,3908963.92,202710.52,0.0,9515635.36,13424599.28,202710.52,3908963.92,19.283383203875143,0.41079374748196035,-0.05532065145182674,Flagged for Review
C2022000966,C2133014316,TRANSFER,2716316.92,31102.0,0.0,0.0,2716316.92,31102.0,2716316.92,87.33295566344083,2716316.92,-0.05515292552725359,Flagged for Review
C953868104,C2048205630,TRANSFER,2708533.14,0.0,0.0,5180440.29,7888973.43,0.0,2708533.1399999997,2708533.14,0.5228383043792781,-0.055121688401569724,Flagged for Review
C1924782757,C1073858020,TRANSFER,2643490.85,0.0,0.0,5636472.68,8279963.54,0.0,2643490.8600000003,2643490.85,0.46899728448656575,-0.055121688401569724,Flagged for Review
C925015393,C1486249495,TRANSFER,2695113.39,0.0,0.0,5213919.82,7909033.21,0.0,2695113.3899999997,2695113.39,0.5169072341225159,-0.055121688401569724,Flagged for Review
C1885702180,C1819726336,CASH_IN,664476.78,17430949.96,18095426.74,1094640.19,430163.41,-664476.7799999975,-664476.78,0.03812051227295748,0.607027020424839,-0.05512147838532966,Flagged for Review
C1084197578,C1791877346,TRANSFER,1461753.33,0.0,0.0,1690771.61,5562764.86,0.0,3871993.25,1461753.33,0.8645475573442132,-0.055094047907073285,Flagged for Review
C634268681,C879312587,CASH_OUT,10000000.0,10000000.0,0.0,1950323.28,11950323.28,10000000.0,10000000.0,0.99999990000001,5.127352462637649,-0.05504662663732174,Flagged for Review
C762248824,C1340865412,TRANSFER,2552755.04,0.0,0.0,6648380.12,9201135.15,0.0,2552755.0300000003,2552755.04,0.38396641136000337,-0.05501502481771747,Flagged for Review
C194615601,C1954494149,CASH_IN,584558.68,20950363.35,21534922.02,1038925.79,454367.11,-584558.6699999981,-584558.68,0.027902077034760497,0.5626562772531836,-0.054996442121082345,Flagged for Review
C360304224,C797277795,TRANSFER,2343091.93,0.0,0.0,8483479.39,10826571.32,0.0,2343091.9299999997,2343091.93,0.2761946538783713,-0.05497562934454259,Flagged for Review
C2062110057,C1630811684,CASH_IN,630622.2,18779153.99,19409776.19,1741265.63,1110643.43,-630622.200000003,-630622.2,0.033580967851631754,0.3621629158539609,-0.054944910529191926,Flagged for Review
C1928189061,C1575541892,TRANSFER,2897027.54,703.0,0.0,0.0,2897027.54,703.0,2897027.54,4115.0959375,2897027.54,-0.05486320088064711,Flagged for Review
C229459328,C1110072010,TRANSFER,2495984.15,0.0,0.0,5906167.11,8510676.75,0.0,2604509.6399999997,2495984.15,0.4226063504311596,-0.05485755461653474,Flagged for Review
C364812215,C359043835,TRANSFER,2791850.19,0.0,0.0,3963838.01,6755688.2,0.0,2791850.1900000004,2791850.19,0.7043298637903057,-0.05481155734187704,Flagged for Review
C277932764,C1818254080,TRANSFER,2881437.44,0.0,0.0,3832781.86,6714219.3,0.0,2881437.44,2881437.44,0.7517872901362328,-0.05481155734187704,Flagged for Review
C706672775,C586738298,TRANSFER,2538554.39,0.0,0.0,6461924.78,9000479.18,0.0,2538554.3999999994,2538554.39,0.3928479645892807,-0.054704941858589984,Flagged for Review
C1373388991,C312758863,TRANSFER,2539773.08,0.0,0.0,6813001.65,9352774.72,0.0,2539773.0700000003,2539773.08,0.37278322209371223,-0.054704941858589984,Flagged for Review
C616477106,C1405637035,CASH_OUT,9228514.1,9228514.1,0.0,1088377.41,10316891.51,9228514.1,9228514.1,0.9999998916402055,8.479141092113359,-0.054645585992772694,Flagged for Review
C72640804,C138111863,TRANSFER,1592830.89,0.0,0.0,16864510.56,18457341.46,0.0,1592830.9000000022,1592830.89,0.09444868203464293,-0.05453377857732655,Flagged for Review
C957798901,C826631539,TRANSFER,2854322.64,21234.0,0.0,0.0,2854322.64,21234.0,2854322.64,134.41594725688722,2854322.64,-0.05449654815743954,Flagged for Review
C1102435540,C1932675563,TRANSFER,2820323.77,21641.0,0.0,0.0,2820323.77,21641.0,2820323.77,130.31715044820257,2820323.77,-0.05449654815743954,Flagged for Review
C1382975145,C550632739,TRANSFER,2548026.47,0.0,0.0,6629450.29,9177476.76,0.0,2548026.4699999997,2548026.47,0.3843495273648809,-0.05439499873318143,Flagged for Review
C1000772154,C935808590,CASH_IN,382147.0,11632424.03,12014571.03,30394191.03,30012044.03,-382147.0,-382147.0,0.03285187731831013,0.012573027097506299,-0.05434923727103691,Flagged for Review
C943619238,C1303868418,TRANSFER,1326256.99,0.0,0.0,66657001.93,67983258.92,0.0,1326256.990000002,1326256.99,0.01989673900269371,-0.05412145109306665,Flagged for Review
C1756713806,C12124249,TRANSFER,4639938.63,59401.22,0.0,8095154.53,12735093.17,59401.22,4639938.64,78.11052566722253,0.5731747355322276,-0.054074003711396035,Flagged for Review
C1248648222,C1812715311,TRANSFER,1765262.7,36101.39,0.0,30321607.01,32086869.71,36101.39,1765262.6999999993,48.89600660787278,0.05821797773448625,-0.05395210564345432,Flagged for Review
C1430436436,C1190598592,TRANSFER,1746415.27,1746415.27,0.0,0.0,0.0,1746415.27,0.0,0.9999994273988297,1746415.27,-0.05392929400277635,Flagged for Review
C1707046857,C1057271588,TRANSFER,1766811.07,1766811.07,0.0,0.0,0.0,1766811.07,0.0,0.9999994340088474,1766811.07,-0.05392929400277635,Flagged for Review
C1734780845,C10719006,TRANSFER,1609683.78,0.0,0.0,13345287.33,15274550.98,0.0,1929263.6500000004,1609683.78,0.12061813429549184,-0.05390588914294936,Flagged for Review
C1912458790,C1697991418,CASH_IN,564032.65,2378303.39,2942336.04,20393034.66,19829002.0,-564032.6499999999,-564032.6600000001,0.23715746914969113,0.027658101491300977,-0.053854909341831236,Flagged for Review
C209663249,C1405722418,TRANSFER,1472997.1,0.0,0.0,25234800.77,26735031.07,0.0,1500230.3000000007,1472997.1,0.05837165329949807,-0.053822321201192125,Flagged for Review
C391411775,C737504726,TRANSFER,2927371.84,0.0,0.0,3134236.52,6061608.36,0.0,2927371.8400000003,2927371.84,0.9339980844846755,-0.053764880962912875,Flagged for Review
C151507139,C369139662,CASH_IN,565859.62,25665030.17,26230889.79,1053618.22,487758.6,-565859.6199999973,-565859.62,0.02204788360675893,0.5370627350552698,-0.05375272199845904,Flagged for Review
C2016022103,C1727565779,TRANSFER,1198858.19,0.0,0.0,1470094.13,7117684.54,0.0,5647590.41,1198858.19,0.8154970148088307,-0.05370593184137573,Flagged for Review
C1474911553,C503835851,CASH_OUT,10000000.0,10000000.0,0.0,332983.03,10332983.03,10000000.0,10000000.0,0.99999990000001,30.031470278019036,-0.053685857602682185,Flagged for Review
C619552920,C1630566944,CASH_OUT,10000000.0,10000000.0,0.0,147964.13,10147964.13,10000000.0,10000000.0,0.99999990000001,67.583490785971,-0.053685857602682185,Flagged for Review
C220809630,C1161159002,CASH_OUT,10000000.0,10000000.0,0.0,253512.69,10253512.69,10000000.0,10000000.0,0.99999990000001,39.4456015373371,-0.053685857602682185,Flagged for Review
C114991204,C396524657,TRANSFER,2195910.84,0.0,0.0,10459946.57,12655857.42,0.0,2195910.8499999996,2195910.84,0.20993516700772524,-0.05367989988997801,Flagged for Review
C1117540374,C1444960656,TRANSFER,2611989.75,36668.0,0.0,0.0,2611989.75,36668.0,2611989.75,71.2315511740162,2611989.75,-0.05360359778302304,Flagged for Review
C631594263,C1258987240,TRANSFER,2761262.6,0.0,0.0,4477298.0,7238560.6,0.0,2761262.5999999996,2761262.6,0.6167250835827582,-0.05357243102666376,Flagged for Review
C1547097458,C624547129,TRANSFER,2729347.21,0.0,0.0,4444162.36,7173509.57,0.0,2729347.21,2729347.21,0.6141419630443107,-0.05357243102666376,Flagged for Review
C1477924457,C66203740,TRANSFER,2759364.52,11415.0,0.0,0.0,2759364.52,11415.0,2759364.52,241.71027680448495,2759364.52,-0.05356741983211011,Flagged for Review
C1949636845,C1462287503,CASH_IN,251841.3,29130326.84,29382168.13,16703484.64,16451643.34,-251841.2899999991,-251841.30000000075,0.008645330096635121,0.015077170443809235,-0.053562085182274344,Flagged for Review
C423946691,C1531369354,TRANSFER,2545533.03,91892.0,0.0,0.0,2545533.03,91892.0,2545533.03,27.701054813750773,2545533.03,-0.053466896952407916,Flagged for Review
C850740240,C1211363948,TRANSFER,2541578.11,0.0,0.0,6230488.93,8772067.03,0.0,2541578.0999999996,2541578.11,0.40792588360703763,-0.05346600772882304,Flagged for Review
C1977655171,C1701368336,TRANSFER,2292394.51,0.0,0.0,8472386.46,10764780.97,0.0,2292394.51,2292394.51,0.2705724355528943,-0.0534267010036612,Flagged for Review
C136009033,C918523964,TRANSFER,1063584.8,0.0,0.0,6145955.42,9239501.98,0.0,3093546.5600000005,1063584.8,0.17305439988785343,-0.05339511541010411,Flagged for Review
C956369822,C453306510,TRANSFER,2845873.34,2627.11,0.0,0.0,2845873.34,2627.11,2845873.34,1082.8592943217748,2845873.34,-0.05331452581259055,Flagged for Review
C564640341,C138111863,TRANSFER,2181558.57,0.0,0.0,6164352.18,8582907.02,0.0,2418554.84,2181558.57,0.3538990233521954,-0.05329367266435858,Flagged for Review
C866351091,C959105980,TRANSFER,2577482.25,0.0,0.0,5668580.09,8246062.34,0.0,2577482.25,2577482.25,0.45469619452863824,-0.05326299861361983,Flagged for Review
C1608741925,C1817145174,TRANSFER,2595996.03,0.0,0.0,5828479.02,8424475.05,0.0,2595996.030000001,2595996.03,0.4453984608494892,-0.05326299861361983,Flagged for Review
C1610342806,C446364279,TRANSFER,2538124.24,20210.0,0.0,0.0,2698738.91,20210.0,2698738.91,125.58132897926873,2538124.24,-0.053240742990826484,Flagged for Review
C84488658,C1531210479,TRANSFER,2548352.1,0.0,0.0,4876997.77,7225183.55,0.0,2348185.7800000003,2548352.1,0.5225246550554288,-0.0532001796950724,Flagged for Review
C1124095497,C1128630234,TRANSFER,2420110.97,138694.0,0.0,0.0,2420110.97,138694.0,2420110.97,17.44915800857998,2420110.97,-0.05319421547163583,Flagged for Review
C71066429,C2027178136,CASH_IN,446403.63,3038627.98,3485031.61,37714971.18,37268567.55,-446403.6299999999,-446403.6300000027,0.14690955458471275,0.011836244446090959,-0.05304047580118565,Flagged for Review
C1908283265,C1183462413,TRANSFER,2626677.6,659.0,0.0,0.0,2626677.6,659.0,2626677.6,3979.8145454545456,2626677.6,-0.05300520970340716,Flagged for Review
C1701983929,C1137877526,TRANSFER,2673323.49,0.0,0.0,5183648.71,7856972.2,0.0,2673323.49,2673323.49,0.5157222496811036,-0.05295370574092739,Flagged for Review
C280037032,C926869366,TRANSFER,2653857.43,0.0,0.0,5298822.97,7952680.4,0.0,2653857.4300000006,2653857.43,0.5008389493640795,-0.05295370574092739,Flagged for Review
C1639098251,C2137632979,TRANSFER,2615056.57,0.0,0.0,5065878.41,7680934.98,0.0,2615056.5700000003,2615056.57,0.5162097946583375,-0.05295370574092739,Flagged for Review
C41029327,C792512709,TRANSFER,2766349.28,0.0,0.0,4029981.67,6796330.95,0.0,2766349.2800000003,2766349.28,0.6864419791661287,-0.05295370574092739,Flagged for Review
C119489400,C47455981,TRANSFER,5257634.2,791859.0,0.0,1041614.88,6299249.08,791859.0,5257634.2,6.639600686990125,5.0475749275251065,-0.05294789108213671,Flagged for Review
C527782836,C1295301356,CASH_IN,756492.42,3209660.04,3966152.46,12457002.54,12004827.94,-756492.4199999999,-452174.5999999996,0.2356923084937343,0.06072828169076687,-0.0529198926450033,Flagged for Review
C1955735391,C1620155951,TRANSFER,2279379.13,230219.76,0.0,0.0,2279379.13,230219.76,2279379.13,9.900840958043922,2279379.13,-0.052884953617102326,Flagged for Review
C2142375216,C393491479,TRANSFER,2913953.18,0.0,0.0,3333120.34,6247073.52,0.0,2913953.1799999997,2913953.18,0.8742415540143523,-0.05279975769977174,Flagged for Review
C87623508,C939133514,TRANSFER,2930291.81,0.0,0.0,3581474.46,6511766.27,0.0,2930291.8099999996,2930291.81,0.8181800609070766,-0.05279975769977174,Flagged for Review
C1039970092,C476797859,TRANSFER,1685692.11,1685692.11,0.0,0.0,0.0,1685692.11,0.0,0.999999406772209,1685692.11,-0.05269175805857118,Flagged for Review
C1496199303,C2021966574,TRANSFER,2628815.63,20585.0,0.0,0.0,2628815.63,20585.0,2628815.63,127.69919508403768,2628815.63,-0.05263954792753156,Flagged for Review
C288918294,C1874758702,CASH_IN,157949.41,25119764.29,25277713.7,20074456.93,19916507.52,-157949.41000000015,-157949.41000000015,0.006287853734958207,0.007868178087337276,-0.05262255933009519,Flagged for Review
C529430029,C923525799,CASH_IN,570085.24,20513283.73,21083368.96,1484631.79,914546.55,-570085.2300000004,-570085.24,0.02779102652274256,0.3839907375344983,-0.05240894962573173,Flagged for Review
C1705193750,C1360767589,CASH_IN,289133.18,20518083.11,20807216.29,18285145.1,18482735.85,-289133.1799999997,197590.75,0.014091626608504043,0.015812462116449807,-0.052286153163766946,Flagged for Review
C664321343,C1751190223,CASH_IN,669382.67,15389745.28,16059127.95,2305211.38,1635828.7,-669382.6699999999,-669382.6799999999,0.04349536748828065,0.29037787399007464,-0.052169089285394765,Flagged for Review
C1677318348,C2077458862,TRANSFER,2376097.59,0.0,0.0,7300089.25,9676186.84,0.0,2376097.59,2376097.59,0.325488796525495,-0.052157937982109326,Flagged for Review
C1721278343,C1822874454,TRANSFER,2145862.0,0.0,0.0,10135542.94,12281404.94,0.0,2145862.0,2145862.0,0.21171651099368627,-0.05213389049904671,Flagged for Review
C730167568,C1634206907,CASH_IN,700582.1,16507452.88,17208034.98,1348421.83,846873.79,-700582.0999999996,-501548.04000000004,0.04244034877170288,0.5195566883126711,-0.05196241388809952,Flagged for Review
C1354514287,C1863516356,TRANSFER,2402378.29,160159.0,0.0,0.0,2402378.29,160159.0,2402378.29,14.999864448051948,2402378.29,-0.051958004582584816,Flagged for Review
C1215076137,C1755181864,TRANSFER,2553126.1,59451.0,0.0,0.0,2553126.1,59451.0,2553126.1,42.94432651550831,2553126.1,-0.0519213674030915,Flagged for Review
C1568445400,C843270952,TRANSFER,2185112.54,0.0,0.0,10000000.0,12185112.54,0.0,2185112.539999999,2185112.54,0.2185112321488768,-0.05182510680424379,Flagged for Review
C744563060,C300922639,TRANSFER,1644749.94,1644749.94,0.0,0.0,0.0,1644749.94,0.0,0.9999993920052115,1644749.94,-0.05176507027419763,Flagged for Review
C1383802552,C2114142205,CASH_IN,10602.94,21043121.3,21053724.25,15638718.46,15900686.34,-10602.949999999255,261967.87999999896,0.0005038672421725174,0.0006779928514684155,-0.05161598601771544,Flagged for Review
C2090990959,C792650255,TRANSFER,2918923.21,312777.89,0.0,9327088.15,12246011.36,312777.89,2918923.209999999,9.332225745797613,0.3129511429618961,-0.0516133233793683,Flagged for Review
C1024262299,C934069346,TRANSFER,2502290.87,59130.0,0.0,0.0,2502290.87,59130.0,2502290.87,42.31774991121409,2502290.87,-0.05161267954681803,Flagged for Review
C1664357060,C779589187,TRANSFER,2217672.45,273006.0,0.0,0.0,2217672.45,273006.0,2217672.45,8.12313402220456,2217672.45,-0.051604083867844874,Flagged for Review
C485973446,C751939769,TRANSFER,2602623.06,2085.0,0.0,0.0,2602623.06,2085.0,2602623.06,1247.6620613614573,2602623.06,-0.05146072021840953,Flagged for Review
C153340603,C538895142,TRANSFER,2660169.29,2065.0,0.0,0.0,2660169.29,2065.0,2660169.29,1287.594041626331,2660169.29,-0.05146072021840953,Flagged for Review
C323299175,C2061011390,CASH_IN,355539.72,19332119.24,19687658.96,11072148.31,10716608.59,-355539.72000000253,-355539.72000000067,0.018391139491484975,0.0321111746279368,-0.051447940520736535,Flagged for Review
C1027458721,C836673222,TRANSFER,2109512.53,0.0,0.0,3358671.26,6002863.89,0.0,2644192.63,2109512.53,0.628079302384806,-0.05142625582534199,Flagged for Review
C763238520,C1294000849,TRANSFER,2617172.43,0.0,0.0,4181347.73,6798520.15,0.0,2617172.4200000004,2617172.43,0.6259158465359573,-0.05140933228129918,Flagged for Review
C1570082446,C1836983335,TRANSFER,2618369.65,0.0,0.0,4209622.0,6827991.66,0.0,2618369.66,2618369.65,0.6219962333919213,-0.05140933228129918,Flagged for Review
C1414798745,C1979861002,TRANSFER,2605604.95,0.0,0.0,4312308.9,6917913.85,0.0,2605604.9499999993,2605604.95,0.6042248842088088,-0.05140933228129918,Flagged for Review
C552715130,C937488337,TRANSFER,2833417.64,0.0,0.0,2886366.28,5719783.92,0.0,2833417.64,2833417.64,0.9816552659923446,-0.05133839387940409,Flagged for Review
C764295486,C189592832,TRANSFER,2300512.06,0.0,0.0,7608619.96,9909132.02,0.0,2300512.0599999996,2300512.06,0.30235598173364653,-0.051277729810369044,Flagged for Review
C1781194688,C520322536,TRANSFER,2615164.09,0.0,0.0,4314127.38,6929291.47,0.0,2615164.09,2615164.09,0.60618596843889,-0.05110087533025032,Flagged for Review
C579828562,C1469313425,TRANSFER,2903063.74,0.0,0.0,3130341.89,6033405.62,0.0,2903063.73,2903063.74,0.9273948068992531,-0.05102996891844125,Flagged for Review
C705509755,C1643390772,TRANSFER,1891566.75,10915.96,0.0,17897186.59,19788753.34,10915.96,1891566.75,173.2686343084522,0.10569072601423182,-0.0510196581109994,Flagged for Review
C1186780085,C588441760,CASH_IN,663818.76,15204433.88,15868252.63,1901421.63,1237602.88,-663818.75,-663818.75,0.043659548364615046,0.34911689254482053,-0.050998670928635526,Flagged for Review
C1181540698,C2071120293,TRANSFER,1359169.33,0.0,0.0,31848874.59,33208043.92,0.0,1359169.330000002,1359169.33,0.04267558288389798,-0.050985186676343774,Flagged for Review
C1694209432,C1375637906,TRANSFER,2307072.79,0.0,0.0,7289068.61,9596141.41,0.0,2307072.8,2307072.79,0.3165112851762161,-0.05096933220622191,Flagged for Review
C1738260788,C222800231,TRANSFER,2581591.86,0.0,0.0,4591146.59,7172738.44,0.0,2581591.8500000006,2581591.86,0.5622977282679775,-0.05079255747966238,Flagged for Review
C248161891,C1957945761,TRANSFER,2251623.7,0.0,0.0,3559712.55,6176516.34,0.0,2616803.79,2251623.7,0.6325294629395111,-0.05077294122823173,Flagged for Review
C569284213,C1181579840,TRANSFER,1516356.66,0.0,0.0,3304640.51,6343818.2,0.0,3039177.6900000004,1516356.66,0.4588566279917001,-0.050576321172184246,Flagged for Review
C633934243,C788908576,CASH_IN,13331.81,28049400.76,28062732.57,22490021.55,22476689.74,-13331.809999998659,-13331.810000002384,0.0004752974809969708,0.0005927877560087195,-0.0505033167936052,Flagged for Review
C1844107887,C1974711405,TRANSFER,2337454.06,12283.0,0.0,1464724.15,5610236.37,12283.0,4145512.22,190.28443992184955,1.5958311769276305,-0.050487651768233,Flagged for Review
C111276664,C759700960,CASH_IN,495470.1,22357053.72,22852523.82,5150487.08,4655016.97,-495470.1000000015,-495470.11000000034,0.02216168928355157,0.09619866938901836,-0.05048668075509932,Flagged for Review
C2019546871,C1725909384,TRANSFER,2441476.17,21165.0,0.0,0.0,2178680.12,21165.0,2178680.12,115.34896390437494,2441476.17,-0.0504754511331158,Flagged for Review
C1975244536,C461828351,TRANSFER,4492259.86,30077.0,0.0,8215545.98,12707805.84,30077.0,4492259.859999999,149.35367577631493,0.5467998504464763,-0.050458705906608836,Flagged for Review
C288539731,C387204053,TRANSFER,5006562.34,2255.0,0.0,5544496.74,10407002.43,2255.0,4862505.6899999995,2219.220895390071,0.9029785157780585,-0.050446159128023416,Flagged for Review
C509856395,C1131666625,TRANSFER,1337881.53,0.0,0.0,32589659.85,33927541.38,0.0,1337881.5300000012,1337881.53,0.04105233055838935,-0.05041449432210865,Flagged for Review
C1133374666,C227871350,TRANSFER,2886874.56,0.0,0.0,3238790.18,6125664.74,0.0,2886874.56,2886874.56,0.8913432202195882,-0.0504135361918987,Flagged for Review
C1325948494,C33718267,TRANSFER,2818691.59,0.0,0.0,3101372.28,5920063.87,0.0,2818691.5900000003,2818691.59,0.9088527357145477,-0.0504135361918987,Flagged for Review
C583599500,C1592648053,CASH_IN,542216.72,16565541.97,17107758.69,6517299.82,6049786.05,-542216.7200000007,-467513.7700000005,0.03273159962108987,0.08319651570111197,-0.050216511654312845,Flagged for Review
C1004390676,C2070453437,TRANSFER,2525199.01,100962.0,0.0,13440432.83,15965631.84,100962.0,2525199.01,25.01113289026673,0.18788076649457378,-0.04999035266695917,Flagged for Review
C1611023542,C137649342,TRANSFER,2069293.37,0.0,0.0,10085871.89,12155165.26,0.0,2069293.3699999992,2069293.37,0.20516750434676556,-0.049975326642574536,Flagged for Review
C969391335,C1023883091,TRANSFER,2225514.11,0.0,0.0,9536156.89,11761671.01,0.0,2225514.119999999,2225514.11,0.23337639075101343,-0.04996804084560691,Flagged for Review
C1662690055,C80302590,TRANSFER,2623814.87,0.0,0.0,4069318.17,6693133.04,0.0,2623814.87,2623814.87,0.6447798170621254,-0.04986843790352491,Flagged for Review
C12133152,C1941379364,TRANSFER,2844853.81,0.0,0.0,3244051.34,6088905.15,0.0,2844853.8100000005,2844853.81,0.8769444854271372,-0.04979765930786406,Flagged for Review
C1090312371,C273394287,TRANSFER,2813790.85,0.0,0.0,3323555.02,6137345.87,0.0,2813790.85,2813790.85,0.8466205573390636,-0.04979765930786406,Flagged for Review
C930977978,C1449751798,TRANSFER,2428027.19,0.0,0.0,6843767.48,9271794.67,0.0,2428027.1899999995,2428027.19,0.35477927067456844,-0.049737131899596054,Flagged for Review
C972330943,C669380583,TRANSFER,2444900.86,0.0,0.0,6517875.37,8962776.23,0.0,2444900.8600000003,2444900.86,0.3751069706159523,-0.049737131899596054,Flagged for Review
C647673750,C970612443,TRANSFER,2228566.92,0.0,0.0,9392914.04,11621480.96,0.0,2228566.920000002,2228566.92,0.23726041495207648,-0.049660233853336844,Flagged for Review
C220152454,C674941956,TRANSFER,2435946.03,105160.0,0.0,0.0,2435946.03,105160.0,2435946.03,23.163967915862344,2435946.03,-0.049570431870122555,Flagged for Review
C233057514,C839836950,TRANSFER,2408481.82,99917.0,0.0,0.0,2408481.82,99917.0,2408481.82,24.104583958846252,2408481.82,-0.049570431870122555,Flagged for Review
C1213546070,C432972620,TRANSFER,2591941.28,0.0,0.0,4096935.03,6688876.3,0.0,2591941.27,2591941.28,0.632653588198691,-0.04956067582778256,Flagged for Review
C1424926402,C163964257,CASH_IN,555620.8,20262611.93,20818232.74,1845883.54,1290262.74,-555620.8099999987,-555620.8,0.027420984742662212,0.3010051755458118,-0.049523983332403376,Flagged for Review
C1367816977,C805457887,TRANSFER,2373913.59,0.0,0.0,6741478.65,9115392.24,0.0,2373913.59,2373913.59,0.35213539360012747,-0.049429429037061934,Flagged for Review
C1042063674,C1590351968,TRANSFER,1906918.43,0.0,0.0,10546143.6,12243309.74,0.0,1697166.1400000006,1906918.43,0.18081663985528892,-0.04938040050344705,Flagged for Review
C1730904080,C774032385,TRANSFER,2433147.79,124317.0,0.0,0.0,2433147.79,124317.0,2433147.79,19.57196697179813,2433147.79,-0.04926280418193896,Flagged for Review
C1793858067,C1897172546,TRANSFER,2737302.85,0.0,0.0,2933728.54,5671031.4,0.0,2737302.8600000003,2737302.85,0.9330453992701727,-0.04918233776512959,Flagged for Review
C1862165718,C1759785083,TRANSFER,2022682.9,402318.11,0.0,0.0,2022682.9,402318.11,2022682.9,5.027558596458419,2022682.9,-0.0491628119433386,Flagged for Review
C1689014922,C1811812592,TRANSFER,2343492.46,0.0,0.0,7143657.74,9487150.2,0.0,2343492.459999999,2343492.46,0.32805212920907245,-0.049121864934928205,Flagged for Review
C508452452,C10719006,TRANSFER,1844993.05,0.0,0.0,12096661.52,13941654.57,0.0,1844993.0500000007,1844993.05,0.1525208334901948,-0.04902873023170451,Flagged for Review
C1690891617,C940847431,TRANSFER,2208933.55,0.0,0.0,9053506.1,11262439.65,0.0,2208933.5500000007,2208933.55,0.24398650441219624,-0.04899942786622169,Flagged for Review
C33927414,C1806203979,TRANSFER,2768560.71,0.0,0.0,2995614.3,5764175.01,0.0,2768560.71,2768560.71,0.9242043562803275,-0.048874885090245956,Flagged for Review
C1800356035,C756711480,TRANSFER,1496719.49,0.0,0.0,21404225.23,22900944.72,0.0,1496719.4899999984,1496719.49,0.069926353511542,-0.04887473764000583,Flagged for Review
C65899545,C1587691708,TRANSFER,6658601.96,43127.0,0.0,1573547.33,8232149.29,43127.0,6658601.96,154.39162400296792,4.231584014963175,-0.04887264283412629,Flagged for Review
C535967668,C1980653895,TRANSFER,2309473.41,0.0,0.0,7128558.69,9438032.1,0.0,2309473.409999999,2309473.41,0.3239747593387971,-0.048814439530620146,Flagged for Review
C1473145056,C1285563828,TRANSFER,1829400.46,0.0,0.0,12112175.4,13941575.86,0.0,1829400.459999999,1829400.46,0.15103812887005177,-0.04872134682703411,Flagged for Review
C1157596480,C232156913,TRANSFER,2521792.35,0.0,0.0,5030428.52,7552220.88,0.0,2521792.3600000003,2521792.35,0.5013075603134581,-0.048638222072853954,Flagged for Review
C114817069,C17236448,TRANSFER,2720510.65,0.0,0.0,2983671.76,5704182.41,0.0,2720510.6500000004,2720510.65,0.9117992718477612,-0.048567571062939296,Flagged for Review
C1368391372,C1020359417,TRANSFER,2305271.23,0.0,0.0,6408343.8,8713615.04,0.0,2305271.2399999993,2305271.23,0.35972958727189586,-0.04855272818356826,Flagged for Review
C1436685799,C99509209,TRANSFER,1909713.53,46865.0,0.0,503651.24,5160047.87,46865.0,4656396.63,40.74837899543379,3.7917304408295696,-0.048526005278051954,Flagged for Review
C1919671331,C66474285,TRANSFER,2615938.91,0.0,0.0,3617962.7,6233901.61,0.0,2615938.91,2615938.91,0.7230417789985013,-0.04841631873462093,Flagged for Review
C59149191,C1956756848,TRANSFER,2160042.64,0.0,0.0,9114651.62,11274694.25,0.0,2160042.630000001,2160042.64,0.23698573385674465,-0.04838482609540595,Flagged for Review
C685150784,C395856102,CASH_IN,445040.59,6354938.56,6799979.15,27452453.61,27007413.02,-445040.5900000008,-445040.58999999985,0.07003065659368758,0.01621132231424897,-0.048290587679974295,Flagged for Review
C2080297745,C1851588479,TRANSFER,1246956.95,0.0,0.0,97688249.41,98935206.36,0.0,1246956.950000003,1246956.95,0.0127646563918024,-0.04826603987401057,Flagged for Review
C205525308,C464601431,TRANSFER,2742458.11,0.0,0.0,3089602.35,5832060.45,0.0,2742458.1,2742458.11,0.8876408390740513,-0.048260395620685625,Flagged for Review
C1264594117,C1781566300,TRANSFER,2350677.48,0.0,0.0,6721851.64,9072529.12,0.0,2350677.4799999995,2350677.48,0.3497067855983228,-0.04824555943479747,Flagged for Review
C774445002,C197629228,TRANSFER,2170618.91,0.0,0.0,8557173.77,10727792.68,0.0,2170618.91,2170618.91,0.25366069623935006,-0.04807773306306118,Flagged for Review
C176725303,C1564553569,CASH_IN,603311.14,17518802.35,18122113.48,1017835.91,414524.77,-603311.129999999,-603311.14,0.034437919528333534,0.5927385164289237,-0.048064391754813474,Flagged for Review
C2144570906,C1167554781,TRANSFER,2703165.82,0.0,0.0,3538520.61,6241686.42,0.0,2703165.81,2703165.82,0.763925197562945,-0.047916637855968,Flagged for Review
C1492957578,C296774789,TRANSFER,1621056.88,1621056.88,0.0,0.0,0.0,1621056.88,0.0,0.9999993831188804,1621056.88,-0.04784028735779233,Flagged for Review
C144675030,C660991644,TRANSFER,1619331.51,1619331.51,0.0,0.0,0.0,1619331.51,0.0,0.9999993824616045,1619331.51,-0.04784028735779233,Flagged for Review
C1661090512,C431026686,CASH_IN,830683.26,11020257.7,11850940.96,2832545.28,2001862.01,-830683.2600000016,-830683.2699999998,0.07537783663826332,0.2932637909097111,-0.04775420655282958,Flagged for Review
C358852719,C361327171,TRANSFER,1534926.96,1534926.96,0.0,0.0,0.0,1534926.96,0.0,0.9999993485036262,1534926.96,-0.047533439888367224,Flagged for Review
C344826592,C654151270,TRANSFER,1562871.32,1562871.32,0.0,0.0,0.0,1562871.32,0.0,0.9999993601524659,1562871.32,-0.047533439888367224,Flagged for Review
C2059792501,C882172287,TRANSFER,1540624.7,1540624.7,0.0,0.0,0.0,1540624.7,0.0,0.9999993509130738,1540624.7,-0.047533439888367224,Flagged for Review
C865618786,C569068130,TRANSFER,2669586.43,0.0,0.0,3915923.42,6585509.84,0.0,2669586.42,2669586.43,0.681725729017007,-0.04748815311884269,Flagged for Review
C1599898732,C180584877,TRANSFER,1187857.06,0.0,0.0,4080485.3,7501064.02,0.0,3420578.7199999997,1187857.06,0.2911067389198195,-0.047450314395392046,Flagged for Review
C683111798,C1328982181,TRANSFER,1804842.92,0.0,0.0,13337722.78,15142565.7,0.0,1804842.92,1804842.92,0.1353186607977572,-0.04743634898354365,Flagged for Review
C143379191,C504836322,CASH_IN,1098479.85,10350847.9,11449327.75,1275352.33,176872.48,-1098479.8499999996,-1098479.85,0.10612461457146767,0.8613141348052935,-0.047406785913118976,Flagged for Review
C1932723040,C1695923024,CASH_IN,739015.97,13000256.78,13739272.75,1114207.74,375191.77,-739015.9700000007,-739015.97,0.056846255090181756,0.6632652782816979,-0.04726099730933819,Flagged for Review
C1631859649,C526945673,CASH_OUT,2253811.33,2253811.33,0.0,0.0,2253811.33,2253811.33,2253811.33,0.9999995563073346,2253811.33,-0.04720572697895986,Flagged for Review
C584144790,C1038554625,TRANSFER,2200279.5,0.0,0.0,8105724.78,10306004.28,0.0,2200279.499999999,2200279.5,0.2714475618492981,-0.04715728462861557,Flagged for Review
C131500153,C798170461,TRANSFER,2519806.15,0.0,0.0,5268235.86,7788042.01,0.0,2519806.1499999994,2519806.15,0.4783016058241542,-0.04710357030380952,Flagged for Review
C1548435624,C749176615,TRANSFER,7399386.95,11080.0,0.0,49045.96,7448432.91,11080.0,7399386.95,667.7544400324881,150.86331446434193,-0.047067915567424734,Flagged for Review
C22636399,C1271439238,TRANSFER,2705834.55,0.0,0.0,3242725.58,5948560.13,0.0,2705834.55,2705834.55,0.8344319150090045,-0.04703307845270788,Flagged for Review
C72128586,C817607229,TRANSFER,2682081.96,0.0,0.0,3168821.44,5850903.4,0.0,2682081.9600000004,2682081.96,0.8463970483622301,-0.04703307845270788,Flagged for Review
C1127042436,C270316681,TRANSFER,1934824.14,407099.0,0.0,0.0,1934824.14,407099.0,1934824.14,4.752699926308032,1934824.14,-0.04701361418457539,Flagged for Review
C1914366335,C812170168,TRANSFER,1700996.55,0.0,0.0,15202325.27,16903321.82,0.0,1700996.5500000007,1700996.55,0.1118905435779731,-0.047007460925347466,Flagged for Review
C1378813779,C395629617,TRANSFER,4212894.73,15862.0,0.0,6952809.33,11165704.05,15862.0,4212894.720000001,265.57994893777976,0.6059268885593202,-0.0469709587491407,Flagged for Review
C279934782,C492113166,TRANSFER,1892020.94,0.0,0.0,10741577.28,12633598.22,0.0,1892020.9400000013,1892020.94,0.17613993872043915,-0.04692542169501368,Flagged for Review
C656764730,C704636440,TRANSFER,2640142.08,0.0,0.0,3917896.87,6558038.95,0.0,2640142.08,2640142.08,0.6738669989884142,-0.04687491407701527,Flagged for Review
C746294187,C80649343,TRANSFER,2528642.92,10619.0,0.0,0.0,2528642.92,10619.0,2528642.92,238.10196986817326,2528642.92,-0.04669188744463815,Flagged for Review
C1965469590,C1334412388,TRANSFER,2536693.37,11040.0,0.0,0.0,2536693.37,11040.0,2536693.37,229.75213929897654,2536693.37,-0.04669188744463815,Flagged for Review
C1053665436,C1336435239,TRANSFER,2513662.27,5840.0,0.0,0.0,2513662.27,5840.0,2513662.27,430.3479318609827,2513662.27,-0.04669188744463815,Flagged for Review
C795106958,C878798859,TRANSFER,2511509.93,22679.0,0.0,0.0,2511509.93,22679.0,2511509.93,110.73676940035274,2511509.93,-0.04669188744463815,Flagged for Review
C311422725,C2026554747,TRANSFER,2455901.97,53152.0,0.0,0.0,2455901.97,53152.0,2455901.97,46.20439053298968,2455901.97,-0.04659025575388687,Flagged for Review
C871693809,C1283178418,TRANSFER,2517287.11,0.0,0.0,4614463.67,7131750.78,0.0,2517287.1100000003,2517287.11,0.5455209412189518,-0.04649067804349982,Flagged for Review
C461704518,C871472626,CASH_IN,693883.86,12993846.57,13687730.42,693916.97,33.12,-693883.8499999996,-693883.85,0.053400954279472126,0.9999508443339492,-0.046438745927927516,Flagged for Review
C1398789012,C641951312,CASH_IN,862491.38,11974545.84,12837037.21,1718015.58,855524.2,-862491.370000001,-862491.3800000001,0.0720270580193413,0.5020273902129628,-0.046423722141405444,Flagged for Review
C764504311,C171936618,CASH_IN,458022.91,17548472.02,18006494.94,6894703.02,6436680.1,-458022.9200000018,-458022.9199999999,0.026100442441800556,0.0664311199830156,-0.04640141951012833,Flagged for Review
C2017902049,C1123391038,CASH_IN,369801.5,25732641.24,26102442.74,7750748.92,7380947.42,-369801.5,-369801.5,0.014370910555977171,0.04771170581130039,-0.04640017631846716,Flagged for Review
C2102367135,C2123917300,TRANSFER,2200945.76,211054.0,0.0,0.0,2200945.76,211054.0,2200945.76,10.428304280874652,2200945.76,-0.0463777031347693,Flagged for Review
C2117936562,C942670570,TRANSFER,2908362.85,90390.0,0.0,10810142.93,13718505.77,90390.0,2908362.84,32.17535871934153,0.2690401597640893,-0.04636349970343567,Flagged for Review
C1137755736,C1870436181,TRANSFER,1947523.73,0.0,0.0,2800696.39,5254677.18,0.0,2453980.7899999996,1947523.73,0.6953709947221395,-0.046239408585937336,Flagged for Review
C232969281,C1241261398,TRANSFER,2187061.81,0.0,0.0,7887050.06,10074111.87,0.0,2187061.8099999996,2187061.81,0.2772977876473897,-0.046238080877473164,Flagged for Review
C2113204080,C1432377921,TRANSFER,2245255.91,41491.0,0.0,0.0,2325168.12,41491.0,2325168.12,54.11298346669238,2245255.91,-0.04623110953066334,Flagged for Review
C1273094360,C587969051,TRANSFER,2533385.9,0.0,0.0,4436571.84,6969957.74,0.0,2533385.9000000004,2533385.9,0.5710231729228185,-0.04618443918826609,Flagged for Review
C161132802,C1125235843,TRANSFER,2336093.11,0.0,0.0,6021845.9,8357939.01,0.0,2336093.1099999994,2336093.11,0.38793631734476675,-0.04609925324435127,Flagged for Review
C1733737743,C1346184368,TRANSFER,5465500.07,122.0,0.0,3785297.39,9250797.47,122.0,5465500.08,44434.95991869919,1.443875622708835,-0.04606863076397294,Flagged for Review
C192578279,C1312658097,TRANSFER,2667672.41,0.0,0.0,2894676.94,5562349.35,0.0,2667672.4099999997,2667672.41,0.9215783120936764,-0.04585336846020016,Flagged for Review
C1692403756,C1748725857,CASH_OUT,2606737.18,0.0,0.0,2869887.04,5476624.22,0.0,2606737.1799999997,2606737.18,0.908306227862464,-0.04585336846020016,Flagged for Review
C1506077007,C433824094,TRANSFER,2649224.79,0.0,0.0,2996430.85,5645655.64,0.0,2649224.7899999996,2649224.79,0.8841264953180897,-0.04585336846020016,Flagged for Review
C1035515249,C1499398139,CASH_IN,448091.55,2149429.4,2597520.95,33025850.35,32577758.81,-448091.5500000003,-448091.54000000283,0.20846990439885843,0.013567903072391196,-0.04581226325028209,Flagged for Review
C1615856072,C1729721117,CASH_IN,513936.3,23845077.59,24359013.89,996893.49,482957.2,-513936.30000000075,-513936.29,0.021553139280301278,0.5155373062599634,-0.045750564675996586,Flagged for Review
C1318352714,C1146876728,TRANSFER,1850429.29,0.0,0.0,11187669.38,13038098.67,0.0,1850429.289999999,1850429.29,0.16539898183879098,-0.04570051095574512,Flagged for Review
C1863989396,C2140172891,TRANSFER,1853892.17,0.0,0.0,11394036.22,13247928.39,0.0,1853892.17,1853892.17,0.162707224331851,-0.04570051095574512,Flagged for Review
C46589733,C2026788936,CASH_IN,522708.39,20515606.34,21038314.73,1294296.75,771588.36,-522708.3900000006,-522708.39,0.025478572549049384,0.4038548239769404,-0.04560812189310948,Flagged for Review
C1042930141,C1890258988,TRANSFER,2372971.68,0.0,0.0,4292018.12,6255530.03,0.0,1963511.9100000001,2372971.68,0.5528800347003114,-0.04555380944649168,Flagged for Review
C1798801649,C883225231,TRANSFER,2426245.85,0.0,0.0,5695114.92,8121360.77,0.0,2426245.8499999996,2426245.85,0.42602220641015504,-0.04554707485636911,Flagged for Review
C551983047,C1826670776,TRANSFER,2657216.13,0.0,0.0,3063586.08,5720802.21,0.0,2657216.13,2657216.13,0.8673545293839011,-0.045502042665281794,Flagged for Review
C348337844,C1017558762,TRANSFER,1415270.5,0.0,0.0,24788179.42,26203449.92,0.0,1415270.5,1415270.5,0.05709456991276812,-0.045375040959069524,Flagged for Review
C1938048337,C1619743434,TRANSFER,2343283.66,51857.0,0.0,0.0,2343283.66,51857.0,2343283.66,45.18654132438583,2343283.66,-0.04536594918592651,Flagged for Review
C1687257631,C385924602,TRANSFER,2117968.83,0.0,0.0,8252070.34,10370039.17,0.0,2117968.83,2117968.83,0.2566590547676967,-0.045320120126501884,Flagged for Review
C1542252557,C1552388031,CASH_IN,628672.3,16507301.84,17135974.14,1162608.82,533936.52,-628672.3000000007,-628672.3,0.038084495455951786,0.5407422930592484,-0.04520684603118996,Flagged for Review
C1822939967,C405721564,TRANSFER,2635584.11,0.0,0.0,3153212.73,5788796.84,0.0,2635584.11,2635584.11,0.8358406171217578,-0.045196249640937824,Flagged for Review
C475685731,C601367152,TRANSFER,2611290.5,0.0,0.0,3142560.58,5753851.08,0.0,2611290.5,2611290.5,0.8309433032653571,-0.045196249640937824,Flagged for Review
C398251778,C1338456551,TRANSFER,2643899.92,0.0,0.0,3343727.12,5987627.03,0.0,2643899.91,2643899.92,0.7907042155090049,-0.045196249640937824,Flagged for Review
C1515649837,C1556905270,TRANSFER,1495203.8,1495203.8,0.0,0.0,0.0,1495203.8,0.0,0.9999993311952985,1495203.8,-0.045083636382451164,Flagged for Review
C169998545,C1917173691,TRANSFER,1811909.25,0.0,0.0,6914239.4,8982129.6,0.0,2067890.1999999993,1811909.25,0.2620547081354012,-0.045031946754476304,Flagged for Review
C1696620335,C1601477785,TRANSFER,2198206.83,0.0,0.0,7448414.01,9646620.84,0.0,2198206.83,2198206.83,0.2951241072159324,-0.04502795238049795,Flagged for Review
C1751324434,C1895998908,TRANSFER,2169806.03,0.0,0.0,7498278.97,9668085.0,0.0,2169806.0300000003,2169806.03,0.28937383489029683,-0.04502795238049795,Flagged for Review
C1931938072,C286725033,TRANSFER,2176375.59,0.0,0.0,7342842.75,9519218.34,0.0,2176375.59,2176375.59,0.29639410344255246,-0.04502795238049795,Flagged for Review
C112813701,C1924946325,TRANSFER,2466411.17,0.0,0.0,4821477.85,7287889.01,0.0,2466411.16,2466411.17,0.511546611886517,-0.044998969515997356,Flagged for Review
C59761208,C1389943602,TRANSFER,1180165.79,5079.0,0.0,6462309.69,10894891.86,5079.0,4432582.169999999,232.3161003937008,0.1826228800522124,-0.044984649369048446,Flagged for Review
C1205120074,C78654902,TRANSFER,2303266.62,3838.0,0.0,0.0,2154250.31,3838.0,2154250.31,599.9652565772337,2303266.62,-0.044952842236976154,Flagged for Review
C694613420,C1464009366,TRANSFER,2340005.77,0.0,0.0,5354327.62,7722128.48,0.0,2367800.8600000003,2340005.77,0.4370306598775777,-0.04493558610092829,Flagged for Review
C1834657445,C2070480153,CASH_IN,430140.82,22105279.32,22535420.13,8661029.83,8645485.56,-430140.80999999866,-15544.269999999553,0.019458736273560182,0.04966392897599234,-0.044904080710356564,Flagged for Review
C1674672820,C1031739591,CASH_IN,525491.3,22473806.93,22999298.23,868763.44,343272.14,-525491.3000000007,-525491.2999999999,0.023382388139863403,0.6048720180121554,-0.044896637015199525,Flagged for Review
C666526170,C1321128627,TRANSFER,2246216.88,0.0,0.0,5944904.05,8191120.93,0.0,2246216.88,2246216.88,0.37783898331563764,-0.04487583175924714,Flagged for Review
C1232920131,C939399483,CASH_IN,509666.97,24303423.44,24813090.4,1334844.8,825177.83,-509666.95999999717,-509666.9700000001,0.020970994077738288,0.3818171132575762,-0.04480644630325825,Flagged for Review
C65796257,C1082341835,TRANSFER,2456527.98,29835.0,0.0,0.0,2456527.98,29835.0,2456527.98,82.33436050408902,2456527.98,-0.04479994807840504,Flagged for Review
C875081421,C1029138333,TRANSFER,6937892.23,38271.0,0.0,16163.62,6954055.85,38271.0,6937892.2299999995,181.27853861831105,429.2023091170717,-0.04478171628353422,Flagged for Review
C270608479,C671136559,TRANSFER,2178988.4,0.0,0.0,7692590.12,9871578.52,0.0,2178988.3999999994,2178988.4,0.2832580551870018,-0.04472237314993299,Flagged for Review
C1302918389,C236736365,TRANSFER,7294584.19,10845.0,0.0,114719.64,7409303.83,10845.0,7294584.19,672.5598552461737,63.58563018825558,-0.044675528069035075,Flagged for Review
C1802662543,C586219321,TRANSFER,2572058.36,0.0,0.0,2913108.42,5485166.78,0.0,2572058.3600000003,2572058.36,0.8829254206318141,-0.044630390207875514,Flagged for Review
C781758535,C29074760,TRANSFER,2578599.7,0.0,0.0,2836196.79,5414796.49,0.0,2578599.7,2578599.7,0.9091748498964877,-0.044630390207875514,Flagged for Review
C297655045,C2002027219,TRANSFER,2578146.91,0.0,0.0,2924551.18,5502698.09,0.0,2578146.9099999997,2578146.91,0.881552713482445,-0.044630390207875514,Flagged for Review
C1693370226,C91377286,TRANSFER,2620282.25,0.0,0.0,3313808.02,5934090.27,0.0,2620282.2499999995,2620282.25,0.7907161318548164,-0.04458507722750671,Flagged for Review
C687485455,C710917456,TRANSFER,2608778.6,0.0,0.0,3432250.41,6041029.01,0.0,2608778.5999999996,2608778.6,0.7600779454556331,-0.04458507722750671,Flagged for Review
C536567223,C5782712,TRANSFER,1702465.99,0.0,0.0,14954147.89,16656613.88,0.0,1702465.9900000002,1702465.99,0.1138457295378714,-0.04445967535626927,Flagged for Review
C1603883356,C1554540309,TRANSFER,1398887.23,0.0,0.0,9719154.3,11787651.34,0.0,2068497.039999999,1398887.23,0.14393094737358503,-0.04444291801791089,Flagged for Review
C1967928916,C1749186397,TRANSFER,2455419.7,0.0,0.0,5496830.74,7952250.44,0.0,2455419.7,2455419.7,0.4466972641953199,-0.04438797499169311,Flagged for Review
C566464444,C508928237,TRANSFER,2454972.47,0.0,0.0,4606428.22,7061400.7,0.0,2454972.4800000004,2454972.47,0.5329447936247679,-0.04438797499169311,Flagged for Review
C1267475036,C1754571129,CASH_IN,223016.6,26388808.9,26611825.5,14994701.77,14771685.17,-223016.6000000015,-223016.59999999963,0.00845118066502878,0.014873025722536548,-0.04435635382617098,Flagged for Review
C1913343673,C2132074996,TRANSFER,4859681.05,103440.0,0.0,3805151.94,8664832.99,103440.0,4859681.050000001,46.980221092216816,1.2771315967131665,-0.04435300890434335,Flagged for Review
C550748025,C2081285727,TRANSFER,1873690.65,0.0,0.0,10580096.56,12453787.21,0.0,1873690.6500000004,1873690.65,0.177095781903168,-0.04417247710503891,Flagged for Review
C1910585169,C1878704627,TRANSFER,2072815.51,0.0,0.0,8134720.89,10207536.4,0.0,2072815.5100000007,2072815.51,0.2548108636077785,-0.04409810310950535,Flagged for Review
C797207953,C2109839834,TRANSFER,7284088.63,5768.0,0.0,209363.79,7493452.43,5768.0,7284088.64,1262.625867568036,34.791373611580056,-0.044064825194569,Flagged for Review
C1535158451,C1674899618,TRANSFER,1334949.69,0.0,0.0,19645049.63,20616746.17,0.0,971696.5400000028,1334949.69,0.06795348686764877,-0.04405552418972758,Flagged for Review
C1432606969,C1192350818,TRANSFER,3185597.75,165274.0,0.0,7709059.96,10894657.71,165274.0,3185597.750000001,19.274528815610346,0.41322772858187384,-0.04403163714158553,Flagged for Review
C2050526947,C1098552180,TRANSFER,2396541.99,0.0,0.0,5625569.44,8022111.43,0.0,2396541.9899999993,2396541.99,0.4260087071276633,-0.044019386658293636,Flagged for Review
C2099029627,C602519143,TRANSFER,6660820.17,123796.0,0.0,73231.68,6734051.85,123796.0,6660820.17,53.80437466174463,90.95420473482605,-0.04396706770798564,Flagged for Review
C498666968,C1946361283,TRANSFER,2378846.53,31595.0,0.0,0.0,2378846.53,31595.0,2378846.53,75.28948379541714,2378846.53,-0.04388393205330421,Flagged for Review
C341789975,C768343852,TRANSFER,2480455.46,455426.88,0.0,7712891.09,10193346.54,455426.88,2480455.4499999993,5.446428663963216,0.3215986209914678,-0.04385198704099502,Flagged for Review
C1670855164,C1638759770,TRANSFER,2333099.92,51471.0,0.0,0.0,2333099.92,51471.0,2333099.92,45.32755517562947,2333099.92,-0.0438386690180651,Flagged for Review
C1008642271,C1133490785,TRANSFER,1996650.8,0.0,0.0,8303723.92,10300374.72,0.0,1996650.8000000007,1996650.8,0.24045242577712944,-0.04379294319989213,Flagged for Review
C1019293262,C1717788445,TRANSFER,2457283.5,0.0,0.0,4651445.32,7108728.82,0.0,2457283.5,2457283.5,0.528283748956604,-0.043777531406224535,Flagged for Review
C1923264613,C1489757077,TRANSFER,2300817.9,415.0,0.0,0.0,2388193.91,415.0,2388193.91,5530.812259615384,2300817.9,-0.04375157771378191,Flagged for Review
C404924907,C525851101,CASH_IN,579704.37,18327697.93,18907402.3,1918819.27,1339114.9,-579704.370000001,-579704.3700000001,0.03162995923351301,0.3021149917287459,-0.043676686146075894,Flagged for Review
C1596660174,C933059493,TRANSFER,1937054.99,0.0,0.0,4908625.71,7120005.4,0.0,2211379.6900000004,1937054.99,0.39462259088754376,-0.0436302653396734,Flagged for Review
C1206770788,C1358670042,CASH_IN,268522.79,16726469.25,16994992.03,18579923.5,18311400.71,-268522.7800000012,-268522.7899999991,0.016053763046629636,0.014452307919765765,-0.04361942397086194,Flagged for Review
C868533446,C1335041685,TRANSFER,1833718.9,0.0,0.0,10652050.64,12485769.54,0.0,1833718.8999999985,1833718.9,0.1721470156147309,-0.04356222783580421,Flagged for Review
C1979982730,C219474142,TRANSFER,2170740.13,0.0,0.0,7260321.16,9431061.29,0.0,2170740.129999999,2170740.13,0.2989867504722407,-0.04350143363374559,Flagged for Review
C1662709024,C272857307,TRANSFER,2465090.17,72.0,0.0,0.0,2465090.17,72.0,2465090.17,33768.358493150685,2465090.17,-0.04349921969441051,Flagged for Review
C963371850,C2014105033,TRANSFER,2403792.52,0.0,0.0,5132052.27,7535844.78,0.0,2403792.5100000007,2403792.52,0.46838806877778183,-0.043409275431985916,Flagged for Review
C271366427,C662035758,TRANSFER,2046231.52,36048.89,0.0,0.0,2421274.59,36048.89,2421274.59,56.76110301584831,2046231.52,-0.04340724722274203,Flagged for Review
C963455549,C974127324,CASH_IN,536328.66,19238054.94,19774383.59,2064095.23,1339774.55,-536328.6499999985,-724320.6799999999,0.027878526898596802,0.2598370425781942,-0.04339813355730604,Flagged for Review
C403113986,C74148814,CASH_IN,645851.56,15269643.89,15915495.45,817375.65,201425.73,-645851.5599999987,-615949.92,0.04229643614194096,0.7901517127997234,-0.04334609313480242,Flagged for Review
C430279378,C1521753215,TRANSFER,2448616.03,610.0,0.0,0.0,2448616.03,610.0,2448616.03,4007.554877250409,2448616.03,-0.04319432985476612,Flagged for Review
C467632528,C716083600,CASH_OUT,1277212.77,1277212.77,0.0,0.0,2444985.19,1277212.77,2444985.19,0.9999992170457104,1277212.77,-0.043112668266716,Flagged for Review
C1044124713,C1514884249,CASH_IN,469892.53,11645685.79,12115578.32,13302725.71,12832833.18,-469892.5300000012,-469892.5300000012,0.04034906128537569,0.03532302363595651,-0.043076848802588996,Flagged for Review
C2057346902,C471600119,TRANSFER,1951255.68,0.0,0.0,9911258.81,11862514.48,0.0,1951255.67,1951255.68,0.1968726193648232,-0.043070378655085895,Flagged for Review
C1577976027,C162059369,TRANSFER,6732579.85,50211.0,0.0,854558.45,7587138.3,50211.0,6732579.85,134.08308472078386,7.8784218581866945,-0.04306313039194731,Flagged for Review
C650599426,C1131125488,TRANSFER,2025006.19,21563.0,0.0,150881.41,3989783.95,21563.0,3838902.54,93.90679790391393,13.421088581498664,-0.043053103556953576,Flagged for Review
C1379077693,C1935340645,TRANSFER,2075371.42,0.0,0.0,7448599.08,9523970.51,0.0,2075371.4299999997,2075371.42,0.27862570116665464,-0.042891789449980844,Flagged for Review
C1227464805,C932962366,TRANSFER,2420938.79,1091.0,0.0,0.0,2420938.79,1091.0,2420938.79,2216.976913919414,2420938.79,-0.04288957750697309,Flagged for Review
C1076620791,C960858930,TRANSFER,2472590.06,496.0,0.0,0.0,2472590.06,496.0,2472590.06,4975.030301810865,2472590.06,-0.04288957750697309,Flagged for Review
C1948582800,C1822874454,TRANSFER,2045648.72,0.0,0.0,8089894.22,10135542.94,0.0,2045648.7199999997,2045648.72,0.25286467430909443,-0.042878288904695694,Flagged for Review
C1278517456,C774273253,TRANSFER,2472579.87,6068.0,0.0,0.0,2472579.87,6068.0,2472579.87,407.4114137419674,2472579.87,-0.04283390064690773,Flagged for Review
C631694266,C1699561182,TRANSFER,2435948.8,9411.0,0.0,0.0,2435948.8,9411.0,2435948.8,258.81308967275817,2435948.8,-0.04283390064690773,Flagged for Review
C1301101357,C1922837758,TRANSFER,2395457.61,10552.0,0.0,0.0,2395457.61,10552.0,2395457.61,226.99304557945607,2395457.61,-0.04283390064690773,Flagged for Review
C1836557857,C427518735,TRANSFER,2475054.95,5944.0,0.0,0.0,2475054.95,5944.0,2475054.95,416.3254751892347,2475054.95,-0.04283390064690773,Flagged for Review
C1610018495,C1992582969,TRANSFER,2436245.39,20104.0,0.0,0.0,2436245.39,20104.0,2436245.39,121.17609500124348,2436245.39,-0.04283390064690773,Flagged for Review
C307509650,C694033784,TRANSFER,2408371.36,0.0,0.0,5028137.77,7436509.13,0.0,2408371.3600000003,2408371.36,0.4789786977180027,-0.042799714348036755,Flagged for Review
C1089108926,C1793364244,TRANSFER,2400097.67,0.0,0.0,5205099.64,7605197.31,0.0,2400097.67,2400097.67,0.46110494993234175,-0.042799714348036755,Flagged for Review
C455098399,C1661275295,TRANSFER,2231653.45,100339.0,0.0,0.0,2231653.45,100339.0,2231653.45,22.240915387681884,2231653.45,-0.04278993857317548,Flagged for Review
C1483493147,C2072068207,TRANSFER,3946093.77,6061.93,0.0,8313169.18,12259262.95,6061.93,3946093.7699999996,650.8559013546255,0.4746797773361594,-0.0427799997042454,Flagged for Review
C1975163869,C681101640,TRANSFER,1690219.46,0.0,0.0,8820597.1,10815205.12,0.0,1994608.0199999996,1690219.46,0.19162186518848423,-0.04267995823013493,Flagged for Review
C2016728314,C1652527413,CASH_OUT,8327328.27,8327328.27,0.0,616195.48,8943523.75,8327328.27,8327328.27,0.9999998799134792,13.514079583836637,-0.042603051101260614,Flagged for Review
C782027790,C473344802,TRANSFER,2107828.87,0.0,0.0,7572250.09,9680078.96,0.0,2107828.870000001,2107828.87,0.27836225251215224,-0.042587173534547884,Flagged for Review
C1851884155,C310772625,TRANSFER,2363466.1,0.0,0.0,2654015.19,5176065.12,0.0,2522049.93,2363466.1,0.890524371669338,-0.04258582989874793,Flagged for Review
C1299378974,C1298177219,CASH_IN,658297.34,8489972.04,9148269.38,5915654.53,4848235.57,-658297.3400000017,-1067418.96,0.07753821324266538,0.11128053969024798,-0.04250158608512322,Flagged for Review
C968331259,C1042495130,CASH_IN,559920.61,18555033.12,19114953.73,744369.0,184448.39,-559920.6099999994,-559920.61,0.030176210206828764,0.7522073834249097,-0.042489713548945485,Flagged for Review
C1604196307,C355759727,TRANSFER,1751061.73,19153.25,0.0,23720138.31,25471200.04,19153.25,1751061.7300000004,91.41896602581673,0.07382173043401068,-0.04245699844050965,Flagged for Review
C1864635976,C2125606535,CASH_IN,533606.27,19641729.52,20175335.79,828960.13,295353.85,-533606.2699999996,-533606.28,0.02716696827994156,0.643704814000145,-0.04245633116163772,Flagged for Review
C231854275,C612887949,TRANSFER,2501531.19,0.0,0.0,3715627.34,6217158.54,0.0,2501531.2,2501531.19,0.6732458042345538,-0.04234557653734772,Flagged for Review
C1014440366,C740834043,TRANSFER,2497065.02,0.0,0.0,3749720.68,6246785.7,0.0,2497065.02,2497065.02,0.6659334300245985,-0.04234557653734772,Flagged for Review
C1158211403,C491243229,TRANSFER,2544780.04,0.0,0.0,3970339.87,6515119.91,0.0,2544780.04,2544780.04,0.6409474962788271,-0.04229321255784868,Flagged for Review
C197321725,C332833671,TRANSFER,2093387.93,0.0,0.0,7778607.21,9871995.14,0.0,2093387.9300000006,2093387.93,0.26912114268832676,-0.04228269498743853,Flagged for Review
C351473483,C426784026,TRANSFER,2542591.25,0.0,0.0,3826652.34,6369243.59,0.0,2542591.25,2542591.25,0.664442536098658,-0.041988866574156236,Flagged for Review
C260291797,C2130510859,TRANSFER,2086352.92,0.0,0.0,7387939.0,9474291.92,0.0,2086352.92,2086352.92,0.2823998191647469,-0.04197835374670578,Flagged for Review
C1734756069,C105830383,TRANSFER,2372078.68,675.0,0.0,0.0,2372078.68,675.0,2372078.68,3508.9921301775153,2372078.68,-0.04197614479481471,Flagged for Review
C365652804,C371436219,TRANSFER,2260427.19,0.0,0.0,5770986.43,8031413.63,0.0,2260427.2,2260427.19,0.3916881153213671,-0.041931535555407184,Flagged for Review
C722064139,C464094472,TRANSFER,1756764.61,406925.58,0.0,3031528.07,6024119.94,406925.58,2992591.8700000006,4.317153747980778,0.5794978604641915,-0.04190244847974178,Flagged for Review
C1078645491,C1253529320,TRANSFER,2369889.75,0.0,0.0,4664666.01,7034555.76,0.0,2369889.75,2369889.75,0.508051216714824,-0.04188640315400949,Flagged for Review
C1238971964,C2055051276,TRANSFER,5790289.48,184677.0,0.0,152637.27,5942926.76,184677.0,5790289.49,31.353433976976145,37.934716372244004,-0.041721322060094934,Flagged for Review
C1131187840,C294106327,CASH_IN,506553.38,25685555.54,26192108.92,1127252.85,620699.47,-506553.3800000027,-506553.3800000001,0.01972133168347537,0.44936939448022284,-0.04163135708161936,Flagged for Review
C119821459,C332000121,TRANSFER,7265329.17,5557.0,0.0,18549.38,7283878.56,5557.0,7265329.18,1307.1840896005758,391.6539267659207,-0.041622301293312125,Flagged for Review
C137124256,C821258376,CASH_IN,508885.52,25231574.07,25740459.59,526555.88,17670.36,-508885.51999999955,-508885.52,0.020168599010890048,0.9664397889929764,-0.04161958412529798,Flagged for Review
C121029631,C1791999898,TRANSFER,2344441.44,11141.0,0.0,0.0,2344441.44,11141.0,2344441.44,210.41477652127085,2344441.44,-0.041616365297918234,Flagged for Review
C1205633653,C1373425880,TRANSFER,2389036.87,10883.0,0.0,0.0,2389036.87,10883.0,2389036.87,219.4998961778758,2389036.87,-0.041616365297918234,Flagged for Review
C715428299,C952003850,TRANSFER,2369890.76,9011.0,0.0,0.0,2369890.76,9011.0,2369890.76,262.97056813138033,2369890.76,-0.041616365297918234,Flagged for Review
C795462679,C606127316,TRANSFER,2362335.88,18174.0,0.0,0.0,2362335.88,18174.0,2362335.88,129.97721485557082,2362335.88,-0.041616365297918234,Flagged for Review
C256234762,C1318855503,TRANSFER,3057079.51,168607.3,0.0,8821602.85,11878682.35,168607.3,3057079.5,18.13125160505147,0.3465446376851302,-0.04159444698095971,Flagged for Review
C668325347,C281484048,TRANSFER,2567908.08,0.0,0.0,3230495.08,5798403.16,0.0,2567908.08,2567908.08,0.794895897227029,-0.04153747171705413,Flagged for Review
C1440537962,C289119704,TRANSFER,3946489.79,859.0,0.0,7305022.64,11251512.43,859.0,3946489.79,4588.941616279069,0.5402432605953894,-0.041456364482340136,Flagged for Review
C57254550,C912471316,TRANSFER,2195866.57,0.0,0.0,6330256.58,8526123.15,0.0,2195866.5700000003,2195866.57,0.34688423689703946,-0.04141518078908879,Flagged for Review
C1528859451,C1499489682,TRANSFER,1855637.62,0.0,0.0,10203819.85,12059457.47,0.0,1855637.620000001,1855637.62,0.18185713442822746,-0.041340623434690915,Flagged for Review
C134568498,C310729463,TRANSFER,1912960.66,0.0,0.0,8616009.1,10528969.76,0.0,1912960.6600000001,1912960.66,0.22202395746959488,-0.04128833742225524,Flagged for Review
C898419144,C1806886349,TRANSFER,1766723.73,0.0,0.0,13018847.97,14785571.71,0.0,1766723.7400000002,1766723.73,0.13570506379413047,-0.04126643543238795,Flagged for Review
C636943376,C2126988635,CASH_IN,233437.98,19853497.75,20086935.73,16420813.18,16187375.21,-233437.98000000045,-233437.9699999988,0.011758027284737408,0.014215980854610706,-0.041246739344160566,Flagged for Review
C698117773,C1808305618,TRANSFER,2845411.47,13309.8,0.0,10905139.26,13750550.73,13309.8,2845411.4700000007,213.76712669411307,0.26092387646190623,-0.041209944650340447,Flagged for Review
C2055796171,C747184469,CASH_IN,592575.54,1814574.27,2407149.81,17826818.4,17322407.97,-592575.54,-504410.4299999997,0.3265643204759426,0.033240676685152265,-0.04115752457247468,Flagged for Review
C133406663,C990886627,TRANSFER,2297324.04,0.0,0.0,4582847.77,6880171.8,0.0,2297324.0300000003,2297324.04,0.501287333555194,-0.04101939836266777,Flagged for Review
C509491388,C1651432416,TRANSFER,2032913.46,0.0,0.0,7371168.48,9404081.95,0.0,2032913.4699999988,2032913.46,0.27579252729378295,-0.04076236060957761,Flagged for Review
C1622687982,C1626160723,TRANSFER,1465331.91,1600.0,0.0,0.0,2510772.46,1600.0,2510772.46,915.2604059962523,1465331.91,-0.04067950577067081,Flagged for Review
C1689999434,C935808590,TRANSFER,1230810.12,0.0,0.0,29163380.91,30394191.03,0.0,1230810.120000001,1230810.12,0.04220395713358472,-0.04063144836385757,Flagged for Review
C2053132808,C2017149919,CASH_IN,682106.62,5307994.58,5990101.2,9184942.74,8781720.0,-682106.6200000001,-403222.7400000002,0.12850549886855783,0.07426355994206667,-0.04061799588246873,Flagged for Review
C1973917452,C4997299,CASH_IN,565955.73,18015690.04,18581645.77,1105978.18,540022.44,-565955.7300000004,-565955.74,0.031414600125158454,0.5117236745812882,-0.040568896952419164,Flagged for Review
C974417111,C3106543,TRANSFER,7180620.39,20445.0,0.0,69552.94,7250173.33,20445.0,7180620.39,351.19927565293943,103.2381543015392,-0.04053758517072237,Flagged for Review
C1170169168,C1773780203,TRANSFER,1880727.14,515036.0,0.0,0.0,1880727.14,515036.0,1880727.14,3.6516350087469442,1880727.14,-0.04048955899158602,Flagged for Review
C1753557952,C988705496,TRANSFER,1829630.88,40138.46,0.0,2335799.91,5829485.29,40138.46,3493685.38,45.58185087691763,0.7832991554061857,-0.04048257349035023,Flagged for Review
C1034984469,C556857151,TRANSFER,2331913.47,705.0,0.0,0.0,2331913.47,705.0,2331913.47,3302.9935835694055,2331913.47,-0.04045650099681686,Flagged for Review
C865012565,C811413419,TRANSFER,3328987.76,86896.59,0.0,8387526.45,11716514.21,86896.59,3328987.7600000007,38.30932204218782,0.3968973907799252,-0.04045555488834396,Flagged for Review
C119693386,C1411795872,TRANSFER,2556428.92,0.0,0.0,2993894.09,5550323.01,0.0,2556428.92,2556428.92,0.8538805947271854,-0.04036730105470343,Flagged for Review
C338397336,C1717123092,TRANSFER,2547902.86,0.0,0.0,3518362.7,6066265.56,0.0,2547902.8599999994,2547902.86,0.7241726772021891,-0.04032227331542826,Flagged for Review
C115152089,C1680895954,TRANSFER,2090779.3,0.0,0.0,6629261.36,8720040.66,0.0,2090779.2999999998,2090779.3,0.31538641653639427,-0.04020020282952119,Flagged for Review
C1459390999,C1807777054,CASH_IN,452054.54,23366407.75,23818462.29,4699871.84,4247817.3,-452054.5399999991,-452054.54000000004,0.019346342214440634,0.0961844193214385,-0.04017449155721187,Flagged for Review
C282716623,C1685703976,TRANSFER,1522851.11,0.0,0.0,16826156.06,18349007.17,0.0,1522851.1100000031,1522851.11,0.09050498605057002,-0.040127631130104535,Flagged for Review
C1886272950,C344551559,TRANSFER,2273312.0,0.0,0.0,5588485.53,7861797.53,0.0,2273312.0,2273312.0,0.4067849117639369,-0.04010849461429267,Flagged for Review
C613301971,C2080338110,TRANSFER,2321120.15,0.0,0.0,4814118.51,7135238.66,0.0,2321120.1500000004,2321120.15,0.48214842717936596,-0.04010849461429267,Flagged for Review
C1615485356,C2125453646,TRANSFER,2279609.13,0.0,0.0,5528361.47,7807970.6,0.0,2279609.13,2279609.13,0.41234798593081395,-0.04010849461429267,Flagged for Review
C733553536,C891772106,TRANSFER,2305428.28,11146.0,0.0,0.0,2305428.28,11146.0,2305428.28,206.82051493675428,2305428.28,-0.040097531991910684,Flagged for Review
C1508561648,C1069737981,TRANSFER,2331485.05,12374.0,0.0,0.0,2331485.05,12374.0,2331485.05,188.4028323232323,2331485.05,-0.040097531991910684,Flagged for Review
C1028730410,C509301198,TRANSFER,2308805.39,10469.0,0.0,0.0,2308805.39,10469.0,2308805.39,220.51627411652342,2308805.39,-0.040097531991910684,Flagged for Review
C368482480,C1871636573,CASH_IN,532603.12,4250736.87,4783339.99,15899874.69,15367271.58,-532603.1200000001,-532603.1099999994,0.1252966276182069,0.03349731346232934,-0.040086631423562724,Flagged for Review
C477925819,C1627553671,TRANSFER,2078705.5,0.0,0.0,4113524.57,6440519.51,0.0,2326994.94,2078705.5,0.5053342843326485,-0.04005701847668064,Flagged for Review
C1054129073,C2147046752,CASH_IN,361734.01,17726850.9,18088584.91,8100705.71,7453630.21,-361734.01000000164,-647075.5,0.02040599267374711,0.04465462371986061,-0.04004031955493992,Flagged for Review
C576017861,C2007796943,TRANSFER,1464008.18,1464008.18,0.0,0.0,0.0,1464008.18,0.0,0.9999993169441738,1464008.18,-0.039897789804494876,Flagged for Review
C2147383789,C801899764,TRANSFER,2044919.56,0.0,0.0,6758829.4,8803748.97,0.0,2044919.5700000003,2044919.56,0.30255524091860625,-0.03989680070077262,Flagged for Review
C1121613237,C1270975420,TRANSFER,2511311.77,0.0,0.0,2698202.34,5209514.11,0.0,2511311.7700000005,2511311.77,0.9307348088895332,-0.03980547309196503,Flagged for Review
C1240772076,C566036559,TRANSFER,1369997.05,0.0,0.0,23808360.5,25178357.56,0.0,1369997.0599999987,1369997.05,0.05754268516126152,-0.0398012271407342,Flagged for Review
C1429994056,C1123503648,TRANSFER,2184280.34,93115.0,0.0,0.0,2184280.34,93115.0,2184280.34,23.457626401477725,2184280.34,-0.039750411937153785,Flagged for Review
C1262690873,C964286010,TRANSFER,1665493.86,0.0,0.0,14875885.14,16541379.0,0.0,1665493.8599999994,1665493.86,0.11195930409292579,-0.03960552170564624,Flagged for Review
C1436615544,C543611962,TRANSFER,2195410.22,0.0,0.0,5930315.22,8125725.44,0.0,2195410.2200000007,2195410.22,0.3702012065724212,-0.03959353539298349,Flagged for Review
C1130933537,C2053108684,TRANSFER,2191918.12,0.0,0.0,6005617.63,8197535.75,0.0,2191918.12,2191918.12,0.3649779073633918,-0.03959353539298349,Flagged for Review
C748577972,C604568968,TRANSFER,2102076.28,0.0,0.0,6413438.68,8515514.96,0.0,2102076.280000001,2102076.28,0.32776113675088,-0.03959353539298349,Flagged for Review
C2070903924,C38487415,TRANSFER,2156216.63,0.0,0.0,5946606.05,8102822.68,0.0,2156216.63,2156216.63,0.3625961177306982,-0.03959353539298349,Flagged for Review
C83641767,C1464963706,TRANSFER,2382975.53,0.0,0.0,3747252.5,6130228.02,0.0,2382975.5199999996,2382975.53,0.6359258934577017,-0.039577401191239425,Flagged for Review
C1366402481,C132807635,TRANSFER,1970818.43,0.0,0.0,6959089.29,8841021.2,0.0,1881931.9099999992,1970818.43,0.2832005833911949,-0.039525438620212405,Flagged for Review
C283880352,C1482937892,TRANSFER,2445425.94,37696.08,0.0,11647607.15,14093033.09,37696.08,2445425.9399999995,64.87043399647929,0.20995091082283704,-0.03950657630461751,Flagged for Review
C602915183,C29988088,CASH_IN,509984.62,7717240.32,8227224.94,14893162.87,14383178.25,-509984.6200000001,-509984.6199999992,0.06608379845247601,0.03424286635476334,-0.039496776948976464,Flagged for Review
C85302904,C183094848,CASH_IN,488334.59,29865430.74,30353765.33,538716.59,50381.99,-488334.58999999985,-488334.6,0.016351164592271854,0.9064760443407835,-0.0394556687418155,Flagged for Review
C1749994250,C704248769,TRANSFER,1113530.47,0.0,0.0,36146654.8,37260185.27,0.0,1113530.4700000063,1113530.47,0.030805905701517207,-0.039389027516741115,Flagged for Review
C1789366667,C1731104284,CASH_IN,534708.24,16934348.51,17469056.75,3278782.86,2744074.62,-534708.2399999984,-534708.2399999998,0.03157536341648354,0.16308127123695187,-0.039387029686279496,Flagged for Review
C1308887278,C1432458964,TRANSFER,3863336.85,106723.43,0.0,5949846.38,9813183.24,106723.43,3863336.8600000003,36.199179981565614,0.6493169661773744,-0.03936748882923524,Flagged for Review
C974651387,C2072431839,TRANSFER,2056441.49,0.0,0.0,6813597.49,8870038.98,0.0,2056441.4900000002,2056441.49,0.3018143045878243,-0.03929040684445373,Flagged for Review
C1444822701,C1511028480,TRANSFER,2429424.05,0.0,0.0,3682096.71,6111520.75,0.0,2429424.04,2429424.05,0.6597934768004838,-0.03927427991852195,Flagged for Review
C782414035,C136934937,CASH_IN,91441.89,22510422.37,22601864.26,17833147.41,17848507.57,-91441.8900000006,15360.160000000149,0.004062202140625487,0.00512763578800946,-0.03921419439120788,Flagged for Review
C1691411571,C1082860798,TRANSFER,2514984.56,0.0,0.0,3021623.38,5536607.94,0.0,2514984.5600000005,2514984.56,0.8323286562838761,-0.03919916158650938,Flagged for Review
C1785469507,C580301965,TRANSFER,2253121.28,15107.0,0.0,0.0,2253121.28,15107.0,2253121.28,149.134318241991,2253121.28,-0.03918787484425401,Flagged for Review
C2119765543,C1538642188,CASH_IN,524089.03,3743906.92,4267995.95,16551791.6,16027702.57,-524089.03000000026,-524089.02999999933,0.13998448711847594,0.031663581260678676,-0.039176989016281416,Flagged for Review
C424853930,C1951843433,TRANSFER,2493574.93,0.0,0.0,3206782.06,5700356.99,0.0,2493574.93,2493574.93,0.7775938949858368,-0.03915421200684266,Flagged for Review
C587750927,C1027165882,TRANSFER,2508573.55,0.0,0.0,3454846.9,5963420.45,0.0,2508573.5500000003,2508573.55,0.726102457361437,-0.03915421200684266,Flagged for Review
C2020129633,C1104272087,CASH_OUT,2558618.27,2558618.27,0.0,13626415.3,16185033.57,2558618.27,2558618.2699999996,0.9999996091642036,0.18776897855381094,-0.03914605977040764,Flagged for Review
C661703788,C737211460,TRANSFER,2168703.34,105205.0,0.0,0.0,2168703.34,105205.0,2168703.34,20.61387506415984,2168703.34,-0.03914415008079852,Flagged for Review
C1700978236,C1381336453,CASH_IN,19200.15,19703988.7,19723188.86,3269786.63,5539177.86,-19200.16000000015,2269391.2300000004,0.0009744295593089963,0.005871986860504455,-0.03913594191567926,Flagged for Review
C1617521313,C298222185,TRANSFER,2330524.66,0.0,0.0,3078110.5,5484147.51,0.0,2406037.01,2330524.66,0.7571280832419489,-0.03912915059302735,Flagged for Review
C774463768,C2034460325,TRANSFER,1782186.17,0.0,0.0,12207760.72,13989946.9,0.0,1782186.1799999997,1782186.17,0.1459879551122169,-0.03901964736679131,Flagged for Review
C605270040,C2091168740,TRANSFER,2482203.54,0.0,0.0,3833342.82,6315546.36,0.0,2482203.5400000005,2482203.54,0.6475295868451477,-0.038990712585621035,Flagged for Review
C330014031,C460447452,TRANSFER,2135024.57,0.0,0.0,5995637.37,8130661.94,0.0,2135024.5700000003,2135024.57,0.35609628837571133,-0.03898741499351077,Flagged for Review
C476212775,C2145035720,TRANSFER,2380111.24,0.0,0.0,3737614.52,6117725.76,0.0,2380111.2399999998,2380111.24,0.6367993784443619,-0.038971295340110346,Flagged for Review
C1915588675,C760918987,TRANSFER,7057658.2,9058.0,0.0,63125.53,7120783.73,9058.0,7057658.2,779.0769621371012,111.80177652723823,-0.0389461088582812,Flagged for Review
C1310289864,C91706887,TRANSFER,2210249.68,0.0,0.0,5019385.68,7375826.2,0.0,2356440.5200000005,2210249.68,0.44034257986276526,-0.038932661960330184,Flagged for Review
C1471007331,C555657117,TRANSFER,1375230.0,0.0,0.0,20073797.05,21449027.05,0.0,1375230.0,1375230.0,0.06850870954139145,-0.038891970673536225,Flagged for Review
C1030143666,C327086491,CASH_IN,453565.55,4261477.93,4715043.47,25338359.34,24884793.79,-453565.54000000004,-453565.55000000075,0.10643383610487546,0.017900351242696077,-0.03869988666824464,Flagged for Review
C116934432,C1940691119,TRANSFER,1996033.89,0.0,0.0,6810635.02,8806668.92,0.0,1996033.9000000004,1996033.89,0.2930759893992984,-0.03868455977851015,Flagged for Review
C1263408976,C721297887,TRANSFER,2063074.91,0.0,0.0,6485168.58,8548243.48,0.0,2063074.9000000004,2063074.91,0.31812196806116516,-0.03868455977851015,Flagged for Review
C719962139,C363377192,TRANSFER,2009898.95,0.0,0.0,6803143.04,8813041.98,0.0,2009898.9400000004,2009898.95,0.2954367771992668,-0.03868455977851015,Flagged for Review
C1328731032,C989036250,TRANSFER,2036878.98,0.0,0.0,6529647.28,8566526.26,0.0,2036878.9799999995,2036878.98,0.311943138842388,-0.03868455977851015,Flagged for Review
C1445853487,C1166067536,TRANSFER,2437263.06,0.0,0.0,3781517.83,6218780.89,0.0,2437263.0599999996,2437263.06,0.644519614887122,-0.03863222754011142,Flagged for Review
C93613612,C214968809,CASH_IN,134288.5,17414183.52,17548472.02,57357442.95,57223154.45,-134288.5,-134288.5,0.007711443498589965,0.0023412567009970463,-0.03861242031580703,Flagged for Review
C45630405,C392281228,TRANSFER,2281846.52,0.0,0.0,5066551.58,7348398.1,0.0,2281846.5199999996,2281846.52,0.45037458586879997,-0.03859305815863934,Flagged for Review
C947672010,C1456598254,TRANSFER,1363627.49,0.0,0.0,21784007.44,23147634.93,0.0,1363627.4899999984,1363627.49,0.06259763871079367,-0.03858915849970823,Flagged for Review
C1457976608,C391328519,TRANSFER,2472435.74,0.0,0.0,2769621.25,5242057.0,0.0,2472435.75,2472435.74,0.8926978182674552,-0.03858623249113602,Flagged for Review
C868639230,C2009378486,CASH_IN,255476.54,17640782.45,17896258.98,17653814.43,17398337.89,-255476.5300000012,-255476.5399999991,0.014482153852412945,0.014471463181033156,-0.03855664472962517,Flagged for Review
C1008835938,C583067589,TRANSFER,2508541.22,0.0,0.0,3410872.61,5919413.83,0.0,2508541.22,2508541.22,0.735454170053519,-0.03854848774891506,Flagged for Review
C1869748590,C326637181,TRANSFER,2501589.15,0.0,0.0,3431386.13,5932975.28,0.0,2501589.1500000004,2501589.15,0.7290314544019404,-0.03854848774891506,Flagged for Review
C109634180,C787461954,CASH_IN,621809.79,15284424.24,15906234.03,1059834.58,438024.8,-621809.7899999991,-621809.78,0.04068257590561515,0.586704014975606,-0.03853302404827741,Flagged for Review
C213461556,C1134058115,TRANSFER,1928047.04,5057.0,0.0,0.0,2220480.32,5057.0,2220480.32,381.18763147489125,1928047.04,-0.03851075141817839,Flagged for Review
C1479392310,C1558550579,TRANSFER,1528312.75,0.0,0.0,16431972.86,17960285.62,0.0,1528312.7600000016,1528312.75,0.09300847013397087,-0.03850642380901492,Flagged for Review
C1558983773,C1521379234,CASH_IN,542217.56,17668985.06,18211202.62,1750552.66,1208335.1,-542217.5600000024,-542217.5599999998,0.030687531144048007,0.30974061086479354,-0.038474308418083414,Flagged for Review
C1904876153,C1070794571,TRANSFER,2068526.71,0.0,0.0,6391888.13,8460414.84,0.0,2068526.71,2068526.71,0.32361742638674335,-0.03838184113783494,Flagged for Review
C355449943,C1104746610,TRANSFER,1793590.08,0.0,0.0,10986975.09,12780565.17,0.0,1793590.08,1793590.08,0.16324692666187463,-0.03830761932270188,Flagged for Review
C441854771,C828682382,TRANSFER,1851439.79,0.0,0.0,9967065.88,11818505.67,0.0,1851439.789999999,1851439.79,0.1857557305765766,-0.038300458067059395,Flagged for Review
C99080345,C1143399820,TRANSFER,1884232.96,0.0,0.0,8766983.9,10651216.86,0.0,1884232.959999999,1884232.96,0.21492371453725212,-0.038255568619181224,Flagged for Review
C666815506,C1956463779,TRANSFER,1901699.12,0.0,0.0,8751357.06,10653056.18,0.0,1901699.1199999992,1901699.12,0.21730331532109656,-0.038255568619181224,Flagged for Review
C625446805,C667494566,TRANSFER,1884003.94,0.0,0.0,8745457.91,10629461.85,0.0,1884003.9399999995,1884003.94,0.21542653843421922,-0.038255568619181224,Flagged for Review
C356057729,C180584877,TRANSFER,2232721.67,0.0,0.0,5268342.35,7501064.02,0.0,2232721.67,2232721.67,0.42379957449052746,-0.03822762489761833,Flagged for Review
C2023483997,C1447510206,CASH_IN,527593.57,19024413.91,19552007.49,828176.32,300582.75,-527593.5799999982,-527593.57,0.02773244656910187,0.6370538739215896,-0.03820692751259447,Flagged for Review
C189949972,C2138725943,TRANSFER,1111688.62,0.0,0.0,28539513.03,29651201.64,0.0,1111688.6099999994,1111688.62,0.03895261211635986,-0.0381777019082119,Flagged for Review
C489052528,C1001755781,TRANSFER,2000759.98,0.0,0.0,3670444.84,5885187.37,0.0,2214742.5300000003,2000759.98,0.5450999870903966,-0.038168159392922174,Flagged for Review
C627319715,C383694880,CASH_IN,243982.54,29443991.68,29687974.22,11013398.26,10769415.71,-243982.5399999991,-243982.54999999888,0.008286326608338227,0.022153245718252477,-0.03813682543355046,Flagged for Review
C602716519,C795840871,TRANSFER,2991237.34,633909.57,0.0,4932787.77,7924025.1,633909.57,2991237.33,4.718705573879293,0.6063988302503373,-0.03813459610482328,Flagged for Review
C1366311891,C369092014,TRANSFER,1860476.84,751844.0,0.0,0.0,1846138.56,751844.0,1846138.56,2.4745483976085496,1860476.84,-0.0381318133909162,Flagged for Review
C970634468,C1091756447,CASH_IN,501718.02,20873140.3,21374858.32,5463193.08,5127569.29,-501718.01999999955,-335623.79000000004,0.02403653636934849,0.09183602351538644,-0.038124609828544265,Flagged for Review
C94830685,C248609774,TRANSFER,955855.0,0.0,0.0,1179112.54,6453430.91,0.0,5274318.37,955855.0,0.8106556048877193,-0.038040147365219656,Flagged for Review
C98540220,C200514760,TRANSFER,3084785.5,41929.21,0.0,7827051.99,10911837.49,41929.21,3084785.5,73.56952183163405,0.3941183870789151,-0.0380312456246471,Flagged for Review
C786274625,C210221860,TRANSFER,1763091.69,734587.59,0.0,12045959.24,13600976.87,734587.59,1555017.629999999,2.400107643926242,0.14636373148115256,-0.03802418181849687,Flagged for Review
C1565240022,C1873323639,TRANSFER,2392507.56,0.0,0.0,4185800.04,6578307.6,0.0,2392507.5599999996,2392507.56,0.571576990195406,-0.038019815699883,Flagged for Review
C2111322932,C1425102390,TRANSFER,2427087.17,0.0,0.0,4155291.43,6582378.6,0.0,2427087.1699999995,2427087.17,0.5840953942199442,-0.038019815699883,Flagged for Review
C2015384716,C1984629033,TRANSFER,2411685.03,0.0,0.0,3874048.44,6285733.47,0.0,2411685.03,2411685.03,0.6225230388386577,-0.038019815699883,Flagged for Review
C410400522,C1769042905,TRANSFER,2470170.55,0.0,0.0,2867787.66,5337958.2,0.0,2470170.54,2470170.55,0.8613502746747034,-0.03798102038505369,Flagged for Review
C1659184028,C1254782770,TRANSFER,2470746.34,0.0,0.0,2584930.74,5055677.08,0.0,2470746.34,2470746.34,0.955826531806213,-0.03798102038505369,Flagged for Review
C2124917361,C495800584,TRANSFER,2476667.29,0.0,0.0,2686052.86,5162720.15,0.0,2476667.2900000005,2476667.29,0.9220467716161135,-0.03798102038505369,Flagged for Review
C2012345578,C2007810855,TRANSFER,2485081.86,0.0,0.0,2772603.22,5257685.08,0.0,2485081.86,2485081.86,0.8962988089226812,-0.03798102038505369,Flagged for Review
C1957918714,C1410936008,CASH_IN,308215.87,9104289.44,9412505.31,54191755.23,53883539.36,-308215.87000000104,-308215.8699999973,0.03385391448474045,0.005687504732119659,-0.037909001051622315,Flagged for Review
C1689123098,C1282562172,TRANSFER,1411869.99,0.0,0.0,18073557.53,19485427.52,0.0,1411869.9899999984,1411869.99,0.07811798587735007,-0.037881463219368694,Flagged for Review
C2079108518,C1315307091,CASH_IN,432219.56,24931916.66,25364136.22,3408928.39,2976708.83,-432219.55999999866,-432219.56000000006,0.017335993399875523,0.12679041146111858,-0.03778060135984396,Flagged for Review
C441063504,C1859667281,TRANSFER,4553476.53,21655.0,0.0,5172911.83,9726388.36,21655.0,4553476.529999999,210.2639698005172,0.8802538684959824,-0.03765324432860628,Flagged for Review
C790881645,C1952745530,TRANSFER,1961090.1,0.0,0.0,7595124.11,9556214.21,0.0,1961090.1000000006,1961090.1,0.25820379145801853,-0.03757536621853852,Flagged for Review
C38948739,C533828275,CASH_OUT,766257.55,766257.55,0.0,46141756.44,46908013.99,766257.55,766257.5500000045,0.9999986949574657,0.01660659655186294,-0.037497980528628516,Flagged for Review
C785679137,C1545920687,TRANSFER,2206299.87,31012.0,0.0,0.0,2206299.87,31012.0,2206299.87,71.14113017121852,2206299.87,-0.03746212779399638,Flagged for Review
C499728097,C1487213807,TRANSFER,2202643.31,30182.0,0.0,0.0,2202643.31,30182.0,2202643.31,72.97628830798794,2202643.31,-0.03746212779399638,Flagged for Review
C563848568,C568815462,TRANSFER,2456881.4,0.0,0.0,2850647.62,5307529.02,0.0,2456881.3999999994,2456881.4,0.8618675001761529,-0.03737635400375272,Flagged for Review
C80118005,C970805894,TRANSFER,2468996.43,0.0,0.0,2952627.86,5421624.29,0.0,2468996.43,2468996.43,0.8362027694872562,-0.03737635400375272,Flagged for Review
C184449121,C1444127182,TRANSFER,2455559.09,0.0,0.0,2972261.16,5427820.25,0.0,2455559.09,2455559.09,0.8261583123609796,-0.03737635400375272,Flagged for Review
C992917413,C104038589,CASH_OUT,2050727.81,2050727.81,0.0,0.0,2050727.81,2050727.81,2050727.81,0.9999995123684833,2050727.81,-0.03735333101718741,Flagged for Review
C792664233,C1628486398,TRANSFER,2466224.61,0.0,0.0,3446236.22,5912460.83,0.0,2466224.61,2466224.61,0.715628220740997,-0.037331526387200165,Flagged for Review
C1122264272,C2035525206,TRANSFER,2482162.75,0.0,0.0,3390312.81,5872475.55,0.0,2482162.7399999998,2482162.75,0.7321336280667187,-0.037331526387200165,Flagged for Review
C335064550,C1596062467,TRANSFER,1522805.32,0.0,0.0,1629775.62,4548779.92,0.0,2919004.3,1522805.32,0.9343644406924919,-0.03725515133276436,Flagged for Review
C1051371565,C1345225526,TRANSFER,2093818.56,5513.83,0.0,2954224.36,6346536.7,5513.83,3392312.3400000003,379.67055376140337,0.7087538372495726,-0.03721269626988333,Flagged for Review
C624922871,C1892744013,TRANSFER,6813727.79,16070.0,0.0,380638.06,7194365.85,16070.0,6813727.79,423.9765907535312,17.900758240628274,-0.037206006914496714,Flagged for Review
C837855242,C1494921789,CASH_IN,537557.26,3410.0,540967.26,20828322.1,20290764.83,-537557.26,-537557.2700000033,157.5952096159484,0.025808955306632436,-0.03717801873991622,Flagged for Review
C1912564261,C1921838990,CASH_IN,493249.66,22917603.43,23410853.09,1496493.21,1003243.55,-493249.66000000015,-493249.6599999999,0.021522740804196697,0.32960345366120725,-0.03714067674836097,Flagged for Review
C37703484,C928094130,TRANSFER,1263645.76,0.0,0.0,26150788.78,27414434.54,0.0,1263645.759999998,1263645.76,0.04832151421164459,-0.037137945813378814,Flagged for Review
C997549519,C428212392,TRANSFER,2367913.47,0.0,0.0,4058870.21,6426783.68,0.0,2367913.4699999997,2367913.47,0.5833921175340767,-0.03711296815967513,Flagged for Review
C1808939815,C1437957547,CASH_IN,548588.73,16962875.2,17511463.93,2274909.79,1726321.06,-548588.7300000004,-548588.73,0.03234054906325379,0.24114735945315902,-0.0371031803337013,Flagged for Review
C89655820,C708948439,TRANSFER,4239252.82,25834.35,0.0,5442317.28,9681570.1,25834.35,4239252.819999999,164.08729976563123,0.7789424656729191,-0.037102916830998645,Flagged for Review
C694533614,C1615219336,TRANSFER,2057747.37,0.0,0.0,2119903.14,4629899.18,0.0,2509996.0399999996,2057747.37,0.9706794430808555,-0.037093281423516755,Flagged for Review
C683149423,C1137735084,CASH_IN,314615.16,18579985.78,18894600.94,12531538.97,12216923.81,-314615.16000000015,-314615.16000000015,0.016933013124565847,0.025105865739819364,-0.03706073353812234,Flagged for Review
C808364928,C1937119864,TRANSFER,2169825.11,60182.0,0.0,0.0,2169825.11,60182.0,2169825.11,36.05378778060249,2169825.11,-0.037026535386622705,Flagged for Review
C978862982,C642500410,TRANSFER,3349943.4,530740.06,0.0,10234.0,3530628.22,530740.06,3520394.22,6.311822567487052,327.3027259404006,-0.037024900550560624,Flagged for Review
C1699507395,C516049872,CASH_OUT,137328.92,1662.0,0.0,33222968.39,36194475.03,1662.0,2971506.6400000006,82.57902585688515,0.004133553457787417,-0.037012498985674824,Flagged for Review
C275939975,C519830136,TRANSFER,2396284.92,0.0,0.0,2540631.35,4936916.26,0.0,2396284.9099999997,2396284.92,0.9431844477615976,-0.03701158318358844,Flagged for Review
C464926434,C389103388,CASH_IN,753214.15,8729607.38,9482821.53,2817334.91,2064120.76,-753214.1499999985,-753214.1500000001,0.0862826964524152,0.2673497850669855,-0.03700875862088682,Flagged for Review
C1044357253,C591256148,TRANSFER,3507686.07,202656.21,0.0,5198521.9,8706207.98,202656.21,3507686.08,17.308469163273294,0.6747466804464782,-0.03700821237414276,Flagged for Review
C868497540,C1909592204,TRANSFER,2096994.07,0.0,0.0,4819790.99,6995186.37,0.0,2175395.38,2096994.07,0.4350797865034005,-0.03697414333890936,Flagged for Review
C222416860,C828389234,TRANSFER,2195944.02,0.0,0.0,5849712.26,8045656.28,0.0,2195944.0200000005,2195944.02,0.37539344620799414,-0.03697414333890936,Flagged for Review
C2057578352,C1552420719,TRANSFER,2320815.73,0.0,0.0,3625520.88,5946336.61,0.0,2320815.7300000004,2320815.73,0.6401328710226953,-0.03689902123573596,Flagged for Review
C1294515762,C392347203,TRANSFER,2303781.66,0.0,0.0,4143170.91,6446952.56,0.0,2303781.6499999994,2303781.66,0.5560429810888537,-0.03685575102068228,Flagged for Review
C1258137180,C648983330,CASH_IN,490859.18,21596321.27,22087180.45,1361492.22,870633.04,-490859.1799999997,-490859.17999999993,0.02272883196792562,0.36053002158909025,-0.036807621568421545,Flagged for Review
C1046435541,C823056183,CASH_IN,200974.57,24793436.95,24994411.53,13874984.11,13674009.54,-200974.58000000194,-200974.5700000003,0.008105958133168055,0.01448466923796216,-0.036765602008275944,Flagged for Review
C513919480,C1465115909,TRANSFER,2217818.0,15870.0,0.0,0.0,2217818.0,15870.0,2217818.0,139.740281015689,2217818.0,-0.036723898749515205,Flagged for Review
C683564611,C7290290,CASH_IN,121135.46,21091652.37,21212787.83,18534333.58,18413198.12,-121135.45999999717,-121135.45999999717,0.005743288962462216,0.006535732884131415,-0.036707018920131396,Flagged for Review
C1217403648,C483706610,TRANSFER,1421665.98,1421665.98,0.0,0.0,0.0,1421665.98,0.0,0.9999992966003894,1421665.98,-0.036667093917267524,Flagged for Review
C349946114,C1704676936,TRANSFER,1995125.02,0.0,0.0,6416474.05,8411599.07,0.0,1995125.0200000005,1995125.02,0.3109378598768182,-0.03656839390758038,Flagged for Review
C197401569,C2107750716,TRANSFER,2851298.21,219619.84,0.0,8928468.6,11779766.81,219619.84,2851298.210000001,12.982821712183599,0.31934904163195,-0.03653406592701469,Flagged for Review
C2118961935,C249178408,TRANSFER,5239108.01,3068.0,0.0,2531690.91,7770798.92,3068.0,5239108.01,1707.1059009449332,2.069409784542069,-0.036495538478441,Flagged for Review
C1882604663,C1358149280,TRANSFER,2207554.2,241.0,0.0,0.0,2207554.2,241.0,2207554.2,9122.12479338843,2207554.2,-0.036477212602935016,Flagged for Review
C815331703,C1660095722,TRANSFER,1833972.09,0.0,0.0,9027133.1,10861105.19,0.0,1833972.0899999999,1833972.09,0.20316216306125331,-0.03644246266394657,Flagged for Review
C108112880,C6590215,TRANSFER,2208615.32,12037.0,0.0,0.0,2208615.32,12037.0,2208615.32,183.47028742316,2208615.32,-0.036422064280366095,Flagged for Review
C849761712,C414821585,CASH_IN,356910.01,25020885.19,25377795.2,6644527.46,6287617.44,-356910.0099999979,-356910.01999999955,0.014264483171768904,0.053714874147743515,-0.036413560756005436,Flagged for Review
C582897896,C1387897180,TRANSFER,2353644.26,0.0,0.0,2498184.19,4851828.46,0.0,2353644.27,2353644.26,0.942141627218597,-0.03640779095186164,Flagged for Review
C1468055442,C1970241168,TRANSFER,2378727.22,0.0,0.0,3029737.57,5408464.78,0.0,2378727.2100000004,2378727.22,0.785126229554519,-0.03640779095186164,Flagged for Review
C1624904947,C1162112921,TRANSFER,2423675.14,0.0,0.0,2520202.91,4943878.05,0.0,2423675.1399999997,2423675.14,0.9616980318072754,-0.03640779095186164,Flagged for Review
C190047281,C900038557,TRANSFER,2152177.48,0.0,0.0,5750968.04,7903145.51,0.0,2152177.4699999997,2152177.48,0.3742286673829842,-0.03637038486700128,Flagged for Review
C1212397315,C783161352,TRANSFER,2144171.65,0.0,0.0,5913322.89,8057494.54,0.0,2144171.6500000004,2144171.65,0.3626000689098057,-0.03637038486700128,Flagged for Review
C45810838,C863993578,TRANSFER,2388150.73,0.0,0.0,3363154.57,5751305.31,0.0,2388150.7399999998,2388150.73,0.710092257195227,-0.03636302814136261,Flagged for Review
C1322362774,C1383235514,TRANSFER,3751998.25,752154.0,0.0,228488.16,3980486.41,752154.0,3751998.25,4.988331195032939,16.420902637131668,-0.03636198173135918,Flagged for Review
C1885566813,C4773245,CASH_IN,623845.7,9852711.78,10476557.48,6848965.22,6225119.52,-623845.7000000011,-623845.7000000002,0.06331715071064925,0.09108611138689482,-0.03630332093677535,Flagged for Review
C903357603,C1813738281,CASH_IN,10000.0,23477948.09,23487948.09,18017288.21,18007288.21,-10000.0,-10000.0,0.00042593158208437023,0.0005550224500170522,-0.03629344713221483,Flagged for Review
C1463730558,C1134266682,TRANSFER,2309216.22,0.0,0.0,4199428.53,6508644.75,0.0,2309216.2199999997,2309216.22,0.5498880749166899,-0.03625209930411066,Flagged for Review
C48558690,C1943486252,CASH_IN,441360.7,5389509.36,5830870.06,20101933.48,19660572.79,-441360.69999999925,-441360.69000000134,0.08189254134767077,0.021956130661908317,-0.03613136115107496,Flagged for Review
C222670169,C217125608,CASH_IN,589637.84,15281240.25,15870878.09,1834647.93,1245010.08,-589637.8399999999,-589637.8499999999,0.03858572941514159,0.32139001111237125,-0.036080506610861485,Flagged for Review
C344231020,C1283065160,TRANSFER,2004886.15,0.0,0.0,4953893.09,7056805.24,0.0,2102912.1500000004,2004886.15,0.404709126512634,-0.03606870981699928,Flagged for Review
C1385531651,C724749584,TRANSFER,1974727.89,0.0,0.0,6989194.61,8963922.51,0.0,1974727.8999999994,1974727.89,0.2825400804599887,-0.03606563625892767,Flagged for Review
C1541281281,C434499795,TRANSFER,1047358.17,0.0,0.0,3038804.53,6604368.86,0.0,3565564.3300000005,1047358.17,0.34466113729890446,-0.035953542407680894,Flagged for Review
C668740799,C505052723,TRANSFER,2354735.58,0.0,0.0,3958245.18,6312980.76,0.0,2354735.5799999996,2354735.58,0.594893665759819,-0.03595047759567305,Flagged for Review
C1096136943,C1377194794,TRANSFER,2386148.95,0.0,0.0,2886821.85,5272970.8,0.0,2386148.9499999997,2386148.95,0.8265657693543613,-0.035804543164603575,Flagged for Review
C952675335,C1949261717,TRANSFER,2369949.54,0.0,0.0,2614066.35,4984015.89,0.0,2369949.5399999996,2369949.54,0.9066138024332081,-0.035804543164603575,Flagged for Review
C2094052887,C2056103121,TRANSFER,2230207.51,0.0,0.0,5240301.07,7470508.58,0.0,2230207.51,2230207.51,0.42558758640415545,-0.03576717080912051,Flagged for Review
C1024207096,C2068785174,TRANSFER,1988530.99,0.0,0.0,7211849.69,9200380.69,0.0,1988530.999999999,1988530.99,0.2757310259843996,-0.03576409863708774,Flagged for Review
C1774811915,C393737089,TRANSFER,2422732.33,0.0,0.0,3527960.4,5950692.73,0.0,2422732.3300000005,2422732.33,0.6867230265047685,-0.035759820717102375,Flagged for Review
C940770502,C142848875,TRANSFER,2388632.46,0.0,0.0,3510084.9,5898717.36,0.0,2388632.4600000004,2388632.46,0.680505414411653,-0.035759820717102375,Flagged for Review
C601358306,C1377361140,TRANSFER,2693248.22,65971.56,0.0,10756153.16,13449401.38,65971.56,2693248.2200000007,40.823764001275684,0.25039137408569834,-0.035741024129550936,Flagged for Review
C1984162598,C1293276040,TRANSFER,2314160.52,0.0,0.0,3997131.37,6311291.89,0.0,2314160.5199999996,2314160.52,0.5789551873159507,-0.03564899190530402,Flagged for Review
C1225475363,C422970659,TRANSFER,2152716.84,43995.0,0.0,0.0,2152716.84,43995.0,2152716.84,48.92983089371761,2152716.84,-0.035606454075365,Flagged for Review
C896936652,C1486434379,TRANSFER,3847641.76,57044.0,0.0,5786476.47,9634118.23,57044.0,3847641.7600000007,67.44923761942326,0.6649367909834789,-0.035542410987220774,Flagged for Review
C227314918,C1022830616,TRANSFER,2334458.08,0.0,0.0,3211000.75,5545458.84,0.0,2334458.09,2334458.08,0.7270186258852086,-0.03550312328421734,Flagged for Review
C1566045213,C605206725,TRANSFER,2388543.88,0.0,0.0,3107880.89,5496424.77,0.0,2388543.8799999994,2388543.88,0.7685439680592236,-0.03550312328421734,Flagged for Review
C466765696,C1854363800,CASH_IN,429027.61,7494754.86,7923782.47,17592514.58,17163486.97,-429027.6099999994,-429027.6099999994,0.05724370720195814,0.024386939323659818,-0.03549679399603134,Flagged for Review
C885221006,C1646899549,CASH_IN,214033.07,20210318.6,20424351.67,16390367.2,16176334.13,-214033.0700000003,-214033.06999999844,0.010590286261480002,0.013058466252149235,-0.03549650500927415,Flagged for Review
C7212931,C1190136960,TRANSFER,2269669.6,0.0,0.0,3810781.23,6080450.83,0.0,2269669.6,2269669.6,0.5955915250502257,-0.03538368478827725,Flagged for Review
C941843980,C277058211,TRANSFER,2285664.14,0.0,0.0,4023508.72,6309172.87,0.0,2285664.15,2285664.14,0.56807720101643,-0.03534764217166542,Flagged for Review
C1972629886,C1831626412,TRANSFER,2261988.49,0.0,0.0,4193613.25,6455601.74,0.0,2261988.49,2261988.49,0.5393887837919285,-0.03534764217166542,Flagged for Review
C1820474375,C1506986844,CASH_IN,549457.3,7990251.79,8539709.1,10613793.36,10064336.05,-549457.3099999996,-549457.3099999987,0.06876594701580149,0.05176822551515876,-0.03525126389217048,Flagged for Review
C2007478205,C464094472,CASH_IN,286066.17,12566977.19,12853043.36,38186996.04,37900929.87,-286066.1699999999,-286066.1700000018,0.022763321911995774,0.007491193133106336,-0.03521953521075749,Flagged for Review
C1210649369,C1194972221,CASH_IN,702287.68,9756269.84,10458557.51,4571445.24,3869157.56,-702287.6699999999,-702287.6800000002,0.07198320869903198,0.15362483624000794,-0.035170663832950755,Flagged for Review
C637037673,C1839457100,TRANSFER,2217706.06,0.0,0.0,5161499.37,7379205.42,0.0,2217706.05,2217706.06,0.42966306326158415,-0.035164500674364385,Flagged for Review
C1433394812,C1141137903,TRANSFER,200008.93,0.0,0.0,21006894.38,25939516.85,0.0,4932622.4700000025,200008.93,0.009521108492329722,-0.035145297265604336,Flagged for Review
C834041390,C2143571473,TRANSFER,5026817.49,106933.0,0.0,255146.0,5021361.63,106933.0,4766215.63,47.008598668337484,19.70165234159132,-0.03514523327097374,Flagged for Review
C1386264227,C680344850,TRANSFER,2277731.15,0.0,0.0,3946621.72,6224352.87,0.0,2277731.15,2277731.15,0.577134251636802,-0.03504642833344673,Flagged for Review
C535548582,C756432213,TRANSFER,1034277.34,0.0,0.0,35222440.22,36256717.57,0.0,1034277.3500000015,1034277.34,0.029364158308615954,-0.03499764990158527,Flagged for Review
C729754279,C1774626299,TRANSFER,3473603.95,3744.6,0.0,7252736.56,10726340.5,3744.6,3473603.9400000004,927.3825154848356,0.47893694225990996,-0.03494045928844025,Flagged for Review
C45001023,C1226766963,TRANSFER,2372332.83,0.0,0.0,3072836.7,5445169.53,0.0,2372332.83,2372332.83,0.7720332349476186,-0.03490069124330686,Flagged for Review
C2045628424,C788424037,TRANSFER,2294269.84,0.0,0.0,3048550.51,5342820.35,0.0,2294269.84,2294269.84,0.7525770296070871,-0.03490069124330686,Flagged for Review
C188282383,C1931240788,TRANSFER,2016778.53,0.0,0.0,4633040.29,6754475.14,0.0,2121434.8499999996,2016778.53,0.4353033793057346,-0.034863369424872004,Flagged for Review
C856506384,C846053347,TRANSFER,2124619.72,0.0,0.0,5550499.49,7675119.22,0.0,2124619.7299999995,2124619.72,0.382779845498221,-0.034863369424872004,Flagged for Review
C1062217547,C1185758936,TRANSFER,2165467.79,0.0,0.0,5579466.09,7744933.88,0.0,2165467.79,2165467.79,0.38811373112696324,-0.034863369424872004,Flagged for Review
C524195206,C682954619,TRANSFER,2182786.92,0.0,0.0,5268023.69,7450810.61,0.0,2182786.92,2182786.92,0.41434637239712707,-0.034863369424872004,Flagged for Review
C871942599,C1090325927,CASH_IN,175362.17,27619025.67,27794387.85,13248000.56,13072638.39,-175362.1799999997,-175362.16999999993,0.006349324764238696,0.013236877215464338,-0.03485226870831848,Flagged for Review
C1000104995,C1409969112,TRANSFER,2084473.48,101733.0,0.0,0.0,2084473.48,101733.0,2084473.48,20.489447775571588,2084473.48,-0.0348171421189718,Flagged for Review
C2115205172,C181299698,CASH_IN,372504.04,11728808.93,12101312.97,18510799.62,18138295.58,-372504.04000000097,-372504.04000000283,0.03175974734207326,0.020123605004827714,-0.03469223592241111,Flagged for Review
C1865392475,C1932205305,TRANSFER,4324069.91,84526.76,0.0,4897098.91,9221168.82,84526.76,4324069.91,51.15561929004153,0.8829858466171256,-0.03463683496416259,Flagged for Review
C427404314,C1462250062,TRANSFER,1854761.44,0.0,0.0,8237175.27,10091936.71,0.0,1854761.4400000013,1854761.44,0.22516957015416644,-0.0346342569655359,Flagged for Review
C686846151,C2081527003,TRANSFER,1993702.72,0.0,0.0,6893545.29,8887248.01,0.0,1993702.7199999997,1993702.72,0.2892129299098389,-0.03460394945454437,Flagged for Review
C963452916,C1679939068,TRANSFER,1398890.21,0.0,0.0,0.0,1809550.62,0.0,1809550.62,1398890.21,1398890.21,-0.034565855777615395,Flagged for Review
C808573506,C1809457826,TRANSFER,2075889.67,0.0,0.0,5770593.59,7846483.25,0.0,2075889.6600000001,2075889.67,0.3597358361645017,-0.03456237397227291,Flagged for Review
C1995773410,C688146815,CASH_IN,555001.29,15765852.78,16320854.07,2742969.31,2187968.02,-555001.290000001,-555001.29,0.03520274244228085,0.20233587216625762,-0.03447242342576706,Flagged for Review
C1200932771,C1697258007,TRANSFER,731863.08,0.0,0.0,4573085.14,10140549.54,0.0,5567464.399999999,731863.08,0.1600370204266478,-0.034430469987488665,Flagged for Review
C517021171,C277348436,TRANSFER,2368036.79,0.0,0.0,2422606.4,4790643.18,0.0,2368036.78,2368036.79,0.9774744310613434,-0.03435558711916875,Flagged for Review
C1985439809,C827945218,TRANSFER,2397250.84,0.0,0.0,2416349.01,4813599.85,0.0,2397250.84,2397250.84,0.9920958594901572,-0.03435558711916875,Flagged for Review
C1200898164,C1306362981,CASH_IN,579099.77,13471779.2,14050878.97,4810664.86,4231565.09,-579099.7700000014,-579099.7700000005,0.04298613556655267,0.12037829831731443,-0.034355335089299666,Flagged for Review
C616263127,C53756558,TRANSFER,1943117.05,0.0,0.0,6579759.11,8522876.16,0.0,1943117.0499999998,1943117.05,0.29531730906827847,-0.03430307098889385,Flagged for Review
C338241629,C241328157,CASH_IN,495501.46,12847336.62,13342838.08,7762771.95,7267270.5,-495501.4600000009,-495501.4500000002,0.038568415858288935,0.06383047181613112,-0.034293187310943996,Flagged for Review
C1214107347,C1242586395,CASH_IN,302853.08,20635599.6,20938452.68,10471194.58,10168341.5,-302853.0799999982,-302853.0800000001,0.014676242570812308,0.028922492917470653,-0.03419868174301732,Flagged for Review
C149433179,C30770683,TRANSFER,2692982.32,982351.38,0.0,6329458.14,9022440.46,982351.38,2692982.320000001,2.7413608139270758,0.4254679997823637,-0.03419617303366407,Flagged for Review
C228582263,C601673478,TRANSFER,3897165.42,398050.0,0.0,50975.52,3948140.94,398050.0,3897165.42,9.79061833785118,76.45020531020948,-0.03416490440001474,Flagged for Review
C700433726,C831140767,TRANSFER,2003535.97,0.0,0.0,5953087.76,7956623.74,0.0,2003535.9800000004,2003535.97,0.33655402275574337,-0.034158086033223456,Flagged for Review
C821409572,C1752809160,TRANSFER,2009615.79,202831.0,0.0,0.0,2009615.79,202831.0,2009615.79,9.907784718387632,2009615.79,-0.034138920246510884,Flagged for Review
C1484352264,C1531835134,TRANSFER,1215165.37,0.0,0.0,25703568.97,26918734.34,0.0,1215165.370000001,1215165.37,0.04727613212554848,-0.03412385550768249,Flagged for Review
C1499172076,C1990348608,TRANSFER,2373759.64,134.0,0.0,154562.88,3828615.33,134.0,3674052.45,17583.40474074074,15.357790190049577,-0.03411998851836595,Flagged for Review
C1911016669,C1543005080,CASH_IN,517617.12,18648397.04,19166014.16,744758.38,227141.26,-517617.12000000104,-517617.12,0.027756653353801966,0.6950125555988298,-0.03401723690528391,Flagged for Review
C1352024791,C2144772289,TRANSFER,1417204.94,129494.86,0.0,26359576.14,27776781.08,129494.86,1417204.9399999976,10.94401736086389,0.05376432757145511,-0.034014978288337216,Flagged for Review
C1648163977,C751690694,TRANSFER,2267246.37,0.0,0.0,2971037.56,5238283.93,0.0,2267246.3699999996,2267246.37,0.763115767167963,-0.03399806156255414,Flagged for Review
C2100331260,C1633594492,TRANSFER,2272852.18,0.0,0.0,2863431.45,5136283.63,0.0,2272852.1799999997,2272852.18,0.7937509334295628,-0.03399806156255414,Flagged for Review
C2068017631,C1848724112,TRANSFER,2279906.44,0.0,0.0,2782239.83,5062146.27,0.0,2279906.4399999995,2279906.44,0.8194497095350297,-0.03399806156255414,Flagged for Review
C583471407,C581840711,TRANSFER,3610236.47,626167.0,0.0,307532.79,3917769.26,626167.0,3610236.4699999997,5.765603592007257,11.739316417880456,-0.03395241734492527,Flagged for Review
C1907677809,C1141200366,CASH_IN,341282.51,11903542.66,12244825.18,28280955.52,27939673.0,-341282.51999999955,-341282.51999999955,0.0286706647825241,0.01206757309494283,-0.0338900845896406,Flagged for Review
C2130376625,C944011711,TRANSFER,1650791.79,0.0,0.0,13532738.89,15183530.68,0.0,1650791.789999999,1650791.79,0.12198503802026449,-0.03385713650231292,Flagged for Review
C536316685,C133793151,TRANSFER,2185530.28,566.0,0.0,0.0,2185530.28,566.0,2185530.28,3854.5507583774247,2185530.28,-0.03376659672947124,Flagged for Review
C17535042,C1637157819,CASH_IN,562560.72,8852297.32,9414858.04,9401394.61,8838833.89,-562560.7199999988,-562560.7199999988,0.0635496793786317,0.059838001009299084,-0.03376506882130059,Flagged for Review
C220888867,C206918977,TRANSFER,1305352.39,0.0,0.0,20000000.0,21305352.39,0.0,1305352.3900000006,1305352.39,0.06526761623661918,-0.03372369696262856,Flagged for Review
C1136039849,C1726348383,CASH_IN,593227.34,3498901.16,4092128.5,11965729.92,11372502.58,-593227.3399999999,-593227.3399999999,0.1695467071877197,0.04957719206341638,-0.033705785531314536,Flagged for Review
C379931418,C286834421,TRANSFER,2255175.63,0.0,0.0,3090354.15,5345529.78,0.0,2255175.6300000004,2255175.63,0.7297464273645053,-0.03369745632558219,Flagged for Review
C599016010,C1659697796,TRANSFER,2287087.39,0.0,0.0,3358169.78,5645257.17,0.0,2287087.39,2287087.39,0.6810515425901003,-0.03369745632558219,Flagged for Review
C736038678,C1848063884,TRANSFER,2290675.55,0.0,0.0,3171244.68,5461920.23,0.0,2290675.5500000003,2290675.55,0.7223267388100942,-0.03369745632558219,Flagged for Review
C1969879761,C287588933,TRANSFER,2285328.68,0.0,0.0,3126685.09,5412013.77,0.0,2285328.6799999997,2285328.68,0.7309108155465649,-0.03369745632558219,Flagged for Review
C1152938208,C681078805,CASH_IN,692491.57,10326140.69,11018632.25,3444943.1,2793222.28,-692491.5600000005,-651720.8200000003,0.06706198605337944,0.20101677992394706,-0.03369312017456072,Flagged for Review
C952070431,C1467998045,TRANSFER,2180174.05,0.0,0.0,4765494.13,6945668.18,0.0,2180174.05,2180174.05,0.4574916122094536,-0.03366020178358897,Flagged for Review
C794652595,C233882901,TRANSFER,2120895.53,0.0,0.0,5434358.26,7555253.78,0.0,2120895.5200000005,2120895.53,0.3902751784577452,-0.03366020178358897,Flagged for Review
C238076418,C499557850,CASH_IN,532732.65,18083975.13,18616707.77,1028248.77,495516.12,-532732.6400000006,-532732.65,0.02945882289217554,0.5180965418548064,-0.03362134948894624,Flagged for Review
C1029212341,C1326645274,TRANSFER,1732047.65,401398.52,0.0,11178043.21,12910090.87,401398.52,1732047.6599999983,4.315021726981636,0.15495086774218436,-0.03357694086550944,Flagged for Review
C893206228,C121628080,TRANSFER,2242791.95,0.0,0.0,3859027.35,6101819.3,0.0,2242791.9499999997,2242791.95,0.5811804803144295,-0.03351602552226696,Flagged for Review
C1224535312,C576901850,TRANSFER,3152969.62,21629.0,0.0,12434.39,3781973.36,21629.0,3769538.9699999997,145.76835968562182,253.54810906614108,-0.03350382841201616,Flagged for Review
C1431434324,C1720463306,TRANSFER,1048744.64,0.0,0.0,14842311.56,16486289.07,0.0,1643977.5099999998,1048744.64,0.07065911297585556,-0.03349311476976058,Flagged for Review
C964734862,C371136175,TRANSFER,2188465.72,303.0,0.0,0.0,2188465.72,303.0,2188465.72,7198.900394736843,2188465.72,-0.033466095872915824,Flagged for Review
C1994862012,C18106377,TRANSFER,3561868.12,240926.89,0.0,4116791.19,7678659.31,240926.89,3561868.1199999996,14.783959300021262,0.8652047408786014,-0.033440848487944486,Flagged for Review
C1811557249,C278128521,TRANSFER,2099949.55,51253.0,0.0,0.0,2099949.55,51253.0,2099949.55,40.97142759589495,2099949.55,-0.03340174629850268,Flagged for Review
C2061724855,C864176555,TRANSFER,2201749.39,0.0,0.0,4672334.35,6874083.74,0.0,2201749.3900000006,2201749.39,0.4712310279697711,-0.03335974890645477,Flagged for Review
C1944820106,C1788388430,TRANSFER,2130156.93,0.0,0.0,4766901.62,6897058.55,0.0,2130156.9299999997,2130156.93,0.4468639491527939,-0.03335974890645477,Flagged for Review
C1713285367,C351716642,TRANSFER,2201656.75,0.0,0.0,5065104.4,7266761.15,0.0,2201656.75,2201656.75,0.4346714581694588,-0.03335974890645477,Flagged for Review
C448037096,C18504266,CASH_IN,245594.17,22863390.05,23108984.22,12920923.44,12675329.27,-245594.16999999806,-245594.16999999993,0.010741808573492426,0.019007476681753586,-0.03325132266366948,Flagged for Review
C1258106685,C447752600,TRANSFER,1297449.65,0.0,0.0,20442150.1,21739599.74,0.0,1297449.6399999969,1297449.65,0.06346933077899027,-0.033210964761827166,Flagged for Review
C1793932564,C111150518,TRANSFER,1872648.25,0.0,0.0,7813181.04,9685829.29,0.0,1872648.249999999,1872648.25,0.23967805183763516,-0.033144458311456515,Flagged for Review
C763183713,C509638957,TRANSFER,2123219.79,0.0,0.0,4182403.09,6204920.16,0.0,2022517.0700000003,2123219.79,0.5076553447039117,-0.033135716196750375,Flagged for Review
C2116213087,C1265705931,TRANSFER,2064774.8,0.0,0.0,5439861.02,7504635.83,0.0,2064774.8100000005,2064774.8,0.37956381842199743,-0.03305943152029789,Flagged for Review
C1094197947,C1851654159,TRANSFER,6218949.4,20863.0,0.0,164272.46,6383221.86,20863.0,6218949.4,298.0708109662577,37.85729843396493,-0.03276574537240451,Flagged for Review
C1157744478,C140656682,TRANSFER,2178147.25,0.0,0.0,4580231.15,6758378.39,0.0,2178147.2399999993,2178147.25,0.4755538974154399,-0.03275924956401777,Flagged for Review
C644848192,C1568734573,CASH_IN,305075.86,31959146.58,32264222.45,7932531.63,7627455.77,-305075.87000000104,-305075.86000000034,0.009545807166362478,0.038458821946251484,-0.03275574268481152,Flagged for Review
C985843350,C605249735,CASH_IN,174737.92,27134270.68,27309008.61,12859795.84,12685057.91,-174737.9299999997,-174737.9299999997,0.006439749776987565,0.013587922280115898,-0.03274818384162337,Flagged for Review
C883452302,C1859906673,TRANSFER,2035153.81,100015.0,0.0,0.0,2035153.81,100015.0,2035153.81,20.34828237482003,2035153.81,-0.03271316798616064,Flagged for Review
C808517738,C696920398,TRANSFER,3241217.88,28004.93,0.0,6364628.29,9605846.18,28004.93,3241217.8899999997,115.73327077515368,0.509254778607852,-0.03261618803745714,Flagged for Review
C1818940655,C1432370060,TRANSFER,3807991.87,33866.61,0.0,5340091.44,9148083.31,33866.61,3807991.87,112.43757294949363,0.7130947474759444,-0.032580007950796186,Flagged for Review
C1298586743,C1860513229,TRANSFER,1840639.44,0.0,0.0,8014154.88,9854794.32,0.0,1840639.4400000004,1840639.44,0.2296735261405971,-0.03254415309833669,Flagged for Review
C1132937906,C2025861941,TRANSFER,2163846.87,11164.0,0.0,0.0,2163846.87,11164.0,2163846.87,193.8062579489476,2163846.87,-0.03251058024157294,Flagged for Review
C1620747873,C805814824,TRANSFER,1420545.14,0.0,0.0,16291619.83,17712164.97,0.0,1420545.1399999987,1420545.14,0.08719483192145959,-0.03248053193309819,Flagged for Review
C1208809841,C1388298612,TRANSFER,2170048.81,19771.0,0.0,2617413.58,5728526.92,19771.0,3111113.34,109.75363190370221,0.8290810430191766,-0.032471141791528435,Flagged for Review
C596146630,C16610884,TRANSFER,3528980.07,8263.0,0.0,6073896.71,9602876.77,8263.0,3528980.0599999996,427.03050217812194,0.5810074911518389,-0.03246470976635962,Flagged for Review
C1056884826,C1810152858,TRANSFER,2108003.42,0.0,0.0,4816086.38,6924089.79,0.0,2108003.41,2108003.42,0.4377004098293582,-0.03245920297654159,Flagged for Review
C1722799294,C1819102540,CASH_IN,345772.69,3380530.91,3726303.59,52212086.24,51866313.55,-345772.6799999997,-345772.69000000507,0.10228351608726569,0.006622464419217882,-0.03241267415366378,Flagged for Review
C50902511,C85596850,TRANSFER,1663527.1,0.0,0.0,5956128.4,8037801.25,0.0,2081672.8499999996,1663527.1,0.27929666873926545,-0.03239849466853206,Flagged for Review
C547210130,C64922015,TRANSFER,4993540.65,102243.0,0.0,2122624.06,7116164.71,102243.0,4993540.65,48.83944925863621,2.352530714962915,-0.03237559612729146,Flagged for Review
C46670629,C911269101,TRANSFER,2379101.84,369932.37,0.0,6517198.78,8896300.61,369932.37,2379101.829999999,6.43116310377731,0.36504970237386214,-0.032362127957562214,Flagged for Review
C33869058,C1574604499,TRANSFER,1962642.5,198246.0,0.0,0.0,1962642.5,198246.0,1962642.5,9.899985876204937,1962642.5,-0.03233694030088541,Flagged for Review
C1624295608,C364525416,TRANSFER,1286277.43,0.0,0.0,22809775.14,24096052.56,0.0,1286277.419999998,1286277.43,0.05639149731699208,-0.03231062002639007,Flagged for Review
C625464959,C1219386310,TRANSFER,1906675.0,0.0,0.0,6398414.17,8305089.17,0.0,1906675.0,1906675.0,0.29799176035649466,-0.032288690713495605,Flagged for Review
C890363131,C1953379934,CASH_IN,523639.98,16934450.08,17458090.05,2247816.18,1724176.2,-523639.97000000253,-523639.9800000002,0.03092157977405194,0.232954879364344,-0.032287400794166476,Flagged for Review
C1258911018,C1864396553,TRANSFER,2128174.74,560.0,0.0,0.0,2128174.74,560.0,2128174.74,3793.5378609625673,2128174.74,-0.03226544696186795,Flagged for Review
C2061579009,C569936305,CASH_IN,66791.98,18455312.99,18522104.97,21732032.53,21665240.55,-66791.98000000045,-66791.98000000045,0.003619119134802648,0.0030734344260879664,-0.0322545122223431,Flagged for Review
C996940599,C1053010037,TRANSFER,1888332.83,964862.0,0.0,0.0,1888332.83,964862.0,1888332.83,1.957099432769212,1888332.83,-0.03222290426445529,Flagged for Review
C1388374224,C208490535,TRANSFER,2156323.9,14936.0,0.0,0.0,2156323.9,14936.0,2156323.9,144.3612438910089,2156323.9,-0.032210645792978054,Flagged for Review
C1177800973,C189599756,TRANSFER,2162968.48,0.0,0.0,4539920.08,6702888.56,0.0,2162968.4799999995,2162968.48,0.47643305729006197,-0.032159291696823966,Flagged for Review
C763878556,C1697350622,TRANSFER,2242380.31,0.0,0.0,2977445.13,5219825.44,0.0,2242380.3100000005,2242380.31,0.7531220422113901,-0.032134276464592104,Flagged for Review
C102028118,C1874399453,TRANSFER,2241090.15,0.0,0.0,2801385.87,5042476.02,0.0,2241090.1499999994,2241090.15,0.7999930941348347,-0.032134276464592104,Flagged for Review
C1572287428,C1210129556,CASH_IN,230994.72,25839389.85,26070384.57,12352655.65,12121660.94,-230994.7199999988,-230994.7100000009,0.00893963489081245,0.018700003290385313,-0.03212959475932331,Flagged for Review
C1786436431,C356056007,TRANSFER,5294541.62,107857.0,0.0,1954874.02,7249415.64,107857.0,5294541.619999999,49.08807524708413,2.7083785745034485,-0.03207572255057012,Flagged for Review
C1865756135,C1203061581,CASH_IN,435673.96,2314837.39,2750511.35,25158993.47,24723319.51,-435673.95999999996,-435673.95999999717,0.18820923390682145,0.017316827209430206,-0.03207094224608331,Flagged for Review
C1319893836,C869626717,TRANSFER,2033788.08,0.0,0.0,2586593.12,4794745.05,0.0,2208151.9299999997,2033788.08,0.786280330676697,-0.03201281963500935,Flagged for Review
C2019918175,C1298831527,TRANSFER,2220271.86,0.0,0.0,3751667.91,5971939.77,0.0,2220271.8599999994,2220271.86,0.5918091156929943,-0.03197861503374544,Flagged for Review
C193808053,C29418020,TRANSFER,2147300.25,243.0,0.0,0.0,2147300.25,243.0,2147300.25,8800.410860655738,2147300.25,-0.031965623057555126,Flagged for Review
C254563797,C1382078107,TRANSFER,2143099.54,11001.0,0.0,0.0,2143099.54,11001.0,2143099.54,194.79181421559716,2143099.54,-0.03191084660157195,Flagged for Review
C128774642,C1911296083,TRANSFER,2137724.76,16651.0,0.0,0.0,2137724.76,16651.0,2137724.76,128.3764568820562,2137724.76,-0.03191084660157195,Flagged for Review
C25077343,C1884542690,TRANSFER,1961327.48,0.0,0.0,6103384.38,8064711.86,0.0,1961327.4800000004,1961327.48,0.32135075173640765,-0.03190092271181677,Flagged for Review
C1710924957,C185252991,CASH_IN,553648.2,15918317.02,16471965.22,1228290.33,674642.14,-553648.2000000011,-553648.1900000001,0.034780571622227203,0.4507466481913537,-0.0318678984939067,Flagged for Review
C1269772196,C648358342,TRANSFER,2242270.73,0.0,0.0,3321966.6,5564237.33,0.0,2242270.73,2242270.73,0.6749827210837336,-0.031834511712380054,Flagged for Review
C848913433,C2047066348,TRANSFER,1983070.31,100344.0,0.0,0.0,1983070.31,100344.0,1983070.31,19.76252239772784,1983070.31,-0.03181349640014952,Flagged for Review
C992753662,C1783643240,CASH_IN,5000.0,21555747.43,21560747.43,15513716.61,15508716.61,-5000.0,-5000.0,0.00023195668738837662,0.00032229541143491267,-0.03173748568249457,Flagged for Review
C1216696192,C666886780,TRANSFER,2455136.95,606816.0,0.0,5661336.76,8116473.71,606816.0,2455136.95,4.045926448995331,0.43366728043443925,-0.03171597140385496,Flagged for Review
C865901380,C1872343489,CASH_IN,494858.78,20721573.8,21216432.59,951645.14,456786.36,-494858.7899999991,-494858.78,0.023881330679558197,0.5200029288197396,-0.031631799071969224,Flagged for Review
C607323762,C1323759077,CASH_IN,164732.1,22354311.0,22519043.1,15497236.64,15332504.54,-164732.1000000015,-164732.1000000015,0.007369142025037497,0.010629771822999547,-0.031630437089708585,Flagged for Review
C1150895850,C2063532362,TRANSFER,2094647.18,0.0,0.0,4939244.87,7033892.05,0.0,2094647.1799999997,2094647.18,0.4240823872977192,-0.03155987481662059,Flagged for Review
C1860465261,C1426855526,TRANSFER,2103283.13,0.0,0.0,5191693.44,7294976.57,0.0,2103283.13,2103283.13,0.40512459935912554,-0.03155987481662059,Flagged for Review
C779961641,C1808023847,TRANSFER,2141305.13,0.0,0.0,4610397.71,6751702.84,0.0,2141305.13,2141305.13,0.4644511819239165,-0.03155987481662059,Flagged for Review
C552164967,C1597673582,TRANSFER,1356982.12,0.0,0.0,18168052.39,19525034.51,0.0,1356982.120000001,1356982.12,0.07469056210209651,-0.03147004978630363,Flagged for Review
C1787965635,C1453128758,CASH_IN,639859.27,11266633.45,11906492.72,3833705.26,3193845.99,-639859.2700000014,-639859.2699999996,0.05679240529544296,0.16690357231490136,-0.03134906535828719,Flagged for Review
C2028289090,C1199657477,TRANSFER,2208974.0,0.0,0.0,3963613.33,6172587.32,0.0,2208973.99,2208974.0,0.5573130522010198,-0.03133644759707599,Flagged for Review
C407154281,C1208123300,TRANSFER,2058121.14,71352.0,0.0,0.0,2058121.14,71352.0,2058121.14,28.844213137499473,2058121.14,-0.03121439132643633,Flagged for Review
C2095432149,C1240024476,CASH_IN,353858.65,15489787.03,15843645.67,12597430.94,12243572.29,-353858.6400000006,-353858.6500000004,0.022844641212304572,0.02808974493256917,-0.03119042998546606,Flagged for Review
C1293352289,C1072546567,CASH_IN,680861.74,8135816.72,8816678.46,5291205.47,4610343.73,-680861.7400000012,-680861.7399999993,0.08368694622130743,0.12867797615918777,-0.03118479500877891,Flagged for Review
C276844182,C722811102,TRANSFER,2296044.02,0.0,0.0,2336193.83,4476631.71,0.0,2140437.88,2296044.02,0.9828135866562122,-0.031111356212141894,Flagged for Review
C711262281,C1105228132,TRANSFER,2231403.99,0.0,0.0,3939275.11,6170679.1,0.0,2231403.9899999998,2231403.99,0.5664502633708507,-0.031072852645252724,Flagged for Review
C900412991,C763957413,TRANSFER,2167009.04,0.0,0.0,2290664.55,4677080.46,0.0,2386415.91,2167009.04,0.9460172132068779,-0.031043307431945832,Flagged for Review
C1047349353,C338760636,TRANSFER,3126521.94,3027.0,0.0,6985375.14,10111897.08,3027.0,3126521.9400000004,1032.536968295905,0.44758104321637865,-0.03103763758634981,Flagged for Review
C712732521,C667346055,CASH_IN,298109.36,9332557.22,9630666.58,493746.17,9291619.62,-298109.3599999994,8797873.45,0.03194294136425971,0.6037692529964273,-0.030974973894840052,Flagged for Review
C1860098076,C1240760303,CASH_IN,411210.84,7949753.35,8360964.19,17455102.26,17043891.41,-411210.8400000008,-411210.8500000015,0.051726232270309085,0.023558201511321222,-0.030956009796794248,Flagged for Review
C1170801472,C1642766377,CASH_IN,377943.05,18901399.25,19279342.3,6806391.58,6428448.53,-377943.05000000075,-377943.0499999998,0.019995505359450817,0.05552765955795044,-0.030932925883419227,Flagged for Review
C717067458,C2121570528,TRANSFER,1998326.92,59866.0,0.0,0.0,1998326.92,59866.0,1998326.92,33.37943975813052,1998326.92,-0.030915041401792354,Flagged for Review
C1096620123,C1972433366,TRANSFER,2931235.51,330618.52,0.0,3699733.59,6630969.09,330618.52,2931235.5,8.86588762212225,0.7922826458748761,-0.03087650633097727,Flagged for Review
C1609848162,C1207581983,TRANSFER,1957532.22,165569.0,0.0,0.0,1957532.22,165569.0,1957532.22,11.822988584888567,1957532.22,-0.0308390111867497,Flagged for Review
C690720410,C1218422651,CASH_IN,716907.9,5809360.58,6526268.48,4061899.75,3344991.85,-716907.9000000004,-716907.8999999999,0.1234056255799454,0.1764956713922663,-0.030803935914920588,Flagged for Review
C886340220,C396149942,TRANSFER,2284922.49,0.0,0.0,2378103.15,4663025.63,0.0,2284922.48,2284922.49,0.9608168296581966,-0.030786328786213235,Flagged for Review
C626984812,C235181603,TRANSFER,2155898.22,0.0,0.0,3731850.0,5887748.22,0.0,2155898.2199999997,2155898.22,0.5777021161884546,-0.03078064746090725,Flagged for Review
C934184113,C1344555666,TRANSFER,2185899.87,0.0,0.0,3863860.02,6049759.88,0.0,2185899.86,2185899.87,0.5657294241913494,-0.030773566548302544,Flagged for Review
C2078793796,C2053906986,TRANSFER,2178414.83,0.0,0.0,3912047.02,6090461.86,0.0,2178414.8400000003,2178414.83,0.5568476713125827,-0.030773566548302544,Flagged for Review
C1186930189,C2069118895,TRANSFER,1388951.5,1388951.5,0.0,0.0,0.0,1388951.5,0.0,0.9999992800329744,1388951.5,-0.030752510891226104,Flagged for Review
C1426773355,C285961012,TRANSFER,1411271.23,1411271.23,0.0,0.0,0.0,1411271.23,0.0,0.9999992914194875,1411271.23,-0.030752510891226104,Flagged for Review
C1884423978,C1796009777,TRANSFER,1835106.31,0.0,0.0,7368101.29,9203207.6,0.0,1835106.3099999996,1835106.31,0.24906091660679158,-0.030746483308208727,Flagged for Review
C1621542003,C1165993177,TRANSFER,5363354.02,80641.0,0.0,1390124.07,6753478.09,80641.0,5363354.02,66.50819696932119,3.8581809189298335,-0.030687376313230708,Flagged for Review
C564001619,C2040603986,TRANSFER,1033031.69,384062.96,0.0,1472028.04,8185442.6,384062.96,6713414.56,2.689738683108928,0.701773988100126,-0.030588116840890023,Flagged for Review
C515186142,C1286952867,TRANSFER,1814666.73,30945.0,0.0,0.0,2111562.05,30945.0,2111562.05,58.63978317068442,1814666.73,-0.030544608940217932,Flagged for Review
C1486022294,C1976373593,CASH_IN,353010.55,17454966.97,17807977.52,8841908.07,8488897.52,-353010.55000000075,-353010.55000000075,0.02022407320407131,0.03992469807201941,-0.030542962997621048,Flagged for Review
C2001620525,C734658814,CASH_IN,705034.21,10483669.01,11188703.21,2115194.25,1410160.05,-705034.2000000011,-705034.2,0.06725070603400268,0.3333187373600617,-0.03051462913593883,Flagged for Review
C1532709834,C1178949826,CASH_IN,83183.95,23357124.13,23440308.07,14957683.92,14874499.97,-83183.94000000134,-83183.94999999925,0.0035613950576973254,0.0055612850815418835,-0.030440916338774326,Flagged for Review
C244001912,C1443060883,CASH_IN,465305.84,27958483.77,28423789.61,864801.54,399495.7,-465305.83999999985,-465305.84,0.016642741687463776,0.5380486509671908,-0.03042676891132179,Flagged for Review
C877610108,C1878157794,CASH_IN,456246.5,25410038.41,25866284.91,470892.81,14646.31,-456246.5,-456246.5,0.017955363729992735,0.9688946643830378,-0.030420482846257424,Flagged for Review
C156071841,C1143005791,CASH_IN,390407.16,1555181.16,1945588.31,36072606.05,35682198.9,-390407.15000000014,-390407.1499999985,0.25103629017966617,0.010822815203205558,-0.03034439270266831,Flagged for Review
C198047383,C206913784,TRANSFER,1960041.87,104181.0,0.0,0.0,1960041.87,104181.0,1960041.87,18.813632585283447,1960041.87,-0.030316746472411338,Flagged for Review
C503138217,C268913927,CASH_IN,326744.31,12383546.28,12710290.59,25457104.49,25130360.18,-326744.3100000005,-326744.30999999866,0.026385356522820175,0.01283509274565213,-0.030292338116971185,Flagged for Review
C1389246674,C199710349,CASH_IN,542146.61,16475079.54,17017226.15,1461649.62,919503.01,-542146.6099999994,-542146.6100000001,0.03290706887190732,0.3709139534316347,-0.03024700162279892,Flagged for Review
C621142033,C1531329088,CASH_IN,434214.95,9657559.78,10091774.73,13400483.71,12966268.76,-434214.9500000011,-434214.9500000011,0.044961140798536095,0.03240292865495908,-0.030217811298643316,Flagged for Review
C1723927028,C446056713,CASH_IN,721220.98,10071882.75,10793103.73,1170531.75,449310.77,-721220.9800000004,-721220.98,0.0716073574618055,0.6161476302136784,-0.030188415859581652,Flagged for Review
C807597470,C1773956365,TRANSFER,2111259.83,0.0,0.0,3606633.33,5717893.16,0.0,2111259.83,2111259.83,0.585382280770338,-0.03018247371565863,Flagged for Review
C1996627992,C1713794884,TRANSFER,2134843.7,0.0,0.0,3712999.96,5847843.66,0.0,2134843.7,2134843.7,0.5749644891015596,-0.03018247371565863,Flagged for Review
C1997477078,C15855419,TRANSFER,2178144.41,0.0,0.0,3988342.62,6166487.03,0.0,2178144.41,2178144.41,0.5461275701214531,-0.03017539918797163,Flagged for Review
C1674144998,C285214365,TRANSFER,2168993.14,0.0,0.0,4303838.32,6472831.46,0.0,2168993.1399999997,2168993.14,0.5039670347172719,-0.030139637597525026,Flagged for Review
C121953640,C604947563,TRANSFER,2026355.23,51546.0,0.0,0.0,2026355.23,51546.0,2026355.23,39.31082759423439,2026355.23,-0.030105485766499074,Flagged for Review
C1058610791,C735173499,TRANSFER,5466133.51,51564.0,0.0,31198.0,5486017.85,51564.0,5454819.85,106.00472238921749,175.20220231417673,-0.03009834797649935,Flagged for Review
C35481045,C1053891187,CASH_IN,425107.47,13266196.66,13691304.13,8793153.4,8368045.93,-425107.47000000067,-425107.47000000067,0.032044409475503015,0.04834527527459315,-0.03000744649677345,Flagged for Review
C401198963,C1400873500,TRANSFER,2228712.12,0.0,0.0,3232381.39,5461093.5,0.0,2228712.11,2228712.12,0.689495193048617,-0.02999497158911235,Flagged for Review
C783495225,C1414013313,TRANSFER,1802436.89,0.0,0.0,9997147.61,11799584.5,0.0,1802436.8900000006,1802436.89,0.1802950981639954,-0.029930823618146807,Flagged for Review
C134556698,C1772888776,TRANSFER,1656225.54,0.0,0.0,12236407.57,13892633.11,0.0,1656225.539999999,1656225.54,0.13535225883684268,-0.02992750050961268,Flagged for Review
C1981198264,C605132681,TRANSFER,1698905.99,0.0,0.0,11536524.67,13235430.66,0.0,1698905.9900000002,1698905.99,0.14726322626038937,-0.02989553844607573,Flagged for Review
C1150718680,C2071457095,TRANSFER,1699597.17,0.0,0.0,11304537.69,13004134.86,0.0,1699597.17,1699597.17,0.15034644195640326,-0.02989553844607573,Flagged for Review
C225837623,C35611428,TRANSFER,1812174.02,0.0,0.0,8574243.66,10386417.68,0.0,1812174.0199999996,1812174.02,0.21135086434540812,-0.029886494178187117,Flagged for Review
C1214192828,C1881151365,TRANSFER,3851725.98,6303.68,0.0,5512765.87,9364491.85,6303.68,3851725.9799999995,610.9312415538933,0.6986919764303401,-0.029873097291666317,Flagged for Review
C774817797,C684800640,TRANSFER,2070374.17,31255.0,0.0,0.0,2070374.17,31255.0,2070374.17,66.23925550294344,2070374.17,-0.02985096000561127,Flagged for Review
C1509700654,C1689012354,TRANSFER,2204747.67,0.0,0.0,4207711.4,6412459.07,0.0,2204747.67,2204747.67,0.5239777485742608,-0.029840772339343236,Flagged for Review
C1708508059,C401067111,TRANSFER,2171729.0,0.0,0.0,4157640.72,6329369.72,0.0,2171728.9999999995,2171729.0,0.522346355520023,-0.029840772339343236,Flagged for Review
C260154239,C1308497108,TRANSFER,2013581.64,0.0,0.0,4893905.48,6907487.11,0.0,2013581.63,2013581.64,0.41144669360334807,-0.029764865222027703,Flagged for Review
C1266614351,C1484634037,TRANSFER,2064914.86,0.0,0.0,4676799.99,6741714.85,0.0,2064914.8599999994,2064914.86,0.44152292655069764,-0.029764865222027703,Flagged for Review
C1529786513,C867184336,TRANSFER,2011359.24,0.0,0.0,5200251.83,7211611.08,0.0,2011359.25,2011359.24,0.3867810481053091,-0.029764865222027703,Flagged for Review
C2086804845,C513903337,TRANSFER,2058976.44,0.0,0.0,4903504.37,6962480.81,0.0,2058976.4399999995,2058976.44,0.41989888551911586,-0.029764865222027703,Flagged for Review
C1039022699,C2014399638,CASH_IN,411845.04,0.0,411845.04,19825425.62,19413580.58,-411845.04,-411845.04000000283,411845.04,0.020773577683545454,-0.0297120532893711,Flagged for Review
C45393199,C693184064,CASH_IN,479580.92,24405576.6,24885157.52,618655.93,139075.01,-479580.91999999806,-479580.92000000004,0.019650463834955497,0.7751968768861928,-0.029686828690223765,Flagged for Review
C1318987318,C2078250226,CASH_IN,424868.47,20171036.92,20595905.4,7649312.99,7803587.65,-424868.4799999967,154274.66000000015,0.021063292413859083,0.0555433429135519,-0.029627663659629322,Flagged for Review
C535813830,C683891649,TRANSFER,1782721.65,0.0,0.0,4445700.63,6583892.2,0.0,2138191.5700000003,1782721.65,0.40099894198252795,-0.029607618482442977,Flagged for Review
C499203140,C1648859138,TRANSFER,2216366.46,0.0,0.0,2581304.11,4717252.36,0.0,2135948.2500000005,2216366.46,0.8586224276292546,-0.029484813791416542,Flagged for Review
C578555468,C2010405132,CASH_IN,546987.36,4331737.91,4878725.27,11217390.19,10670402.83,-546987.3599999994,-546987.3599999994,0.12627431416451643,0.048762439566841925,-0.02945267903910076,Flagged for Review
C1578759641,C137700649,TRANSFER,5916353.33,2271.0,0.0,1026464.7,6942818.03,2271.0,5916353.33,2604.0287544014086,5.763810062041041,-0.02945043031392891,Flagged for Review
C1978820719,C1979861002,TRANSFER,1966032.25,122904.0,0.0,0.0,1966032.25,122904.0,1966032.25,15.99635694235385,1966032.25,-0.029420315465377045,Flagged for Review
C1190185816,C1013529788,TRANSFER,2209222.86,0.0,0.0,3585762.65,5794985.51,0.0,2209222.86,2209222.86,0.616109447146635,-0.02939750629432114,Flagged for Review
C346414935,C2086736227,CASH_IN,243196.27,19803559.13,20046755.4,12684648.35,12441452.08,-243196.26999999955,-243196.26999999955,0.012280431821528244,0.01917248662455143,-0.029358376650619356,Flagged for Review
C93271886,C269566931,CASH_IN,465544.23,18822084.52,19287628.75,2996592.44,2531048.21,-465544.23000000045,-465544.23,0.024733934478478558,0.1553578219139397,-0.02934266847045408,Flagged for Review
C249958937,C161550987,CASH_OUT,340011.4,0.0,0.0,32193885.96,34058353.47,0.0,1864467.509999998,340011.4,0.010561365281006752,-0.02932234290792024,Flagged for Review
C696167119,C2094308570,TRANSFER,1896840.49,0.0,0.0,6109217.3,8006057.78,0.0,1896840.4800000004,1896840.49,0.3104882485538289,-0.029296424083057437,Flagged for Review
C715029330,C236534502,CASH_OUT,1868438.44,1868438.44,0.0,0.0,1868438.44,1868438.44,1868438.44,0.9999994647939994,1868438.44,-0.02921173468321081,Flagged for Review
C1084884527,C1320083995,TRANSFER,2006507.3,0.0,0.0,5144679.29,7151186.59,0.0,2006507.2999999998,2006507.3,0.3900159362478091,-0.029167607416058283,Flagged for Review
C264979094,C1756965554,TRANSFER,2010241.16,0.0,0.0,5280131.92,7290373.08,0.0,2010241.1600000001,2010241.16,0.38071790813932765,-0.029167607416058283,Flagged for Review
C1028209221,C767866250,TRANSFER,1996001.87,0.0,0.0,4775536.92,6771538.79,0.0,1996001.87,1996001.87,0.41796377778526783,-0.029167607416058283,Flagged for Review
C1070821738,C1773682182,TRANSFER,2076805.22,21943.0,0.0,0.0,2076805.22,21943.0,2076805.22,94.64114199781261,2076805.22,-0.02912111645906057,Flagged for Review
C1092744377,C218720522,TRANSFER,2112022.62,9975.0,0.0,0.0,2112022.62,9975.0,2112022.62,211.71036688051325,2112022.62,-0.02912111645906057,Flagged for Review
C509629617,C681538074,TRANSFER,1564099.75,0.0,0.0,13567968.01,15132067.77,0.0,1564099.7599999998,1564099.75,0.11527884157512533,-0.029064699073286238,Flagged for Review
C529583543,C1201169347,TRANSFER,1913327.0,198251.0,0.0,0.0,1913327.0,198251.0,1913327.0,9.650984605451647,1913327.0,-0.02901391589415292,Flagged for Review
C1426906570,C154319946,CASH_OUT,2000718.2,2000718.2,0.0,10984451.39,12985169.59,2000718.2,2000718.1999999993,0.9999995001797354,0.1821409141725999,-0.0290103585053042,Flagged for Review
C1298493535,C1716634207,CASH_IN,270000.0,7062782.08,7332782.07,94459090.7,94189090.7,-269999.9900000002,-270000.0,0.038228556213848776,0.0028583802272576795,-0.028988506254612134,Flagged for Review
C541950837,C1629006028,TRANSFER,2053322.83,0.0,0.0,3731639.88,5784962.7,0.0,2053322.8200000003,2053322.83,0.5502466330575734,-0.02898774387349845,Flagged for Review
C636569652,C1176180536,TRANSFER,2049485.69,0.0,0.0,3681277.09,5730762.79,0.0,2049485.7000000002,2049485.69,0.5567321022465869,-0.02898774387349845,Flagged for Review
C540100382,C991363637,TRANSFER,994252.4,0.0,0.0,36763127.49,37757379.89,0.0,994252.3999999985,994252.4,0.027044825640191318,-0.02898149627351365,Flagged for Review
C1788320123,C1343134099,CASH_OUT,1812161.42,1812161.42,0.0,0.0,1812161.42,1812161.42,1812161.42,0.9999994481730837,1812161.42,-0.028913287868259974,Flagged for Review
C1664960513,C906215581,TRANSFER,2092110.72,16126.0,0.0,0.0,2092110.72,16126.0,2092110.72,129.72721026849382,2092110.72,-0.028822710508926486,Flagged for Review
C1232472718,C358473292,CASH_IN,595148.5,14940.0,610088.5,15294589.99,14699441.49,-595148.5,-595148.5,39.833244093434175,0.038912351457395855,-0.02881240817808539,Flagged for Review
C821781539,C1103493092,TRANSFER,2192003.1,0.0,0.0,2717788.42,4909791.52,0.0,2192003.0999999996,2192003.1,0.8065389775488935,-0.02880057973894712,Flagged for Review
C372110549,C843613749,TRANSFER,2190997.53,0.0,0.0,2708752.47,4899750.0,0.0,2190997.53,2190997.53,0.8088582273232859,-0.02880057973894712,Flagged for Review
C1294056568,C453595223,CASH_IN,604396.15,5710155.33,6314551.48,7838431.54,7234035.39,-604396.1500000004,-604396.1500000004,0.10584581490783809,0.07710676170468134,-0.028796099534736386,Flagged for Review
C878035021,C483839018,CASH_IN,413114.13,7816255.76,8229369.89,17158479.54,16745365.41,-413114.1299999999,-413114.12999999896,0.05285319337436914,0.024076381882238627,-0.028766645939788504,Flagged for Review
C2128848865,C902117956,CASH_IN,449976.75,7875517.76,8325494.52,15007717.7,14557740.95,-449976.7599999998,-449976.75,0.05713614095943059,0.02998302133688047,-0.028708277314453357,Flagged for Review
C1775236167,C1104806923,TRANSFER,2914309.71,1684.0,0.0,9728796.7,12643106.41,1684.0,2914309.710000001,1729.5606587537093,0.29955497070311166,-0.028687461357100097,Flagged for Review
C771521308,C1139636566,CASH_IN,560039.58,5638785.18,6198824.76,10651460.52,10091420.94,-560039.5800000001,-560039.5800000001,0.09931917297846538,0.052578660585538124,-0.02868270926268124,Flagged for Review
C2055688929,C1402995226,CASH_IN,511308.99,18341573.97,18852882.96,930796.78,419487.79,-511308.9900000021,-511308.99000000005,0.027877049317537424,0.5493233879436197,-0.02868036639268612,Flagged for Review
C1621793930,C1157532177,CASH_IN,472920.37,9258523.58,9731443.95,10942214.98,10469294.62,-472920.3699999992,-472920.36000000127,0.051079452877577175,0.043219798518361906,-0.028646534445640914,Flagged for Review
C1442321355,C1275164668,CASH_IN,543261.63,959091.65,1502353.27,16354884.11,15811622.49,-543261.62,-543261.6199999992,0.5664328988445485,0.0332170862923292,-0.028595616190656648,Flagged for Review
C1407676953,C691542794,CASH_IN,403453.04,8769329.13,9172782.18,15563592.6,15160139.56,-403453.0499999989,-403453.0399999991,0.04600728151626787,0.02592287169461942,-0.02855132582859432,Flagged for Review
C501714420,C573348753,TRANSFER,2170394.2,0.0,0.0,3293941.33,5464335.53,0.0,2170394.2,2170394.2,0.658904735590802,-0.028502318336716348,Flagged for Review
C660433732,C726565588,TRANSFER,2196880.83,0.0,0.0,3282234.58,5479115.41,0.0,2196880.83,2196880.83,0.6693245431213076,-0.028502318336716348,Flagged for Review
C1741632318,C766653476,TRANSFER,2146089.86,0.0,0.0,3384399.96,5530489.81,0.0,2146089.8499999996,2146089.86,0.6341121768267078,-0.028502318336716348,Flagged for Review
C421901111,C2085547260,TRANSFER,2176759.12,0.0,0.0,3225230.81,5401989.93,0.0,2176759.1199999996,2176759.12,0.6749155559147235,-0.028502318336716348,Flagged for Review
C1174741308,C1737305325,TRANSFER,2042777.79,0.0,0.0,3630195.62,5672973.41,0.0,2042777.79,2042777.79,0.5627182226840374,-0.028391186804301638,Flagged for Review
C255815959,C182873567,TRANSFER,2096007.03,0.0,0.0,4052826.44,6148833.47,0.0,2096007.0299999998,2096007.03,0.517171545305171,-0.02838413139684448,Flagged for Review
C2063047719,C1211688360,TRANSFER,2009288.08,30014.0,0.0,0.0,2009288.08,30014.0,2009288.08,66.94279793436615,2009288.08,-0.028358631174801086,Flagged for Review
C1981572985,C105422589,TRANSFER,1546272.4,27225.0,0.0,1205342.38,4937706.92,27225.0,3732364.54,56.79396165430103,1.2828480461725356,-0.028352769753505425,Flagged for Review
C998537156,C574224478,CASH_IN,589218.82,12234755.2,12823974.02,3210881.17,2621662.35,-589218.8200000003,-589218.8199999998,0.048159424705169034,0.18350683357527253,-0.02830535494858233,Flagged for Review
C594617044,C747962467,TRANSFER,6157952.81,2334.0,0.0,444047.84,6602000.65,2334.0,6157952.8100000005,2637.238890792291,13.867737634445795,-0.028205309858788552,Flagged for Review
C1750610312,C720075339,TRANSFER,2131420.1,0.0,0.0,3007915.06,5139335.16,0.0,2131420.1,2131420.1,0.708603583838041,-0.02820419143720454,Flagged for Review
C227175165,C1368612562,TRANSFER,2141890.41,0.0,0.0,2810908.44,4952798.85,0.0,2141890.4099999997,2141890.41,0.7619919658457586,-0.02820419143720454,Flagged for Review
C2020823492,C788949534,CASH_IN,465383.66,18778611.97,19243995.63,3427712.8,2962329.14,-465383.66000000015,-465383.6599999997,0.024782642932333676,0.1357708627832347,-0.02819366567181092,Flagged for Review
C1820665867,C948218875,TRANSFER,2012437.98,739568.77,0.0,9236367.11,11248805.09,739568.77,2012437.9800000004,2.7210928050777414,0.2178819592325668,-0.02817395334566275,Flagged for Review
C927254029,C1173429669,TRANSFER,2702250.54,90710.62,0.0,9091462.06,11793712.6,90710.62,2702250.539999999,29.789464017950515,0.2972294472480648,-0.02814953970873202,Flagged for Review
C403085587,C72513255,CASH_IN,534460.87,13723005.51,14257466.38,5091966.61,4557505.74,-534460.870000001,-534460.8700000001,0.03894633946362531,0.10496156121464409,-0.028144254422037718,Flagged for Review
C1011699962,C586176303,TRANSFER,1379797.63,0.0,0.0,16802508.39,18182306.03,0.0,1379797.6400000006,1379797.63,0.0821185453894872,-0.028139684223368766,Flagged for Review
C1901703033,C590343479,CASH_IN,594831.25,8161279.31,8756110.56,7510642.13,6915810.88,-594831.2500000009,-594831.25,0.07288455087998319,0.07919844408850245,-0.028122301708751518,Flagged for Review
C168265315,C563653016,CASH_IN,555357.46,15448079.11,16003436.57,2244826.68,1689469.22,-555357.4600000009,-555357.4600000002,0.03594993397532297,0.24739424987845834,-0.02805886161629323,Flagged for Review
C772222281,C1919884718,TRANSFER,2075578.8,0.0,0.0,4388764.8,6464343.61,0.0,2075578.8100000005,2075578.8,0.47292995219749484,-0.02805040893965205,Flagged for Review
C17453257,C2068578026,TRANSFER,1965383.61,39642.0,0.0,0.0,1965383.61,39642.0,1965383.61,49.57706556012411,1965383.61,-0.028016364769658963,Flagged for Review
C1799151493,C759905805,TRANSFER,2262874.11,0.0,0.0,2272971.69,4535845.79,0.0,2262874.1,2262874.11,0.995557104559844,-0.027998422024155256,Flagged for Review
C1609229565,C1721510418,CASH_IN,667203.59,8235045.94,8902249.53,5200100.95,4532897.36,-667203.5899999989,-667203.5899999999,0.08102001055503394,0.12830586715708525,-0.027943703415018062,Flagged for Review
C2100282876,C1638895667,TRANSFER,2140459.57,0.0,0.0,3338084.94,5478544.51,0.0,2140459.57,2140459.57,0.6412236258962224,-0.02790619897975677,Flagged for Review
C14445191,C933759716,TRANSFER,2138065.33,0.0,0.0,3070487.22,5208552.55,0.0,2138065.3299999996,2138065.33,0.6963274817579336,-0.02790619897975677,Flagged for Review
C767062777,C1740931648,TRANSFER,2139261.08,0.0,0.0,3309428.99,5448690.07,0.0,2139261.08,2139261.08,0.6464137590050666,-0.02790619897975677,Flagged for Review
C780796407,C662091786,CASH_IN,453185.1,25810019.5,26263204.6,1565125.6,1111940.5,-453185.1000000015,-453185.1000000001,0.017558494383993224,0.28955172060841594,-0.027861373763897634,Flagged for Review
C1760120298,C1420124119,CASH_IN,420170.49,29071675.48,29491845.97,2567914.54,2147744.04,-420170.48999999836,-420170.5,0.014452915719843619,0.1636231735254034,-0.02782600177429473,Flagged for Review
C986132836,C886507225,TRANSFER,2035998.89,0.0,0.0,3639970.02,5675968.9,0.0,2035998.8800000004,2035998.89,0.5593448076408036,-0.027795167655567443,Flagged for Review
C763025218,C371636622,TRANSFER,3518434.82,34861.88,0.0,5317132.59,8835567.4,34861.88,3518434.8100000005,100.92209306861625,0.6617164606541323,-0.027787647980339947,Flagged for Review
C693010417,C1686105100,CASH_IN,656003.46,11692206.04,12348209.49,2673281.42,2017277.97,-656003.4500000011,-656003.45,0.056106042063381045,0.24539250140282595,-0.027766384823347035,Flagged for Review
C1699352638,C1181708889,CASH_IN,254609.75,5524464.73,5779074.48,13097746.93,16637993.21,-254609.75,3540246.280000001,0.0460876693681653,0.019439200644320233,-0.02772477140598273,Flagged for Review
C390750825,C2085037952,TRANSFER,1672741.22,88593.0,0.0,0.0,2013353.51,88593.0,2013353.51,18.88097636408786,1672741.22,-0.02771441169030997,Flagged for Review
C1769394667,C1174496884,CASH_IN,428424.63,12490371.59,12918796.22,6863365.33,5962915.61,-428424.6300000008,-900449.7199999997,0.034300388312115196,0.06242193836096754,-0.027710872861630653,Flagged for Review
C382296659,C1926656862,TRANSFER,2060922.28,13965.0,0.0,0.0,2060922.28,13965.0,2060922.28,147.56711155663754,2060922.28,-0.027630431780720888,Flagged for Review
C1584908385,C1090594488,TRANSFER,1949797.8,0.0,0.0,5456713.15,7387001.74,0.0,1930288.5899999999,1949797.8,0.35732086130991486,-0.027609928463495415,Flagged for Review
C2018180272,C1574807586,TRANSFER,2086199.49,0.0,0.0,2772165.88,4858365.38,0.0,2086199.5,2086199.49,0.7525519134692209,-0.027608340903745532,Flagged for Review
C70348049,C1352256123,CASH_IN,447409.94,25548857.51,25996267.44,1368252.05,920842.11,-447409.9299999997,-447409.94000000006,0.01751193462615485,0.32699356306934596,-0.027510333581279522,Flagged for Review
C524011479,C1724305296,CASH_IN,454909.95,23687566.13,24142476.08,1441079.35,986169.4,-454909.94999999925,-454909.95000000007,0.01920458726315808,0.3156728561318597,-0.027466166095058142,Flagged for Review
C1061201249,C1425885992,TRANSFER,2846897.24,6134.31,0.0,7288420.44,10260194.83,6134.31,2971774.3899999997,464.01848317362936,0.39060546421969805,-0.027455288817440526,Flagged for Review
C1970847543,C2116873183,TRANSFER,1453181.83,0.0,0.0,15396736.17,16849918.0,0.0,1453181.83,1453181.83,0.09438245350004894,-0.02745492689092266,Flagged for Review
C861472398,C2070776463,TRANSFER,2098541.16,0.0,0.0,4434528.22,6533069.38,0.0,2098541.16,2098541.16,0.47322749628877187,-0.02745469707314807,Flagged for Review
C946926511,C458346008,TRANSFER,5673390.86,16290.0,0.0,231242.41,5904633.27,16290.0,5673390.859999999,348.2530759314959,24.534281258004285,-0.027433097735789835,Flagged for Review
C140790247,C1605562144,TRANSFER,1924485.35,50319.0,0.0,0.0,1924485.35,50319.0,1924485.35,38.244939387917334,1924485.35,-0.027420683601065754,Flagged for Review
C1772113174,C831256755,TRANSFER,1929494.47,44061.0,0.0,0.0,1929494.47,44061.0,1929494.47,43.79044233126049,1929494.47,-0.027420683601065754,Flagged for Review
C1722408588,C1820255912,TRANSFER,2261561.17,0.0,0.0,2267644.01,4529205.18,0.0,2261561.17,2261561.17,0.9973171109352782,-0.027402757034684644,Flagged for Review
C1460633758,C1575630370,TRANSFER,2089579.29,1276.0,0.0,0.0,2089579.29,1276.0,2089579.29,1636.3189428347691,2089579.29,-0.02738709713572074,Flagged for Review
C1975482279,C1233274912,CASH_IN,725500.2,4807343.38,5532843.58,5182926.63,4457426.43,-725500.2000000002,-725500.2000000002,0.15091496315893224,0.13997884049173961,-0.02738510161215557,Flagged for Review
C717617198,C1034584766,TRANSFER,1564088.39,0.0,0.0,5159452.75,7164410.37,0.0,2004957.62,1564088.39,0.30314999722596603,-0.027325862827993763,Flagged for Review
C615328709,C1616962987,TRANSFER,3397659.42,430.0,0.0,105592.01,4080093.81,430.0,3974501.8000000003,7883.200510440835,32.176935007345655,-0.02732461908507089,Flagged for Review
C1904387332,C43755999,TRANSFER,2111375.08,0.0,0.0,3187843.3,5299218.37,0.0,2111375.0700000003,2111375.08,0.6623206409422192,-0.02731061714857097,Flagged for Review
C395464037,C1856256614,CASH_IN,436581.21,24398761.3,24835342.51,457461.79,20880.58,-436581.2100000009,-436581.20999999996,0.017893580200172694,0.9543534896029469,-0.027293473782385003,Flagged for Review
C350337676,C792432771,CASH_IN,503074.28,18226382.29,18729456.57,1219467.68,716393.4,-503074.2800000012,-503074.2799999999,0.02760143205569557,0.412535629861359,-0.02727665352816222,Flagged for Review
C152864637,C1310900397,CASH_IN,528086.36,10354804.49,10882890.85,7121871.12,6593784.76,-528086.3599999994,-528086.3600000003,0.05099915787988404,0.07414993573347116,-0.02723384937101947,Flagged for Review
C1371173480,C1579098108,TRANSFER,2029251.94,0.0,0.0,3715112.01,5744363.95,0.0,2029251.9400000004,2029251.94,0.5462154003223714,-0.027199685942248752,Flagged for Review
C179809450,C224615790,TRANSFER,2026691.2,0.0,0.0,3684820.04,5711511.24,0.0,2026691.2000000002,2026691.2,0.5500107543893095,-0.027199685942248752,Flagged for Review
C1202951622,C870504528,TRANSFER,5320666.31,74348.0,0.0,274154.16,5594820.47,74348.0,5320666.31,71.56338767165664,19.40750015429219,-0.027082941288768092,Flagged for Review
C478431808,C1411830789,TRANSFER,2233556.66,0.0,0.0,2394741.58,4628298.25,0.0,2233556.67,2233556.66,0.9326917551196672,-0.02708190442917624,Flagged for Review
C272582530,C1228900130,TRANSFER,2092789.26,0.0,0.0,2833423.7,4926212.96,0.0,2092789.2599999998,2092789.26,0.7386076856039265,-0.027013027653660204,Flagged for Review
C1112246547,C1984552523,TRANSFER,2058007.88,0.0,0.0,4201438.11,6259446.0,0.0,2058007.8899999997,2058007.88,0.4898340368902787,-0.02685952236498046,Flagged for Review
C346796485,C1068189421,CASH_IN,430695.85,25925876.67,26356572.52,1352302.39,921606.54,-430695.84999999776,-430695.84999999986,0.016612585135290424,0.31849054966873963,-0.02682838239682328,Flagged for Review
C1545395289,C449770864,TRANSFER,2089062.65,2606.0,0.0,0.0,2089062.65,2606.0,2089062.65,801.3282125047947,2089062.65,-0.026791983382978057,Flagged for Review
C1321323643,C2079017911,CASH_IN,402277.98,8645461.41,9047739.39,16347790.31,15945512.34,-402277.98000000045,-402277.97000000067,0.04653053369761861,0.024607481975496295,-0.026791194784404948,Flagged for Review
C317307704,C1184848967,CASH_IN,820680.17,6846069.46,7666749.63,902079.41,81399.24,-820680.1699999999,-820680.17,0.11987609166383018,0.9097638757059362,-0.026756585971224878,Flagged for Review
C1549831314,C222375679,TRANSFER,1630710.36,0.0,0.0,11154068.92,12784779.28,0.0,1630710.3599999994,1630710.36,0.14619868547497863,-0.026692547985187387,Flagged for Review
C1866822919,C197724405,CASH_IN,430997.35,26761767.89,27192765.24,1976104.88,1545107.53,-430997.34999999776,-430997.34999999986,0.01610496495099207,0.21810438112759423,-0.026658803084802618,Flagged for Review
C639145253,C1392898483,TRANSFER,2214297.92,0.0,0.0,2477598.79,4691896.7,0.0,2214297.91,2214297.92,0.8937270373275257,-0.026505165779333595,Flagged for Review
C1009135088,C2041281014,CASH_IN,480655.37,10407155.34,10887810.71,9202925.03,8722269.66,-480655.37000000104,-480655.3699999992,0.04618508210091903,0.05222853779690762,-0.026474353039846243,Flagged for Review
C868473243,C2145483521,TRANSFER,2108659.98,0.0,0.0,3534623.14,5643283.12,0.0,2108659.98,2108659.98,0.5965726188923725,-0.02646234856856078,Flagged for Review
C12024284,C233514651,CASH_OUT,7620549.14,7620549.14,0.0,128355.13,7748904.27,7620549.14,7620549.14,0.9999998687758782,59.370356055452895,-0.026445669496167,Flagged for Review
C765808995,C336809812,TRANSFER,2695536.72,64894.45,0.0,8204561.71,10900098.43,64894.45,2695536.7199999997,41.53660572505469,0.32854118071577276,-0.026425393195142477,Flagged for Review
C639536309,C168537290,TRANSFER,2069839.25,0.0,0.0,3183840.53,5253679.78,0.0,2069839.2500000005,2069839.25,0.650107497655513,-0.02641825120247543,Flagged for Review
C1825624948,C1247600089,TRANSFER,2802396.2,3296909.1,494512.91,6965916.76,9777968.38,2802396.19,2812051.620000001,0.8500068594530376,0.4023010745392435,-0.0264149136297388,Flagged for Review
C2007163529,C1883632813,TRANSFER,3484350.95,98792.0,0.0,4757950.55,8242301.5,98792.0,3484350.95,35.269208850829514,0.7323216542631672,-0.02639392485267933,Flagged for Review
C317231946,C600517942,CASH_IN,776769.94,0.0,776769.94,4287865.46,3511095.52,-776769.94,-776769.94,776769.94,0.1811553478276933,-0.02634331632845166,Flagged for Review
C155767257,C1092936193,TRANSFER,1991245.48,0.0,0.0,5247923.85,7239169.32,0.0,1991245.4700000007,1991245.48,0.3794348312743084,-0.026332639140308478,Flagged for Review
C1485220352,C899621558,TRANSFER,1964454.81,0.0,0.0,5298158.3,7262613.12,0.0,1964454.8200000003,1964454.81,0.370780623753612,-0.026332639140308478,Flagged for Review
C1315116036,C590771061,CASH_IN,296327.76,22030821.84,22327149.6,8446123.83,8149796.07,-296327.76000000164,-296327.7599999998,0.013450598833829123,0.03508446369954966,-0.0261966750227266,Flagged for Review
C630870089,C305178839,TRANSFER,2541818.18,9834.03,0.0,10703540.73,13245358.92,9834.03,2541818.1899999995,258.4453916256483,0.23747449621051742,-0.02619567888701546,Flagged for Review
C1055402708,C860270107,TRANSFER,5128202.27,72113.0,0.0,70562.2,5198764.46,72113.0,5128202.26,71.11243683612058,72.67530766745271,-0.0261908832190626,Flagged for Review
C160109095,C2101912563,TRANSFER,2238579.74,0.0,0.0,2283709.3,4522289.03,0.0,2238579.7300000004,2238579.74,0.9802380538372141,-0.026151411769000044,Flagged for Review
C788257835,C1986031129,TRANSFER,2021776.37,12243.0,0.0,0.0,2021776.37,12243.0,2021776.37,165.1238459653708,2021776.37,-0.02614310523702279,Flagged for Review
C1151605817,C1803764352,TRANSFER,2006300.05,20300.0,0.0,0.0,2006300.05,20300.0,2006300.05,98.82764642135855,2006300.05,-0.02614310523702279,Flagged for Review
C1810187676,C1562069298,TRANSFER,5960264.81,11268.0,0.0,322089.95,6282354.76,11268.0,5960264.81,528.9080495163723,18.50491238577178,-0.02613413355486527,Flagged for Review
C563408548,C1921283275,TRANSFER,1883814.58,0.0,0.0,5817859.47,7701674.05,0.0,1883814.58,1883814.58,0.32379851488600586,-0.026122648108572677,Flagged for Review
C1921424220,C624685600,TRANSFER,1898444.06,0.0,0.0,5050578.29,6967709.98,0.0,1917131.6900000004,1898444.06,0.3758863985679552,-0.026122648108572677,Flagged for Review
C1894600714,C1861176457,TRANSFER,2041570.98,0.0,0.0,3253849.82,5295420.79,0.0,2041570.9700000002,2041570.98,0.6274322619375649,-0.02612106412519244,Flagged for Review
C660500362,C998909434,CASH_IN,446109.45,25631069.62,26077179.07,2186497.57,1740388.11,-446109.44999999925,-446109.45999999973,0.017405025978583177,0.20402915241787697,-0.026064346040852837,Flagged for Review
C2011057868,C636763064,TRANSFER,5276695.97,44038.0,0.0,146231.79,5422927.76,44038.0,5276695.97,119.81870546561002,36.08421866258586,-0.025980937362774625,Flagged for Review
C656093270,C1180598538,CASH_IN,424094.38,30049459.29,30473553.67,424898.66,804.28,-424094.3800000027,-424094.37999999995,0.014113211216014157,0.9981047760781923,-0.025922978870351665,Flagged for Review
C973970201,C1360767589,TRANSFER,328683.58,30227.0,0.0,11202371.76,18482735.85,30227.0,7280364.090000002,10.87348087865555,0.02934053231772659,-0.025917427402241344,Flagged for Review
C347563371,C1912277215,TRANSFER,2047476.61,0.0,0.0,3542050.49,5589527.09,0.0,2047476.5999999996,2047476.61,0.5780482344145709,-0.025868068669279487,Flagged for Review
C1559269211,C542721286,TRANSFER,2065156.95,0.0,0.0,3541439.64,5606596.59,0.0,2065156.9499999997,2065156.95,0.5831403544293206,-0.025868068669279487,Flagged for Review
C1650020671,C496030821,TRANSFER,1985178.75,11123.0,0.0,0.0,1985178.75,11123.0,1985178.75,178.45907497303128,1985178.75,-0.025846042238417688,Flagged for Review
C44087088,C1518728219,CASH_IN,711440.82,144.0,711584.82,9945393.52,9233952.69,-711440.82,-711440.8300000001,4906.488413793103,0.0715347006666559,-0.025824140631664272,Flagged for Review
C184246363,C930921946,TRANSFER,2873525.29,15051.15,0.0,8697169.17,11570694.45,15051.15,2873525.2799999993,190.90464086525847,0.3303977309667841,-0.02580160092572592,Flagged for Review
C722165930,C1569348496,TRANSFER,1983289.62,0.0,0.0,5214751.24,7198040.86,0.0,1983289.62,1983289.62,0.38032288567558103,-0.025738476201095706,Flagged for Review
C1432310746,C182258969,TRANSFER,1946001.91,0.0,0.0,4860766.24,6806768.15,0.0,1946001.9100000001,1946001.91,0.40034871326198285,-0.025738476201095706,Flagged for Review
C2043592926,C2104198141,TRANSFER,1975771.18,0.0,0.0,5325774.65,7301545.83,0.0,1975771.1799999997,1975771.18,0.3709828032279204,-0.025738476201095706,Flagged for Review
C1188574481,C1301000864,TRANSFER,1961209.94,0.0,0.0,5092981.46,7054191.4,0.0,1961209.9400000004,1961209.94,0.38508083532649745,-0.025738476201095706,Flagged for Review
C1387799823,C1821054885,TRANSFER,3364071.64,946882.0,0.0,691605.98,4055677.62,946882.0,3364071.64,3.5527849164046668,4.864137779523278,-0.025724989369345197,Flagged for Review
C1731934548,C767580413,TRANSFER,5746829.64,15304.0,0.0,318601.35,6065430.99,15304.0,5746829.640000001,375.48707219862786,18.037624769559923,-0.02563723529905959,Flagged for Review
C372084248,C1029056080,CASH_IN,663405.27,2383025.44,3046430.71,7632521.3,6969116.03,-663405.27,-663405.2699999996,0.2783877085308378,0.0869182223024753,-0.02562409931851728,Flagged for Review
C1636433205,C1685824436,TRANSFER,5075674.24,101102.0,0.0,393347.11,5469021.35,101102.0,5075674.239999999,50.20300327388901,12.903771776099294,-0.025596848102341085,Flagged for Review
C837970168,C1666673247,CASH_IN,466113.98,19876989.49,20343103.47,1315920.33,849806.35,-466113.98000000045,-466113.9800000001,0.023449927202737218,0.35421112901939206,-0.025547153533744482,Flagged for Review
C478770373,C1988380927,TRANSFER,1913613.93,0.0,0.0,5092617.87,7006231.8,0.0,1913613.9299999997,1913613.93,0.37576225098502214,-0.025528674520016836,Flagged for Review
C1465328082,C1629709129,TRANSFER,1917016.62,0.0,0.0,4826462.7,6743479.32,0.0,1917016.62,1917016.62,0.3971886538792367,-0.025528674520016836,Flagged for Review
C1341796060,C871191985,TRANSFER,2040116.84,0.0,0.0,3310431.03,5350547.87,0.0,2040116.8400000003,2040116.84,0.6162690614131111,-0.02552709196492753,Flagged for Review
C1816975583,C1159065544,TRANSFER,2057981.22,0.0,0.0,3430127.94,5488109.16,0.0,2057981.2200000002,2057981.22,0.5999719707329719,-0.02552709196492753,Flagged for Review
C1086947446,C844953339,CASH_IN,690039.64,9133113.46,9823153.1,1486430.61,796390.97,-690039.6399999987,-690039.6400000001,0.0755535959854816,0.4642256228660261,-0.02551942829863285,Flagged for Review
C498424096,C998680276,TRANSFER,2618376.43,46533.0,0.0,9230504.77,11848881.2,46533.0,2618376.4299999997,56.26802832337646,0.28366554284706336,-0.025516695739354556,Flagged for Review
C293300777,C913843316,TRANSFER,1997620.3,0.0,0.0,4489624.02,6487244.32,0.0,1997620.3000000007,1997620.3,0.4449414574939268,-0.02537393248474451,Flagged for Review
C588570998,C179459338,TRANSFER,5449388.68,21078.0,0.0,359095.89,5808484.57,21078.0,5449388.680000001,258.52216329047866,15.17526002522606,-0.025352401237643818,Flagged for Review
C896705528,C211845884,CASH_IN,519798.04,3406845.33,3926643.37,12923151.99,12403353.95,-519798.04000000004,-519798.04000000097,0.1525745483213503,0.040222230627635705,-0.025299651776933607,Flagged for Review
C514942826,C442740410,TRANSFER,1957197.74,25483.0,0.0,0.0,1957197.74,25483.0,1957197.74,76.80104143776487,1957197.74,-0.025287003109132677,Flagged for Review
C288581210,C692083888,TRANSFER,5521393.11,10709.0,0.0,499473.94,6020867.05,10709.0,5521393.109999999,515.5362380952381,11.054394660921327,-0.025278855902661768,Flagged for Review
C1974901716,C1490392991,CASH_IN,424341.27,12518516.74,12942858.0,9368774.92,8944433.66,-424341.2599999998,-424341.2599999998,0.03389708580626256,0.045293138999528984,-0.0252432364203381,Flagged for Review
C1721942761,C1363323282,TRANSFER,3119251.98,269973.07,0.0,3831013.6,6950265.58,269973.07,3119251.98,11.553894712925578,0.8142104130848261,-0.02521973496036778,Flagged for Review
C769471945,C1005294338,TRANSFER,1710830.58,0.0,0.0,3427126.42,5571030.94,0.0,2143904.5200000005,1710830.58,0.49920250120142895,-0.025196723273923416,Flagged for Review
C206544598,C1370269326,TRANSFER,1644085.53,1109.0,0.0,755625.55,4834687.54,1109.0,4079061.99,1481.1581351351351,2.175791110039741,-0.02516683379449558,Flagged for Review
C45848055,C171662958,CASH_IN,553906.39,12729670.66,13283577.05,4291217.26,3737310.88,-553906.3900000006,-553906.3799999999,0.04351301469467752,0.12907905318244056,-0.02514455226168899,Flagged for Review
C794646235,C782652273,TRANSFER,2006231.67,0.0,0.0,4311932.51,6318164.18,0.0,2006231.67,2006231.67,0.46527425929626637,-0.025077216349078002,Flagged for Review
C1982426019,C300314860,TRANSFER,1938556.28,7139.0,0.0,0.0,1938556.28,7139.0,1938556.28,271.50648179271707,1938556.28,-0.025052656242114835,Flagged for Review
C776451210,C1714949756,TRANSFER,1743293.45,0.0,0.0,9398619.67,11141913.12,0.0,1743293.4499999993,1743293.45,0.18548396740433615,-0.025018291698421735,Flagged for Review
C451519408,C272282913,TRANSFER,1959201.25,627.0,0.0,0.0,1959201.25,627.0,1959201.25,3119.747213375796,1959201.25,-0.025009859903764364,Flagged for Review
C611164066,C2097106754,CASH_IN,339517.61,15778536.96,16118054.57,11758807.83,11419290.22,-339517.6099999994,-339517.6099999994,0.021517685026376167,0.02887346966078706,-0.024994087444953017,Flagged for Review
C1956099027,C1649274222,TRANSFER,1964613.2,15116.0,0.0,0.0,1964613.2,15116.0,1964613.2,129.96052126744723,1964613.2,-0.02495565677473577,Flagged for Review
C1670498398,C1779572702,TRANSFER,1967337.55,21161.0,0.0,0.0,1967337.55,21161.0,1967337.55,92.9655774501465,1967337.55,-0.02495565677473577,Flagged for Review
C70896763,C1729489025,TRANSFER,3162302.17,211970.21,0.0,3742319.86,6904622.03,211970.21,3162302.1700000004,14.918545636456951,0.8450109673385943,-0.024930106824799347,Flagged for Review
C1645731232,C1023714065,CASH_IN,311699.07,9498297.92,9809996.99,3248443.3,8398562.84,-311699.0700000003,5150119.54,0.03281630454308759,0.09595333680186544,-0.024927165913859017,Flagged for Review
C1857072148,C806929811,TRANSFER,3119451.29,46812.35,0.0,5617856.21,8737307.5,46812.35,3119451.29,66.63593376675671,0.5552742217170024,-0.02491845045396468,Flagged for Review
C1562112569,C1749707061,TRANSFER,1634996.58,22418.0,0.0,0.0,2145623.4,22418.0,2145623.4,72.92905928007494,1634996.58,-0.024906644978658687,Flagged for Review
C1944066007,C1431222905,TRANSFER,1929564.41,20671.0,0.0,0.0,1929564.41,20671.0,1929564.41,93.34193159829721,1929564.41,-0.024756084987843652,Flagged for Review
C324026826,C1063484926,CASH_IN,555110.12,5687791.49,6242901.62,9995265.23,9440155.11,-555110.1299999999,-555110.120000001,0.09759676025030231,0.05553730208144741,-0.02475497854442843,Flagged for Review
C1970781224,C853883445,TRANSFER,2007796.98,2104.0,0.0,0.0,2007796.98,2104.0,2007796.98,953.8227933491686,2007796.98,-0.024713307948751595,Flagged for Review
C348523757,C483726536,TRANSFER,2030373.61,0.0,0.0,3468664.96,5499038.56,0.0,2030373.5999999996,2030373.61,0.5853471142548416,-0.02468111598888012,Flagged for Review
C1372857274,C560590483,TRANSFER,1953873.29,4507.0,0.0,0.0,1953873.29,4507.0,1953873.29,433.42353371783497,1953873.29,-0.024659129262940227,Flagged for Review
C1524557987,C1881151906,TRANSFER,5189564.38,69908.0,0.0,1239585.07,6429149.44,69908.0,5189564.37,74.23313707820166,4.1865300890320585,-0.024619654929856405,Flagged for Review
C843599004,C160489853,CASH_IN,198534.05,22501805.44,22700339.48,12476461.29,12277927.24,-198534.0399999991,-198534.04999999888,0.008823027188034063,0.015912687858570845,-0.024614460418941664,Flagged for Review
C1337969352,C923493650,TRANSFER,4051735.3,70.35,0.0,4433644.64,8485379.93,70.35,4051735.29,56786.75963559916,0.9138608786064373,-0.024479557666751584,Flagged for Review
C411929718,C1389943605,TRANSFER,1092098.51,0.0,0.0,21911387.77,23003486.29,0.0,1092098.5199999996,1092098.51,0.049841592491629186,-0.024433316096213242,Flagged for Review
C1193311771,C1104430012,TRANSFER,1829758.37,0.0,0.0,7055761.24,8885519.61,0.0,1829758.3699999992,1829758.37,0.2593282352439359,-0.02441985639832711,Flagged for Review
C539355982,C1698701388,TRANSFER,2000474.95,0.0,0.0,2885432.81,4885907.75,0.0,2000474.94,2000474.95,0.6933012786732404,-0.024340753930338632,Flagged for Review
C1490847459,C1606822708,TRANSFER,2008836.29,0.0,0.0,3027077.54,5035913.82,0.0,2008836.2800000003,2008836.29,0.663622123924145,-0.024340753930338632,Flagged for Review
C1386431853,C1131139151,CASH_IN,984758.97,1598239.89,2582998.86,5080546.93,4095787.96,-984758.97,-984758.9699999997,0.6161517804740937,0.19382928447247225,-0.024314089830119623,Flagged for Review
C239740143,C1741297567,TRANSFER,2006014.11,2615.0,0.0,0.0,2006014.11,2615.0,2006014.11,766.8249655963303,2006014.11,-0.024120605173920007,Flagged for Review
C870910382,C437105998,TRANSFER,2032288.2,0.0,0.0,3483574.87,5515863.07,0.0,2032288.2000000002,2032288.2,0.5833913989075828,-0.024088442241805952,Flagged for Review
C1872768374,C1157492094,CASH_IN,485263.97,14847531.76,15332795.73,4205090.54,3719826.57,-485263.97000000067,-485263.9700000002,0.03268313852839749,0.11539914538935339,-0.024066664900300294,Flagged for Review
C1050345609,C1549953877,TRANSFER,2215223.98,61303.0,0.0,34764.05,3145125.79,61303.0,3110361.74,36.135064269868195,63.71985600480942,-0.02405433146637459,Flagged for Review
C537027395,C90687922,TRANSFER,2004454.75,0.0,0.0,3348934.31,5353389.05,0.0,2004454.7399999998,2004454.75,0.5985349266122432,-0.024044503712566945,Flagged for Review
C1166303534,C898092839,TRANSFER,1999821.13,0.0,0.0,3291098.73,5290919.85,0.0,1999821.1199999996,1999821.13,0.6076452535821514,-0.024044503712566945,Flagged for Review
C57638442,C837153776,TRANSFER,894559.4,0.0,0.0,105645840.92,106540400.31,0.0,894559.3900000006,894559.4,0.008467530607379726,-0.023958935790234004,Flagged for Review
C785576081,C226719418,CASH_IN,699033.3,8030592.08,8729625.38,844787.98,145754.69,-699033.3000000007,-699033.29,0.08704628575203564,0.8274649842141644,-0.02394000766742077,Flagged for Review
C877170474,C841115871,TRANSFER,1931005.91,1038.0,0.0,0.0,1931005.91,1038.0,1931005.91,1858.5234937439845,1931005.91,-0.023921286830712152,Flagged for Review
C878008642,C1547824461,CASH_IN,444563.3,23970381.12,24414944.42,590624.43,146061.14,-444563.30000000075,-444563.29000000004,0.018546358492511173,0.7526992191988753,-0.023831418998409126,Flagged for Review
C995707642,C733698212,TRANSFER,5123112.24,42241.0,0.0,135278.74,5258390.98,42241.0,5123112.24,121.28005870934142,37.87050625614745,-0.02360876505880871,Flagged for Review
C2055047714,C1013511446,CASH_IN,41950.6,27750075.05,27792025.65,13150200.12,13108249.51,-41950.599999997765,-41950.609999999404,0.0015117291903782007,0.003190110905315188,-0.023604968696542716,Flagged for Review
C1766890208,C469552399,CASH_IN,362211.95,7176779.86,7538991.81,24276403.35,23914191.39,-362211.94999999925,-362211.9600000009,0.050469974918531925,0.014920329418553287,-0.023553884100217304,Flagged for Review
C74509731,C338477740,TRANSFER,1774842.71,0.0,0.0,8811342.56,10586185.27,0.0,1774842.709999999,1774842.71,0.20142702391688377,-0.0234929480216004,Flagged for Review
C1368131601,C666831634,TRANSFER,3455365.51,32499.86,0.0,5162574.54,8617940.05,32499.86,3455365.5100000007,106.31612548098727,0.6693104019936529,-0.023472084422071937,Flagged for Review
C853347734,C1053017941,TRANSFER,1883848.21,0.0,0.0,4823984.43,6707832.64,0.0,1883848.21,1883848.21,0.39051697757718973,-0.023453981570273896,Flagged for Review
C1418946606,C1337745140,CASH_IN,448603.17,22797542.41,23246145.58,488072.08,39468.91,-448603.16999999806,-448603.17000000004,0.01967769780858156,0.9191311473273633,-0.023442091337976256,Flagged for Review
C323943864,C1750125828,TRANSFER,1584949.33,0.0,0.0,11213282.9,12798232.23,0.0,1584949.33,1584949.33,0.14134568821538532,-0.023429493586341277,Flagged for Review
C1430744775,C989067961,TRANSFER,1792985.34,0.0,0.0,7977045.04,9770030.39,0.0,1792985.3500000006,1792985.34,0.22476808219600047,-0.023358107858985733,Flagged for Review
C28444922,C1130298181,CASH_IN,407355.78,27033759.36,27441115.14,2558896.3,2151540.52,-407355.7800000012,-407355.7799999998,0.015068409817035163,0.15919192223931772,-0.023319882984844664,Flagged for Review
C365306636,C409856903,CASH_IN,383924.62,21228328.58,21612253.2,4301444.48,3917519.86,-383924.62000000104,-383924.6200000006,0.01808548423714458,0.08925479162414025,-0.02325502081572184,Flagged for Review
C303358402,C1080881110,TRANSFER,1782931.35,136620.71,0.0,11916669.92,13826228.1,136620.71,1909558.1799999997,13.050132003178705,0.14961656338161264,-0.023248414486678803,Flagged for Review
C1800022973,C40695361,TRANSFER,2074785.51,0.0,0.0,2673019.44,4747804.96,0.0,2074785.52,2074785.51,0.7761951532252406,-0.023243038799560245,Flagged for Review
C618311689,C1299623133,CASH_IN,433665.26,23650383.71,24084048.97,655384.39,221719.13,-433665.2599999979,-433665.26,0.018336499186697584,0.6616950371749971,-0.02323951143016645,Flagged for Review
C658273826,C78289280,TRANSFER,1993971.16,0.0,0.0,3739638.71,5733609.87,0.0,1993971.1600000001,1993971.16,0.5331987342705803,-0.02318889020897741,Flagged for Review
C1078417563,C861191162,TRANSFER,1306690.61,1306690.61,0.0,0.0,0.0,1306690.61,0.0,0.9999992347084864,1306690.61,-0.023182153775280323,Flagged for Review
C1847025661,C17300850,TRANSFER,1298920.78,1298920.78,0.0,0.0,0.0,1298920.78,0.0,0.9999992301307011,1298920.78,-0.023182153775280323,Flagged for Review
C1928089,C2000792833,TRANSFER,2186584.56,0.0,0.0,2394022.18,4580606.74,0.0,2186584.56,2186584.56,0.9133514571901513,-0.023181690467146465,Flagged for Review
C68387391,C269560727,TRANSFER,2188491.58,0.0,0.0,2368418.71,4556910.29,0.0,2188491.58,2188491.58,0.9240303020447335,-0.023181690467146465,Flagged for Review
C1658182821,C2115398687,TRANSFER,1895801.83,0.0,0.0,4948190.1,6843991.93,0.0,1895801.83,1895801.83,0.38313027764833096,-0.023158131247669855,Flagged for Review
C1782131595,C1399590865,TRANSFER,1599109.16,0.0,0.0,10866586.39,12465695.55,0.0,1599109.1600000001,1599109.16,0.14715835824148282,-0.023133654306736418,Flagged for Review
C1851707178,C917776029,CASH_IN,439519.5,22635823.1,23075342.6,1971781.17,1532261.66,-439519.5,-439519.51,0.019416986899098584,0.222904693371885,-0.0231000915636288,Flagged for Review
C1423315164,C1317574507,CASH_IN,429579.71,22278246.02,22707825.74,1504622.17,1075042.46,-429579.7199999988,-429579.70999999996,0.019282473599217684,0.28550650991237897,-0.0231000915636288,Flagged for Review
C239205803,C1113774159,CASH_IN,411870.17,16161275.3,16573145.47,6012991.31,5601121.15,-411870.1699999999,-411870.1599999992,0.02548500269127878,0.0684967065923289,-0.02303814238156232,Flagged for Review
C1765740339,C1039259055,TRANSFER,3818971.74,2198.89,0.0,4418679.7,8237651.44,2198.89,3818971.74,1735.983044606776,0.8642787291690934,-0.022992331388910325,Flagged for Review
C2059484268,C364709627,TRANSFER,2413078.27,8383.34,0.0,5876837.84,8706400.51,8383.34,2829562.67,287.80777854905693,0.41060820888530614,-0.022960567308005997,Flagged for Review
C81370305,C1933360826,CASH_IN,80985.85,16634124.39,16715110.24,31378511.39,31297525.54,-80985.84999999963,-80985.85000000149,0.00486865693874633,0.0025809333786584905,-0.02293775336835402,Flagged for Review
C1433764000,C891827190,TRANSFER,1896505.7,132950.0,0.0,0.0,1896505.7,132950.0,1896505.7,14.264696767982189,1896505.7,-0.022897632849634197,Flagged for Review
C1699244042,C1681771313,TRANSFER,1988153.85,0.0,0.0,2527761.23,4560473.64,0.0,2032712.4099999997,1988153.85,0.7865272399453489,-0.02288596293580336,Flagged for Review
C1953286925,C756711480,CASH_IN,330116.1,10370158.99,10700275.09,21734341.33,21404225.23,-330116.0999999996,-330116.09999999776,0.03183326971988211,0.015188685950912783,-0.022859287483534385,Flagged for Review
C273336332,C1703466391,CASH_IN,666052.56,9168850.21,9834902.77,773325.04,0.0,-666052.5599999987,-773325.04,0.07264296744979025,0.8612829848584952,-0.0228432540475344,Flagged for Review
C2011473192,C1837377932,TRANSFER,5249091.07,20865.0,0.0,47147.96,5296239.03,20865.0,5249091.07,251.5619222658871,111.32994386302477,-0.022730702875763176,Flagged for Review
C917462971,C1616249712,CASH_IN,605397.27,10759241.38,11364638.65,3359493.05,2754095.79,-605397.2699999996,-605397.2599999998,0.05626764865204198,0.18020489424590588,-0.02270472190858308,Flagged for Review
C459467281,C1439520833,TRANSFER,2065653.74,0.0,0.0,2608338.54,4673992.29,0.0,2065653.75,2065653.74,0.791942041410759,-0.02265166177862854,Flagged for Review
C1623288973,C213816385,TRANSFER,2083458.47,0.0,0.0,2671365.69,4754824.16,0.0,2083458.4700000002,2083458.47,0.779922306360719,-0.02265166177862854,Flagged for Review
C300912093,C181873459,TRANSFER,2084440.44,0.0,0.0,2662170.67,4746611.11,0.0,2084440.4400000004,2084440.44,0.7829849830833787,-0.02265166177862854,Flagged for Review
C17520592,C770370940,TRANSFER,1977467.42,0.0,0.0,3656840.6,5634308.02,0.0,1977467.4199999995,1977467.42,0.5407582926206046,-0.02264140372291845,Flagged for Review
C334364920,C1503324581,TRANSFER,2024626.93,0.0,0.0,2763693.61,4788320.54,0.0,2024626.9300000002,2024626.93,0.7325798308808078,-0.022621040969954542,Flagged for Review
C1842878344,C1517192144,TRANSFER,5259142.4,51633.0,0.0,793122.47,6052264.87,51633.0,5259142.4,101.85425107487315,6.630925195039305,-0.022590856301352158,Flagged for Review
C1652507073,C2101446901,TRANSFER,1934350.64,0.0,0.0,3820845.19,5755195.84,0.0,1934350.65,1934350.64,0.5062623680227233,-0.02259056844808105,Flagged for Review
C1033701218,C396290110,CASH_IN,443216.15,23294890.86,23738107.01,954138.3,510922.15,-443216.15000000224,-443216.15,0.019026323567573757,0.4645193317160293,-0.022554446694811436,Flagged for Review
C2067698618,C1374602255,CASH_IN,512403.77,16659399.1,17171802.87,3607636.61,3287295.05,-512403.7700000014,-320341.56000000006,0.03075763634490056,0.14203304915650883,-0.02253190856876497,Flagged for Review
C12115587,C767426585,CASH_IN,446890.67,20782133.12,21229023.79,1445907.62,999016.95,-446890.66999999806,-446890.67000000016,0.021503598591923627,0.30907255397647465,-0.02242416657117796,Flagged for Review
C759518075,C2058416076,TRANSFER,2069905.19,0.0,0.0,2657669.3,4727574.49,0.0,2069905.1900000004,2069905.19,0.7788419767493358,-0.022356173266813828,Flagged for Review
C705916117,C1657971433,TRANSFER,1990211.87,0.0,0.0,4147464.4,6137676.27,0.0,1990211.8699999996,1990211.87,0.4798621996943001,-0.022295107486660082,Flagged for Review
C1069499962,C499807144,CASH_IN,414135.16,16626429.16,17040564.31,5825543.82,5411408.67,-414135.1499999985,-414135.1500000004,0.024908242840746997,0.07108951570987998,-0.022271696648651695,Flagged for Review
C60819256,C579397335,TRANSFER,1688218.49,301843.0,0.0,0.0,1688218.49,301843.0,1688218.49,5.593016558222128,1688218.49,-0.02216866778908466,Flagged for Review
C1703297764,C586792922,TRANSFER,1919022.57,486.0,0.0,0.0,1919022.57,486.0,1919022.57,3940.498090349076,1919022.57,-0.022115221999262746,Flagged for Review
C2010307780,C2078250226,CASH_IN,500368.03,5249667.19,5750035.22,12691713.39,12191345.37,-500368.02999999933,-500368.0200000014,0.09531422023074566,0.039424778609440485,-0.022106301933329076,Flagged for Review
C685126994,C1636107356,TRANSFER,1916514.37,0.0,0.0,3804148.68,5720663.05,0.0,1916514.3699999996,1916514.37,0.5037957312973027,-0.022086403154616407,Flagged for Review
C1539071529,C1691100975,CASH_IN,382159.43,19637516.99,20019676.43,4335516.46,3953357.03,-382159.44000000134,-382159.43000000017,0.019460678798339324,0.08814620942617539,-0.022072778424603867,Flagged for Review
C1249134618,C1380922009,CASH_IN,421921.95,9188112.72,9610034.66,12491194.42,12069272.47,-421921.9399999995,-421921.94999999925,0.045920410092616916,0.03377754776972339,-0.022058336694033787,Flagged for Review
C375535261,C1319869164,TRANSFER,1918084.97,0.0,0.0,4325099.79,6243184.76,0.0,1918084.9699999997,1918084.97,0.4434775195146377,-0.02205107802632067,Flagged for Review
C1107726866,C122390008,TRANSFER,1899206.79,0.0,0.0,3618248.12,5517454.9,0.0,1899206.7800000003,1899206.79,0.5248966356412739,-0.02205056920133086,Flagged for Review
C283175233,C1224081716,TRANSFER,2123901.29,0.0,0.0,2433377.0,4557278.29,0.0,2123901.29,2123901.29,0.8728201249456516,-0.02199958026157356,Flagged for Review
C987626515,C805638151,TRANSFER,2123239.76,0.0,0.0,2484340.23,4607579.99,0.0,2123239.7600000002,2123239.76,0.8546490048792531,-0.02199958026157356,Flagged for Review
C1837745966,C1545826160,TRANSFER,2135977.85,0.0,0.0,2512020.79,4647998.64,0.0,2135977.8499999996,2135977.85,0.850302277831754,-0.02199958026157356,Flagged for Review
C186680058,C1224350584,TRANSFER,4639591.25,146860.0,0.0,44884.59,4684475.84,146860.0,4639591.25,31.591717678621283,103.36482710821001,-0.02199834240672338,Flagged for Review
C716375767,C29810789,TRANSFER,1949372.62,0.0,0.0,4255517.06,6204889.68,0.0,1949372.62,1949372.62,0.45808115310877107,-0.02196445931077018,Flagged for Review
C14409900,C321719962,TRANSFER,2431561.35,441358.0,0.0,4725725.63,7157286.97,441358.0,2431561.34,5.509259695621932,0.5145370311020298,-0.021927619376887142,Flagged for Review
C449168374,C437646500,TRANSFER,938996.53,0.0,0.0,47383737.16,48322733.69,0.0,938996.5300000012,938996.53,0.019816852077590496,-0.021852480045404188,Flagged for Review
C1305160736,C1049500098,CASH_IN,491622.68,17799849.95,18291472.63,597760.2,106137.52,-491622.6799999997,-491622.67999999993,0.027619482959771638,0.8224399308620232,-0.021850391890276266,Flagged for Review
C1341752059,C1561314180,TRANSFER,1920686.5,0.0,0.0,3950746.66,5871433.16,0.0,1920686.5,1920686.5,0.48615772640867677,-0.02179116954947502,Flagged for Review
C74098135,C2089838896,CASH_IN,452973.32,22061970.12,22514943.44,712353.85,259380.53,-452973.3200000003,-452973.31999999995,0.020531860799571203,0.6358815694172645,-0.021774012060216785,Flagged for Review
C1136233176,C1554666770,CASH_IN,374287.65,26930962.07,27305249.72,4247787.06,3873499.41,-374287.6499999985,-374287.64999999944,0.013898041782877839,0.08811354161582159,-0.02175992264363691,Flagged for Review
C899545338,C305966412,TRANSFER,1915780.75,0.0,0.0,4265316.38,6181097.13,0.0,1915780.75,1915780.75,0.4491531530532905,-0.021755860351251877,Flagged for Review
C1093477106,C106616382,TRANSFER,1854980.22,0.0,0.0,5428274.02,7283254.24,0.0,1854980.2200000007,1854980.22,0.34172554138570527,-0.021680879663193875,Flagged for Review
C1981273868,C673218270,TRANSFER,1847305.17,0.0,0.0,5236090.2,7083395.37,0.0,1847305.17,1847305.17,0.35280232895867053,-0.021680879663193875,Flagged for Review
C1222182086,C194098205,TRANSFER,1525612.48,0.0,0.0,13046707.02,14572319.5,0.0,1525612.4800000004,1525612.48,0.11693466870426675,-0.021677094116376305,Flagged for Review
C970157768,C1784013165,CASH_IN,630886.95,11013057.72,11643944.67,1602504.58,971617.64,-630886.9499999993,-630886.9400000001,0.05728535242024024,0.3936878335237996,-0.021674428089078712,Flagged for Review
C1529956186,C99980255,TRANSFER,1563748.94,0.0,0.0,11109979.98,12673728.92,0.0,1563748.9399999995,1563748.94,0.14075172071086658,-0.02165645786260262,Flagged for Review
C546461840,C1789550256,TRANSFER,1564829.79,0.0,0.0,11160894.76,12725724.55,0.0,1564829.790000001,1564829.79,0.14020646941334752,-0.02165645786260262,Flagged for Review
C1937280084,C1278831169,CASH_IN,459757.89,11047951.51,11507709.4,9634387.42,9174629.53,-459757.8900000006,-459757.8900000006,0.04161475980131635,0.04772050595817685,-0.021632591885502594,Flagged for Review
C2135509550,C770185710,CASH_IN,433396.6,23270282.41,23703679.01,700427.07,267030.47,-433396.6000000015,-433396.6,0.018624465906322194,0.6187596108191381,-0.021466989168619444,Flagged for Review
C1739625394,C136999064,CASH_IN,504789.21,1176712.84,1681502.06,16706234.04,16201444.82,-504789.22,-504789.2199999988,0.4289821304387819,0.030215617629667926,-0.021437290258080166,Flagged for Review
C304127250,C159521190,TRANSFER,1865387.19,160135.0,0.0,0.0,1865387.19,160135.0,1865387.19,11.648768484288354,1865387.19,-0.02142096810200389,Flagged for Review
C1304484493,C582462484,TRANSFER,1871641.83,0.0,0.0,4933088.38,6804730.21,0.0,1871641.83,1871641.83,0.379405619040294,-0.021385828931235973,Flagged for Review
C1358812035,C324377791,CASH_IN,659770.52,6821031.1,7480801.62,2981708.8,2321938.28,-659770.5200000005,-659770.52,0.09672590750599167,0.22127254637590824,-0.021318285048796404,Flagged for Review
C323127452,C1943933823,CASH_IN,483141.45,17836511.01,18319652.47,2220198.73,1737057.28,-483141.45999999717,-483141.44999999995,0.027087215803691205,0.21761170559191087,-0.021293853719336675,Flagged for Review
C230877464,C1046372201,TRANSFER,2215281.53,0.0,0.0,2247107.46,4462388.98,0.0,2215281.5200000005,2215281.53,0.9858364958494259,-0.021274710927655982,Flagged for Review
C1814427234,C4347362,CASH_IN,303879.84,17045143.3,17349023.14,10962908.34,10659028.5,-303879.83999999985,-303879.83999999985,0.017827941767556643,0.0277189047702186,-0.021273556716867037,Flagged for Review
C548939248,C976144053,TRANSFER,1593818.09,0.0,0.0,9141609.94,10890437.62,0.0,1748827.6799999997,1593818.09,0.17434761777337246,-0.021213631918352682,Flagged for Review
C2002692391,C1027900933,TRANSFER,1907476.36,20722.0,0.0,0.0,1907476.36,20722.0,1907476.36,92.04634271099745,1907476.36,-0.021175989999943856,Flagged for Review
C1586759331,C1317189808,TRANSFER,1887333.83,0.0,0.0,3737622.81,5624956.64,0.0,1887333.8299999996,1887333.83,0.5049555348375202,-0.02116531619454798,Flagged for Review
C2016070616,C30256110,CASH_IN,455636.39,20447153.55,20902789.93,2029076.41,1573440.02,-455636.37999999896,-455636.3899999999,0.02228360865008476,0.22455347822338628,-0.021113691742640772,Flagged for Review
C341504596,C66968288,CASH_IN,463799.88,8923635.16,9387435.03,505020.32,3739680.48,-463799.8699999992,3234660.16,0.05197431536697704,0.91837683209097,-0.021100848515609005,Flagged for Review
C1222689091,C97730845,CASH_OUT,11813.38,0.0,0.0,20213230.6,23005385.41,0.0,2792154.8099999987,11813.38,0.000584437967850722,-0.020976124172003563,Flagged for Review
C988981800,C218132038,CASH_IN,470850.95,9080191.87,9551042.82,10054576.96,9583726.01,-470850.9500000011,-470850.9500000011,0.05185473004165385,0.04682950909259248,-0.020929824293244415,Flagged for Review
C321877048,C375162006,CASH_IN,553364.45,11528336.25,12081700.7,5492936.99,4939572.54,-553364.4499999993,-553364.4500000002,0.04800036969772028,0.10074106989873373,-0.020907860294872904,Flagged for Review
C260544142,C1106744673,TRANSFER,1030105.63,0.0,0.0,7722240.19,9630685.69,0.0,1908445.499999999,1030105.63,0.13339464601726586,-0.020899700473412275,Flagged for Review
C1435928351,C1980679823,TRANSFER,5260230.77,1081.0,0.0,390400.98,5650631.75,1081.0,5260230.77,4861.581118299445,13.473883431636283,-0.02088650145929627,Flagged for Review
C1522382043,C1502143342,CASH_IN,499249.72,4086513.64,4585763.37,12483192.75,11983943.02,-499249.73,-499249.73000000045,0.12217005540936958,0.039993749195793744,-0.020863432817407435,Flagged for Review
C1915940512,C403532226,TRANSFER,2129780.91,0.0,0.0,2286040.06,4415820.97,0.0,2129780.9099999997,2129780.91,0.9316459565253828,-0.02085549028381306,Flagged for Review
C1292173125,C1397314752,TRANSFER,5284366.32,8555.0,0.0,610679.71,5895046.03,8555.0,5284366.32,617.6211220196353,8.653239300779617,-0.020842777170261395,Flagged for Review
C698613120,C491764586,TRANSFER,1711468.06,279498.0,0.0,0.0,1711468.06,279498.0,1711468.06,6.123342337539669,1711468.06,-0.020819315709892594,Flagged for Review
C1958327520,C41173258,TRANSFER,1709693.18,0.0,0.0,10000000.0,11709693.18,0.0,1709693.1799999997,1709693.18,0.17096930090306992,-0.020739098510013543,Flagged for Review
C23087738,C25823731,TRANSFER,1708084.06,0.0,0.0,9947185.54,11655269.6,0.0,1708084.0600000005,1708084.06,0.1717152938804745,-0.020739098510013543,Flagged for Review
C828263016,C1311717305,CASH_IN,498092.83,30305788.96,30803881.79,830947.49,753559.78,-498092.8299999982,-77387.70999999996,0.01643556662464244,0.5994268429322256,-0.020705277386598775,Flagged for Review
C166128148,C898433262,CASH_IN,678114.58,8511657.56,9189772.14,1922780.12,1244665.53,-678114.5800000001,-678114.5900000001,0.0796689123770491,0.352673829041966,-0.020689473493209154,Flagged for Review
C985044335,C152259921,CASH_IN,431780.62,21440970.19,21872750.81,1386517.45,954736.82,-431780.6199999973,-431780.63,0.020138109238325038,0.3114135408728243,-0.02068564366885728,Flagged for Review
C2085542627,C1271185252,TRANSFER,1918805.89,0.0,0.0,3503890.06,5422695.94,0.0,1918805.8800000004,1918805.89,0.5476214463128884,-0.020685630213117756,Flagged for Review
C1764570984,C1073863733,CASH_IN,324062.62,19114048.67,19438111.29,7463087.94,7139025.33,-324062.6199999973,-324062.61000000034,0.016954158098093922,0.043422049851652975,-0.020666133986628754,Flagged for Review
C1660292301,C695047433,TRANSFER,1993035.08,0.0,0.0,3368712.81,5361747.9,0.0,1993035.0900000003,1993035.08,0.59163086934951,-0.020641919364274286,Flagged for Review
C581730242,C2074297370,TRANSFER,1957807.27,0.0,0.0,3146319.41,5104126.69,0.0,1957807.2800000003,1957807.27,0.6222529859887982,-0.020641919364274286,Flagged for Review
C959252107,C1499739825,TRANSFER,1916682.27,0.0,0.0,3050904.26,4967586.53,0.0,1916682.2700000005,1916682.27,0.6282339524367926,-0.020641919364274286,Flagged for Review
C814169180,C698588679,CASH_IN,188064.02,25293429.45,25481493.47,8051348.35,7634731.17,-188064.01999999955,-416617.1799999997,0.007435291166683165,0.023358074755506664,-0.02058209753096829,Flagged for Review
C2010339042,C1474017862,TRANSFER,1878971.36,0.0,0.0,4659861.36,6538832.71,0.0,1878971.3499999996,1878971.36,0.40322464803445396,-0.020576320352077238,Flagged for Review
C1512544145,C1272394181,TRANSFER,4880845.38,29731.0,0.0,95878.99,4976724.37,29731.0,4880845.38,164.16135409659626,50.905776898808604,-0.02055758408931352,Flagged for Review
C1379125768,C1639126536,CASH_IN,498663.0,14264627.22,14763290.22,3209276.06,2710613.05,-498663.0,-498663.01000000024,0.03495800888107548,0.15538172325950567,-0.020527856278301337,Flagged for Review
C3315391,C1042180005,TRANSFER,2069834.22,0.0,0.0,2592127.45,4661961.67,0.0,2069834.2199999997,2069834.22,0.79850758167482,-0.020524938598737608,Flagged for Review
C1138072182,C1842616334,TRANSFER,1059197.83,0.0,0.0,19967807.84,21027005.68,0.0,1059197.8399999999,1059197.83,0.053045270940203976,-0.020509997686789183,Flagged for Review
C842422970,C970591700,CASH_IN,689543.74,7559329.3,8248873.04,2138332.56,1448788.82,-689543.7400000002,-689543.74,0.09121756989504745,0.32246780993326407,-0.02050636439391007,Flagged for Review
C1627183335,C1748865512,TRANSFER,1978937.61,0.0,0.0,3487869.27,5466806.87,0.0,1978937.6,1978937.61,0.5673770687577782,-0.02039102829470396,Flagged for Review
C182934571,C74215621,TRANSFER,4014400.63,205372.0,0.0,814884.67,4829285.3,205372.0,4014400.63,19.546876317724337,4.926336022082705,-0.02035535472417338,Flagged for Review
C668146842,C1185971725,TRANSFER,1945476.72,0.0,0.0,2912356.21,4857832.93,0.0,1945476.7199999997,1945476.72,0.6680075896321798,-0.02034733715752257,Flagged for Review
C1857895954,C1327761328,CASH_IN,647571.64,11056307.7,11703879.34,1118698.15,471126.52,-647571.6400000006,-647571.6299999999,0.058570329173243875,0.5788612961760095,-0.020251676171801125,Flagged for Review
C1021571372,C1511408724,TRANSFER,3668444.42,22367.0,0.0,3681514.95,7349959.38,22367.0,3668444.4299999997,164.00413179542204,0.9964494164421588,-0.020243797928579554,Flagged for Review
C585581512,C673704990,CASH_IN,308617.44,11777514.68,12086132.13,6333258.52,8597630.79,-308617.4500000011,2264372.2699999996,0.02620395067901111,0.04872963740478458,-0.020213110634286435,Flagged for Review
C841366284,C8464164,TRANSFER,1852826.21,51702.0,0.0,9995.0,3173921.6,51702.0,3163926.6,35.835951685588846,185.3567637054822,-0.020211784090707896,Flagged for Review
C84715221,C294865434,CASH_IN,570247.68,13116151.12,13686398.79,1509476.18,924352.64,-570247.6699999999,-585123.5399999999,0.043476751015297015,0.3777782715469737,-0.02016377829591065,Flagged for Review
C1339419227,C745676189,TRANSFER,1947442.36,0.0,0.0,3360458.31,5307900.67,0.0,1947442.3599999999,1947442.36,0.5795167208853959,-0.020052887794335117,Flagged for Review
C1251247914,C1945024582,TRANSFER,1966991.19,0.0,0.0,3402196.31,5369187.5,0.0,1966991.19,1966991.19,0.5781531788936721,-0.020052887794335117,Flagged for Review
C723260537,C857365378,TRANSFER,1958538.73,0.0,0.0,3285556.13,5244094.86,0.0,1958538.7300000004,1958538.73,0.5961055165094633,-0.020052887794335117,Flagged for Review
C1905074411,C782738554,TRANSFER,1945858.4,0.0,0.0,3371228.65,5317087.05,0.0,1945858.4,1945858.4,0.5771954455846696,-0.020052887794335117,Flagged for Review
C574491005,C1014966415,TRANSFER,1977336.81,0.0,0.0,3187499.54,5164836.35,0.0,1977336.8099999996,1977336.81,0.6203408549069611,-0.020052887794335117,Flagged for Review
C2126620720,C881476481,TRANSFER,1881040.67,0.0,0.0,4469315.37,6350356.05,0.0,1881040.6799999997,1881040.67,0.4208788356596022,-0.019987347933312027,Flagged for Review
C507363127,C32955386,CASH_IN,636309.64,11307890.35,11944200.0,861649.82,225340.18,-636309.6500000004,-636309.6399999999,0.05627129057974191,0.7384773799669802,-0.01995726994749314,Flagged for Review
C1514453166,C1374753587,TRANSFER,1902403.44,48918.0,0.0,0.0,1902403.44,48918.0,1902403.44,38.88884564279728,1902403.44,-0.01981443190365395,Flagged for Review
C1281150879,C1718010611,TRANSFER,2193738.27,0.0,0.0,2253069.92,4446808.19,0.0,2193738.2700000005,2193738.27,0.9736658755508681,-0.019801702211650563,Flagged for Review
C1156121263,C602389249,TRANSFER,2753628.91,510.0,0.0,8996298.9,11749927.81,510.0,2753628.91,5388.7062818003915,0.30608460596116854,-0.01979940283941839,Flagged for Review
C1054935769,C1275435326,TRANSFER,943526.88,0.0,0.0,969970.47,4748180.14,0.0,3778209.67,943526.88,0.9727367342051824,-0.01978437303721592,Flagged for Review
C1594998888,C1215948772,CASH_IN,557838.58,1541696.16,2099534.75,11997116.57,11439277.99,-557838.5900000001,-557838.5800000001,0.3618340841984816,0.04649771720124936,-0.0197415329180326,Flagged for Review
C306318072,C119950815,TRANSFER,1758240.59,0.0,0.0,7749710.81,9507951.41,0.0,1758240.6000000006,1758240.59,0.22687819019685587,-0.01967009165177247,Flagged for Review
C486412679,C442677596,CASH_IN,747291.15,3705835.89,4453127.04,3299787.78,2552496.63,-747291.1499999999,-747291.1499999999,0.20165246668479248,0.2264663588558538,-0.019472604349540568,Flagged for Review
C737196516,C601635869,TRANSFER,1776633.12,0.0,0.0,3121224.62,5128250.75,0.0,2007026.13,1776633.12,0.5692100912589587,-0.019403824669322667,Flagged for Review
C987810027,C1982591789,CASH_IN,274925.21,23468001.81,23742927.02,8591687.08,8316761.88,-274925.2100000009,-274925.2000000002,0.011714895904258673,0.03199897475793837,-0.01940147330899311,Flagged for Review
C1174328495,C256908263,CASH_IN,865003.9,4428730.57,5293734.47,1593329.86,728325.96,-865003.8999999994,-865003.9000000001,0.19531639846033838,0.5428903197167724,-0.019367216780474594,Flagged for Review
C1948698654,C1190716101,TRANSFER,3731256.49,14375.36,0.0,3980806.96,7712063.45,14375.36,3731256.49,259.5411140232994,0.9373113517387561,-0.01934213771917981,Flagged for Review
C490223249,C55040366,CASH_IN,445618.17,15269920.24,15715538.42,4986544.18,4540926.01,-445618.1799999997,-445618.1699999999,0.029182741875098235,0.08936410960183058,-0.019317703376183437,Flagged for Review
C857933036,C772629104,TRANSFER,1886713.63,135.0,0.0,13855231.79,15741945.41,135.0,1886713.620000001,13872.894338235294,0.13617336197784663,-0.019289551639805946,Flagged for Review
C1401686864,C1080314178,CASH_IN,103462.32,19336521.17,19439983.5,15151900.39,14961802.38,-103462.32999999821,-190098.00999999978,0.005350616780535566,0.00682833905375621,-0.019273426412414696,Flagged for Review
C224979082,C1435884329,TRANSFER,2251444.72,543684.74,0.0,277180.94,3168612.19,543684.74,2891431.25,4.141077380473507,8.122624150765379,-0.01927145992772028,Flagged for Review
C137721331,C323039620,TRANSFER,1382536.5,0.0,0.0,15722017.41,17104553.91,0.0,1382536.5,1382536.5,0.08793632369242341,-0.019254392333239778,Flagged for Review
C1936575705,C1437074823,TRANSFER,966964.55,0.0,0.0,3823792.28,6482546.72,0.0,2658754.44,966964.55,0.2528809690256059,-0.019233172763341133,Flagged for Review
C86994591,C720221848,TRANSFER,2078881.84,0.0,0.0,2733613.85,4529329.76,0.0,1795715.9099999997,2078881.84,0.7604882011816697,-0.019207533846431923,Flagged for Review
C1796099978,C581092788,CASH_IN,468549.9,16364368.48,16832918.38,1560185.67,727548.45,-468549.8999999985,-832637.22,0.028632322227425046,0.3003165640429424,-0.019175916419672645,Flagged for Review
C1456891026,C1177023020,TRANSFER,1904575.61,0.0,0.0,3093340.62,4997916.23,0.0,1904575.6100000003,1904575.61,0.6157016728078032,-0.019170336167227187,Flagged for Review
C785327035,C264575974,TRANSFER,1833693.57,0.0,0.0,5616844.13,7450537.7,0.0,1833693.5700000003,1833693.57,0.32646325963414985,-0.019115264347788985,Flagged for Review
C416960881,C1474993569,CASH_IN,495302.21,13810993.29,14306295.5,4291285.58,3795983.37,-495302.2100000009,-495302.20999999996,0.03586289296771551,0.11542044577223272,-0.019095725453621815,Flagged for Review
C2090475309,C824197891,CASH_IN,101083.34,26592898.71,26693982.05,13245515.14,13144431.8,-101083.33999999985,-101083.33999999985,0.0038011401954029327,0.007631513859602605,-0.019088386947057834,Flagged for Review
C983134752,C75876659,TRANSFER,1893780.17,20183.0,0.0,50829.0,3287220.61,20183.0,3236391.61,93.82581103844629,37.257134959669486,-0.01908666484930488,Flagged for Review
C2047333030,C1738383463,TRANSFER,1766232.37,0.0,0.0,7443386.12,9209618.5,0.0,1766232.38,1766232.37,0.2372887962866024,-0.019081936386951104,Flagged for Review
C1604794445,C1559967425,CASH_IN,254249.67,22847338.58,23101588.24,9983631.15,9729381.49,-254249.66000000015,-254249.66000000015,0.011128195871985198,0.025466650431426402,-0.019081080267380424,Flagged for Review
C504678039,C1476289829,CASH_IN,400201.55,19955828.05,20356029.59,2892045.23,2491843.68,-400201.5399999991,-400201.5499999998,0.020054368525471006,0.13838006662846464,-0.019003295219126692,Flagged for Review
C235961818,C2139067802,CASH_IN,246323.5,28713939.13,28960262.63,8235742.25,7989418.75,-246323.5,-246323.5,0.008578533593257862,0.029909079547859874,-0.01899711604159915,Flagged for Review
C565224151,C732695590,TRANSFER,2197937.54,0.0,0.0,2231570.48,4429508.02,0.0,2197937.5399999996,2197937.54,0.9849281368302844,-0.01899329135918948,Flagged for Review
C1623144541,C221245660,TRANSFER,718271.35,0.0,0.0,4068705.19,8579366.85,0.0,4510661.66,718271.35,0.1765355659657499,-0.018989122322269347,Flagged for Review
C1819991740,C1738639270,TRANSFER,5195791.5,593.0,0.0,1352402.87,6548194.36,593.0,5195791.49,8747.123737373737,3.8418933983085983,-0.018947715101595097,Flagged for Review
C539863919,C1509998925,CASH_IN,433377.77,5027774.84,5461152.61,16739271.31,16305893.54,-433377.7700000005,-433377.7700000014,0.08619671675736443,0.025889881111564282,-0.01892233412910027,Flagged for Review
C1848409837,C1414763289,CASH_IN,557275.34,12074266.93,12631542.27,2841093.72,2283818.38,-557275.3399999999,-557275.3400000003,0.04615396504622703,0.19614810308049144,-0.018921184462770357,Flagged for Review
C1857212703,C1740992951,CASH_IN,565999.89,13559249.98,14125249.88,1053575.72,487575.83,-565999.9000000004,-565999.8899999999,0.041742710628695806,0.5372175364694847,-0.018916463913717152,Flagged for Review
C2095463779,C953168815,CASH_IN,475768.23,18226952.82,18702721.05,2488100.72,2012332.49,-475768.23000000045,-475768.2300000002,0.02610245434856761,0.19121735505250964,-0.018867328548239803,Flagged for Review
C1844917073,C726616428,TRANSFER,1868928.86,0.0,0.0,4155779.57,6024708.42,0.0,1868928.85,1868928.86,0.44971788777577354,-0.01884614615293212,Flagged for Review
C1205760135,C135922402,TRANSFER,1842655.05,113583.0,0.0,0.0,1842655.05,113583.0,1842655.05,16.222839924637274,1842655.05,-0.01884599668334208,Flagged for Review
C1473074634,C1633271169,TRANSFER,1870447.18,0.0,0.0,4425666.63,6296113.8,0.0,1870447.17,1870447.18,0.422636161676696,-0.018810995860862545,Flagged for Review
C958302915,C461226519,TRANSFER,1849078.32,0.0,0.0,3630404.72,5479483.04,0.0,1849078.3199999998,1849078.32,0.5093310397274274,-0.01881048955422282,Flagged for Review
C11988710,C428691311,TRANSFER,1844232.12,0.0,0.0,3662846.03,5507078.15,0.0,1844232.1200000006,1844232.12,0.5034968986952207,-0.01881048955422282,Flagged for Review
C310289006,C1441794900,TRANSFER,4821876.78,36682.0,0.0,492340.62,5314217.4,36682.0,4821876.78,131.44717662132322,9.79376226612733,-0.018792310236341647,Flagged for Review
C2023685563,C617963620,TRANSFER,1802966.33,0.0,0.0,7167625.94,8970592.27,0.0,1802966.3299999991,1802966.33,0.2515429925542414,-0.018726173881648878,Flagged for Review
C1195953786,C239180374,TRANSFER,2479244.59,32274.71,0.0,9057017.4,11536261.99,32274.71,2479244.59,76.81456395537077,0.2737373913251628,-0.018717545240901745,Flagged for Review
C221247534,C315306442,TRANSFER,675283.18,490047.08,0.0,43714478.64,44389761.82,490047.08,675283.1799999997,1.3779937266563722,0.015447585915722456,-0.018614039643874425,Flagged for Review
C1323677322,C1990262402,TRANSFER,1898012.02,0.0,0.0,3038508.53,4936520.55,0.0,1898012.02,1898012.02,0.6246523176117865,-0.018582631536075866,Flagged for Review
C1625770146,C276384108,CASH_IN,1722.6,32080891.49,32082614.09,10265228.62,10263506.02,-1722.6000000014901,-1722.5999999996275,5.369551363126681e-05,0.00016780920288853704,-0.018566471682642915,Flagged for Review
C687639487,C1028617657,TRANSFER,1859911.47,0.0,0.0,4742436.47,6602347.94,0.0,1859911.4700000007,1859911.47,0.3921847112936209,-0.01851723931974314,Flagged for Review
C2090311801,C87720493,CASH_IN,302723.02,1845499.44,2148222.46,10297872.27,16627030.64,-302723.02,6329158.370000001,0.1640330251018526,0.02939665424723177,-0.01846688809487329,Flagged for Review
C579423303,C1208032448,TRANSFER,2038584.22,0.0,0.0,2418185.44,4456769.66,0.0,2038584.2200000002,2038584.22,0.843021938374611,-0.01846601954344762,Flagged for Review
C1723641679,C27098668,TRANSFER,2024647.43,0.0,0.0,2479183.39,4503830.82,0.0,2024647.4300000002,2024647.43,0.8166586713624797,-0.01846601954344762,Flagged for Review
C533770282,C257042928,CASH_IN,513682.94,14949976.44,15463659.38,957033.99,443351.05,-513682.94000000134,-513682.94,0.03436011472670156,0.5367441581211153,-0.018392974980835253,Flagged for Review
C1350802504,C751912262,CASH_IN,506245.9,16185049.36,16691295.26,697668.03,191422.12,-506245.9000000004,-506245.91000000003,0.03127861135675824,0.725624727816856,-0.01836597137843654,Flagged for Review
C1989541487,C1067741229,CASH_IN,536093.23,7803434.45,8339527.67,7609228.96,7073135.73,-536093.2199999997,-536093.2299999995,0.0686996430527275,0.07045301992686787,-0.01835809104215791,Flagged for Review
C2012348353,C946027884,TRANSFER,1044470.13,0.0,0.0,1233768.67,4277611.22,0.0,3043842.55,1044470.13,0.8465681685950345,-0.018354003583306744,Flagged for Review
C1786278620,C1306362981,TRANSFER,1947703.85,0.0,0.0,2862961.01,4810664.86,0.0,1947703.8500000006,1947703.85,0.6803107562017563,-0.018344399476316386,Flagged for Review
C429949662,C554025243,TRANSFER,1971379.99,0.0,0.0,2816650.81,4788030.8,0.0,1971379.9899999998,1971379.99,0.6999019129737587,-0.018344399476316386,Flagged for Review
C737873760,C1330197080,TRANSFER,1061401.13,117658.0,0.0,37413310.55,38474711.68,117658.0,1061401.1300000027,9.020993974111626,0.028369611938294192,-0.018321091871307038,Flagged for Review
C358010587,C387984155,TRANSFER,1106480.32,30273.1,0.0,32044881.74,33151362.06,30273.1,1106480.3200000003,36.54874364555842,0.03452908000873528,-0.01830138203424425,Flagged for Review
C1454952220,C683642333,CASH_IN,92949.52,15759325.56,15852275.09,26061110.45,25968160.92,-92949.52999999933,-92949.52999999747,0.005898064212713414,0.003566598461402152,-0.01827225739486471,Flagged for Review
C856514192,C1997720696,CASH_IN,387638.44,19188586.39,19576224.83,4240610.77,3852972.33,-387638.4399999976,-387638.4399999995,0.020201509997656998,0.09141097111089706,-0.01826238627991572,Flagged for Review
C358964670,C273599666,CASH_IN,663080.29,9468791.67,10131871.96,1321546.7,658466.41,-663080.290000001,-663080.2899999999,0.07002796587793489,0.5017452567168026,-0.018241770594727202,Flagged for Review
C1324546211,C2126588032,CASH_IN,593450.38,3571905.81,4165356.19,8776071.33,8182620.95,-593450.3799999999,-593450.3799999999,0.1661438586075542,0.06762140940558999,-0.018228298523335296,Flagged for Review
C1832504077,C841959247,TRANSFER,1853364.17,0.0,0.0,4709322.51,6562686.68,0.0,1853364.17,1853364.17,0.3935521027732495,-0.018223615249849168,Flagged for Review
C1160392909,C1197336763,CASH_IN,456186.35,15520318.48,15976504.84,4003942.54,3547756.19,-456186.3599999994,-456186.3500000001,0.029392845333361655,0.11393426142067926,-0.018222769850755438,Flagged for Review
C1553791959,C1998977716,TRANSFER,1861421.13,0.0,0.0,3800854.52,5662275.64,0.0,1861421.1199999996,1861421.13,0.4897374078560081,-0.01821616252654057,Flagged for Review
C1765922630,C456440633,TRANSFER,2000566.4,0.0,0.0,2615513.09,4616079.5,0.0,2000566.4100000001,2000566.4,0.764884581447619,-0.018172418571410498,Flagged for Review
C1045459460,C49191134,TRANSFER,2006222.54,0.0,0.0,2502853.9,4509076.43,0.0,2006222.5299999998,2006222.54,0.8015736509535571,-0.018172418571410498,Flagged for Review
C1281667859,C161349047,TRANSFER,853891.13,0.0,0.0,7782764.29,9832623.93,0.0,2049859.6399999997,853891.13,0.10971564709745987,-0.01816342579459429,Flagged for Review
C1328424905,C1990526477,TRANSFER,2073402.09,0.0,0.0,2168492.95,4241895.05,0.0,2073402.0999999996,2073402.09,0.9561484319566582,-0.01811217257931319,Flagged for Review
C300949646,C616299968,TRANSFER,1716441.4,0.0,0.0,8416070.16,10132511.57,0.0,1716441.4100000001,1716441.4,0.20394806167489676,-0.018048704961390438,Flagged for Review
C158711129,C1723269243,TRANSFER,1835332.71,124030.0,0.0,0.0,1835332.71,124030.0,1835332.71,14.79737089921068,1835332.71,-0.017965077083796577,Flagged for Review
C1854637885,C998046219,CASH_IN,348504.96,23132047.22,23480552.18,5331519.47,4983014.51,-348504.9600000009,-348504.95999999996,0.015065892855034003,0.065366898985197,-0.017952691528005715,Flagged for Review
C1245785824,C1992153733,TRANSFER,1855144.66,0.0,0.0,4393537.76,6248682.42,0.0,1855144.6600000001,1855144.66,0.42224383608260235,-0.01793012359144197,Flagged for Review
C694679970,C1508456612,CASH_IN,163088.34,19761699.61,19924787.95,14553049.85,14389961.51,-163088.33999999985,-163088.33999999985,0.008252748243613838,0.011206470841129508,-0.017908205800809762,Flagged for Review
C138035077,C550830618,TRANSFER,1191399.72,1191399.72,0.0,0.0,0.0,1191399.72,0.0,0.9999991606518418,1191399.72,-0.017892486313170752,Flagged for Review
C1055549198,C1025392575,TRANSFER,1480895.14,0.0,0.0,13682553.46,15163448.6,0.0,1480895.1399999987,1480895.14,0.10823235853577591,-0.017827587905375752,Flagged for Review
C1639272482,C529078914,TRANSFER,1884705.16,20677.0,0.0,0.0,1884705.16,20677.0,1884705.16,91.14542799110166,1884705.16,-0.017766980146004085,Flagged for Review
C1573794849,C1574155936,TRANSFER,3031668.44,508528.0,0.0,113100.32,3144768.76,508528.0,3031668.44,5.96164317079262,26.804889987137194,-0.01774395787973615,Flagged for Review
C1434764880,C328994228,TRANSFER,1852341.54,0.0,0.0,4073454.77,5925796.31,0.0,1852341.5399999996,1852341.54,0.45473466378155863,-0.01767185121483883,Flagged for Review
C1178404831,C2131646292,CASH_IN,540347.88,4424500.5,4964848.38,7530710.9,6748766.46,-540347.8799999999,-781944.4400000004,0.12212627343441967,0.07175256299474157,-0.017671662305807745,Flagged for Review
C888213999,C204742222,TRANSFER,2033417.93,0.0,0.0,2382688.6,4416106.53,0.0,2033417.9300000002,2033417.93,0.8534128532730406,-0.01765926378201732,Flagged for Review
C671699268,C127459823,TRANSFER,2020189.3,0.0,0.0,2318791.95,4338981.25,0.0,2020189.2999999998,2020189.3,0.8712245308491212,-0.01765926378201732,Flagged for Review
C1160322154,C1639321637,TRANSFER,1448413.8,44924.91,0.0,18562680.38,20011094.18,44924.91,1448413.8000000007,32.24005479243492,0.07802826382402735,-0.01765080226716409,Flagged for Review
C670587931,C150406565,TRANSFER,1154353.99,1154353.99,0.0,0.0,10872.9,1154353.99,10872.9,0.9999991337153573,1154353.99,-0.017599143979288745,Flagged for Review
C1094134826,C908871857,TRANSFER,1702595.8,198730.0,0.0,0.0,1702595.8,198730.0,1702595.8,8.567338764460501,1702595.8,-0.01758532996036788,Flagged for Review
C695970601,C680344850,TRANSFER,2546172.41,5113.0,0.0,9356809.5,11902981.91,5113.0,2546172.41,497.8827551818538,0.27211969399187896,-0.01758206649676919,Flagged for Review
C590003036,C1277307497,TRANSFER,1896028.16,11921.0,0.0,0.0,1896028.16,11921.0,1896028.16,159.03608119443047,1896028.16,-0.01747369440986013,Flagged for Review
C1998830949,C1091062836,TRANSFER,2081157.45,0.0,0.0,1579559.59,3797537.79,0.0,2217978.2,2081157.45,1.3175546814573285,-0.017412839318421636,Flagged for Review
C2117578724,C219537637,TRANSFER,1803320.86,93594.0,0.0,0.0,1803320.86,93594.0,1803320.86,19.26727773919547,1803320.86,-0.01737845924476833,Flagged for Review
C1780781608,C267063122,CASH_IN,237752.26,20186987.53,20424739.79,10414627.09,10176874.83,-237752.2599999979,-237752.25999999978,0.011777500128197674,0.022828684610282615,-0.0173744618053141,Flagged for Review
C553217156,C2058868178,TRANSFER,1844474.45,0.0,0.0,4525438.73,6369913.18,0.0,1844474.4499999993,1844474.45,0.4075790553065215,-0.01734353727026794,Flagged for Review
C1630387139,C1554622120,TRANSFER,1846298.78,21497.0,0.0,12013849.92,13860148.7,21497.0,1846298.7799999993,85.88235091636432,0.15368084657404754,-0.01725941842035772,Flagged for Review
C228273573,C2079158515,CASH_IN,475755.76,26616961.03,27092716.79,2085556.21,1873130.32,-475755.7599999979,-212425.8899999999,0.01787415706810474,0.2281192564360294,-0.01725762313355461,Flagged for Review
C1257355247,C1960822425,TRANSFER,2113624.82,0.0,0.0,2253419.85,4367044.67,0.0,2113624.82,2113624.82,0.9379627511656332,-0.017232245298919646,Flagged for Review
C1190885680,C1230849966,CASH_IN,449068.61,16410621.19,16859689.8,2996082.95,2547014.33,-449068.61000000127,-449068.6200000001,0.027364508475104927,0.14988518929851746,-0.017221035538496077,Flagged for Review
C1848317069,C314579275,TRANSFER,1630940.54,250043.0,0.0,0.0,1630940.54,250043.0,1630940.54,6.522614179904337,1630940.54,-0.017210612360570088,Flagged for Review
C1434070917,C408304912,CASH_IN,501993.05,1585733.03,2087726.08,14900633.58,14398640.53,-501993.05000000005,-501993.05000000075,0.31656825199116145,0.033689373919268344,-0.017199033751429504,Flagged for Review
C378316102,C828830067,CASH_IN,755619.76,1009186.16,1764805.92,6659820.34,5904200.58,-755619.7599999999,-755619.7599999998,0.7487409570292194,0.1134594640642417,-0.017183381668428144,Flagged for Review
C1507325939,C2018652901,TRANSFER,1900674.19,3427.0,0.0,0.0,1900674.19,3427.0,1900674.19,554.4557147024503,1900674.19,-0.01718054093262944,Flagged for Review
C824737517,C66108215,CASH_IN,203286.52,11338535.2,11541821.72,51347849.33,51144562.8,-203286.52000000142,-203286.5300000012,0.017928815185155912,0.003959007411089803,-0.017091358009905133,Flagged for Review
C331274057,C524906418,TRANSFER,1873128.44,62847.0,0.0,0.0,1873128.44,62847.0,1873128.44,29.804105779022404,1873128.44,-0.017085348714390713,Flagged for Review
C1928409968,C204111341,CASH_IN,297938.19,17944346.68,18242284.87,9916864.64,9618926.45,-297938.19000000134,-297938.19000000134,0.016603456158624765,0.030043584416255133,-0.017047436006518035,Flagged for Review
C1222006703,C803116137,TRANSFER,931383.73,0.0,0.0,34462319.36,35393703.09,0.0,931383.7300000042,931383.73,0.027026146825593494,-0.017001205464634572,Flagged for Review
C14501613,C1906838477,CASH_IN,401849.05,28098576.39,28500425.44,1105502.86,703653.81,-401849.05000000075,-401849.05000000005,0.014301401968592687,0.36349854988294655,-0.01696511203945117,Flagged for Review
C875584024,C256240246,CASH_IN,233425.5,30745109.14,30978534.64,8244166.19,8010740.7,-233425.5,-233425.49000000022,0.0075922804939413365,0.028314018216799408,-0.016958995844749913,Flagged for Review
C1395938804,C227474719,CASH_IN,522908.88,1733541.88,2256450.75,12519286.64,11996377.77,-522908.8700000001,-522908.87000000104,0.30164173383470044,0.041768261504693725,-0.016924278559544148,Flagged for Review
C1365134291,C673279113,TRANSFER,1378686.72,50734.96,0.0,20468903.06,21847589.78,50734.96,1378686.7200000025,27.173758415135932,0.06735518012877921,-0.016914211330492757,Flagged for Review
C1817103570,C1303868418,CASH_IN,569038.9,8067733.13,8636772.03,6166117.39,5597078.49,-569038.8999999994,-569038.8999999994,0.0705326787956509,0.09228478339352807,-0.01687881072914532,Flagged for Review
C1644680857,C1062650008,CASH_IN,61360.72,17360199.36,17421560.09,3777587.52,5426368.66,-61360.73000000045,1648781.1400000001,0.003534562892567906,0.016243357283391997,-0.016839071219501123,Flagged for Review
C202053827,C1823188067,TRANSFER,1858842.46,0.0,0.0,3252486.98,5111329.43,0.0,1858842.4499999997,1858842.46,0.5715140137120507,-0.016822695360528717,Flagged for Review
C1218322192,C1107369132,TRANSFER,1144089.37,1144089.37,0.0,0.0,0.0,1144089.37,0.0,0.9999991259431718,1144089.37,-0.016719910445669783,Flagged for Review
C1012208815,C683354465,CASH_IN,686963.12,7331688.48,8018651.6,1582997.43,896034.31,-686963.1199999992,-686963.1199999999,0.09369779255844861,0.4339632352004291,-0.0166686222041329,Flagged for Review
C1417970575,C1169315321,TRANSFER,3746234.6,110182.0,0.0,2238995.55,5985230.16,110182.0,3746234.6100000003,34.000114355209064,1.673175691137175,-0.016661982678913057,Flagged for Review
C2092699592,C920240070,CASH_IN,682203.66,5382557.51,6064761.17,3283671.67,2601468.01,-682203.6600000001,-682203.6600000001,0.12674338025914,0.20775629259051576,-0.016624706756390273,Flagged for Review
C444130011,C1117631940,TRANSFER,1853071.83,0.0,0.0,3547483.45,5400555.29,0.0,1853071.8399999999,1853071.83,0.5223622135961723,-0.016573271148138446,Flagged for Review
C1878615720,C279588421,TRANSFER,1410536.95,0.0,0.0,14798888.93,16209425.89,0.0,1410536.960000001,1410536.95,0.09531369965395776,-0.01651779633514583,Flagged for Review
C1192734782,C1161731600,TRANSFER,1870117.4,57341.0,0.0,0.0,1870117.4,57341.0,1870117.4,32.6133968121098,1870117.4,-0.016499524133737786,Flagged for Review
C143005344,C1875742705,TRANSFER,1490007.24,0.0,0.0,12964809.78,14454817.02,0.0,1490007.2400000002,1490007.24,0.11492703328139126,-0.016448222066953955,Flagged for Review
C1978648535,C9653325,CASH_IN,94475.75,15714619.37,15809095.11,26615807.14,26521331.39,-94475.74000000022,-94475.75,0.006011965149368735,0.003549610423363985,-0.016444928687977978,Flagged for Review
C607038938,C2037821533,CASH_IN,877441.72,580955.58,1458397.3,6426242.69,5548800.97,-877441.7200000001,-877441.7200000007,1.5103395851029005,0.13654037449052914,-0.016415619700112738,Flagged for Review
C1042036334,C1696314924,CASH_IN,675042.57,9521725.07,10196767.64,915198.7,240156.12,-675042.5700000003,-675042.58,0.07089497902348287,0.7375904624968737,-0.016387020200805735,Flagged for Review
C2011161988,C995708099,TRANSFER,1901704.97,1085.0,0.0,0.0,1901704.97,1085.0,1901704.97,1751.1095488029466,1901704.97,-0.016355363242531618,Flagged for Review
C2112811155,C1271697873,TRANSFER,4746093.52,5077.0,0.0,472447.19,5218540.71,5077.0,4746093.52,934.6383458054352,10.045743894161177,-0.01633926617557413,Flagged for Review
C845554231,C2062333698,TRANSFER,1533360.12,0.0,0.0,11707064.54,13240424.66,0.0,1533360.120000001,1533360.12,0.13097732431418507,-0.01631160441037427,Flagged for Review
C1282343859,C1360767589,CASH_OUT,309008.23,104066.0,0.0,19190436.58,21456491.81,104066.0,2266055.2300000004,2.969320053427119,0.01610219822824905,-0.016310881220286455,Flagged for Review
C1912596049,C1937268769,TRANSFER,3854773.4,83341.0,0.0,2784054.67,6638828.07,83341.0,3854773.4000000004,46.252470543063524,1.3845891953733813,-0.016308441557073672,Flagged for Review
C1010217443,C286000653,TRANSFER,1863781.31,15072.0,0.0,0.0,1863781.31,15072.0,1863781.31,123.6503224308366,1863781.31,-0.01630187345812195,Flagged for Review
C1732237339,C1207972005,CASH_IN,540316.31,294066.22,834382.53,14511616.59,13971300.28,-540316.31,-540316.3100000005,1.8373904782722812,0.03723336193563519,-0.01628499800720218,Flagged for Review
C1979720001,C921681296,CASH_IN,353793.94,13548700.83,13902494.78,13217541.97,12863748.02,-353793.94999999925,-353793.9500000011,0.026112755630699418,0.02676699752768044,-0.01628062790099427,Flagged for Review
C91325708,C1359484306,TRANSFER,1621543.69,50265.0,0.0,4745069.72,7364724.84,50265.0,2619655.12,32.25925456571042,0.3417322492508605,-0.01627569587611999,Flagged for Review
C19810855,C517204283,TRANSFER,1854850.23,0.0,0.0,3097600.49,4952450.72,0.0,1854850.2299999995,1854850.23,0.5988020847704331,-0.01623710761658581,Flagged for Review
C1088129757,C1234610782,TRANSFER,1858108.9,0.0,0.0,3140926.37,4999035.27,0.0,1858108.8999999994,1858108.9,0.5915797091481296,-0.01623710761658581,Flagged for Review
C366127969,C1753906933,TRANSFER,4357588.1,530.0,0.0,2392706.03,6750294.13,530.0,4357588.1,8206.380602636535,1.8211958444406795,-0.01623145627128919,Flagged for Review
C1136747851,C170386422,TRANSFER,3764071.96,206063.0,0.0,576735.98,4340807.94,206063.0,3764071.9600000004,18.266518945570308,6.526496636300312,-0.016124574783204948,Flagged for Review
C1176665208,C303888116,CASH_IN,423554.8,9565634.28,9989189.09,10073939.98,9650385.18,-423554.8100000005,-423554.80000000075,0.04427879462282823,0.04204459812112181,-0.01606498659838318,Flagged for Review
C765111121,C1722329613,TRANSFER,1861431.06,101.0,0.0,0.0,1861431.06,101.0,1861431.06,18249.32411764706,1861431.06,-0.016062714083263208,Flagged for Review
C131252971,C463372585,TRANSFER,1864264.88,32339.0,0.0,0.0,1864264.88,32339.0,1864264.88,57.645790970933824,1864264.88,-0.01604344612239761,Flagged for Review
C1363972404,C1257547047,TRANSFER,1959921.0,0.0,0.0,2751270.05,4711191.05,0.0,1959921.0,1959921.0,0.7123692883694611,-0.01603004502897054,Flagged for Review
C263747319,C676877997,TRANSFER,1952656.99,0.0,0.0,2798613.91,4751270.9,0.0,1952656.9900000002,1952656.99,0.6977226423766891,-0.01603004502897054,Flagged for Review
C563799806,C1103901442,TRANSFER,1972218.93,0.0,0.0,2776505.55,4748724.48,0.0,1972218.9300000006,1972218.93,0.7103238888451389,-0.01603004502897054,Flagged for Review
C116736928,C245998020,CASH_IN,428386.35,19793322.06,20221708.41,433128.72,4742.36,-428386.3500000015,-428386.36,0.021642972668178134,0.98904861573572,-0.01602878149428444,Flagged for Review
C766803491,C1943248125,CASH_IN,187714.24,15434779.62,15622493.85,31585882.53,31398168.29,-187714.23000000045,-187714.2400000021,0.012161769228955843,0.005942978920368354,-0.01601566788658948,Flagged for Review
C1359535700,C2052499681,TRANSFER,1856142.22,0.0,0.0,3471962.26,5328104.48,0.0,1856142.2200000007,1856142.22,0.5346088310853843,-0.015987908312078858,Flagged for Review
C808824086,C676931970,CASH_IN,418101.09,25317571.35,25735672.43,1041881.27,623780.19,-418101.0799999982,-418101.0800000001,0.01651426464670496,0.4012939868916284,-0.01596733416780871,Flagged for Review
C1361885539,C278110204,CASH_IN,406266.45,1542.0,407808.45,25395661.54,24989395.09,-406266.45,-406266.44999999925,263.29646791963705,0.01599747395288865,-0.015966788279574096,Flagged for Review
C157893772,C606342066,TRANSFER,1369636.92,0.0,0.0,15138754.13,16508391.05,0.0,1369636.92,1369636.92,0.09047222894079533,-0.015932483521185814,Flagged for Review
C1330872284,C1968047792,TRANSFER,1839674.9,59203.0,0.0,0.0,1839674.9,59203.0,1839674.9,31.073489966894126,1839674.9,-0.015914227795973512,Flagged for Review
C1822419168,C1757252775,TRANSFER,1174084.87,8604.0,0.0,3728983.03,7313466.41,8604.0,3584483.3800000004,136.44216966879722,0.314853820921298,-0.015897198532076273,Flagged for Review
C1588411254,C2062676957,TRANSFER,1705863.95,141444.0,0.0,0.0,1705863.95,141444.0,1705863.95,12.060263353246844,1705863.95,-0.015828089178235527,Flagged for Review
C369212923,C1435363761,TRANSFER,1206863.59,0.0,0.0,3968389.09,6102879.66,0.0,2134490.5700000003,1206863.59,0.3041191925766552,-0.015819567075344265,Flagged for Review
C506016260,C1827996167,CASH_IN,293867.88,23416311.86,23710179.74,3175915.63,2527293.82,-293867.87999999896,-648621.81,0.012549707622927618,0.0925300989402861,-0.01580752801630747,Flagged for Review
C618758445,C1542059723,TRANSFER,1856359.68,154.0,0.0,0.0,1856359.68,154.0,1856359.68,11976.514064516128,1856359.68,-0.015770196895840027,Flagged for Review
C957768638,C263080067,TRANSFER,1859799.41,391.0,0.0,0.0,1859799.41,391.0,1859799.41,4744.38625,1859799.41,-0.015770196895840027,Flagged for Review
C1456320279,C433134137,CASH_IN,406679.74,27130992.13,27537671.87,797886.1,391206.36,-406679.7400000021,-406679.74,0.014989489623596391,0.5096958454397872,-0.015743903809795956,Flagged for Review
C1992471060,C580441921,TRANSFER,1526717.0,0.0,0.0,11254847.6,12781564.6,0.0,1526717.0,1526717.0,0.1356497145594655,-0.015726477521384896,Flagged for Review
C588449070,C11003494,CASH_IN,54988.56,8312731.68,8367720.25,60870.0,10588885.27,-54988.5700000003,10528015.27,0.006614979949048476,0.9033621921768986,-0.015718295415036,Flagged for Review
C174592834,C1518119248,TRANSFER,1858019.42,12329.0,0.0,0.0,1858019.42,12329.0,1858019.42,150.6909505271695,1858019.42,-0.015716755343612943,Flagged for Review
C1080257409,C1445995015,CASH_IN,431369.4,7727195.88,8158565.28,11635435.01,11204065.61,-431369.4000000004,-431369.4000000004,0.055824823244312115,0.0370737632547042,-0.01570120440763212,Flagged for Review
C575683165,C1228032113,CASH_IN,343901.27,17562373.9,17906275.17,8820071.82,8766976.23,-343901.2700000033,-53095.58999999985,0.019581706458162446,0.038990751779303334,-0.015678980763837225,Flagged for Review
C194515451,C1704444567,CASH_IN,411737.94,25132438.76,25544176.7,470503.23,58765.3,-411737.9399999976,-411737.93,0.01638272861416778,0.8750993375766251,-0.01562856170539373,Flagged for Review
C854885346,C991874143,CASH_IN,421145.62,106819.0,527964.62,22845316.41,22424170.8,-421145.62,-421145.6099999994,3.942572739187418,0.018434658290878175,-0.015625910010316213,Flagged for Review
C1692960163,C698140853,TRANSFER,2015881.13,49869.71,0.0,10173190.2,12189071.32,49869.71,2015881.120000001,40.42214618560674,0.19815622161903337,-0.015616985758810986,Flagged for Review
C1165107185,C926744741,CASH_IN,178438.51,19966895.19,20145333.7,11983373.31,11804934.8,-178438.5099999979,-178438.50999999978,0.008936717469857292,0.01489050624506446,-0.015549235126977257,Flagged for Review
C1230472428,C1282168984,TRANSFER,1727530.7,164035.0,0.0,0.0,1727530.7,164035.0,1727530.7,10.531412007120387,1727530.7,-0.015535677796281622,Flagged for Review
C822995111,C21531436,CASH_IN,194792.53,22591550.83,22786343.36,10166761.63,9971969.1,-194792.5300000012,-194792.5300000012,0.008622361644999046,0.019159740134505332,-0.015505807957085782,Flagged for Review
C815510585,C1050748835,TRANSFER,1631260.72,166777.31,0.0,13476769.5,15108030.22,166777.31,1631260.7200000007,9.78101241102635,0.12104240552289586,-0.015495134291068968,Flagged for Review
C1574044855,C2011996123,TRANSFER,1342244.87,0.0,0.0,14317573.03,15419286.15,0.0,1101713.120000001,1342244.87,0.09374806564209538,-0.015470917020033781,Flagged for Review
C1751131138,C1704416147,TRANSFER,1534254.78,0.0,0.0,11262875.95,12797130.73,0.0,1534254.7800000012,1534254.78,0.136222280222994,-0.015434111961800223,Flagged for Review
C380394805,C11003494,TRANSFER,1487557.25,0.0,0.0,10155564.02,11157336.25,0.0,1001772.2300000004,1487557.25,0.14647705441011494,-0.015431560221665364,Flagged for Review
C289761813,C732470450,TRANSFER,2031417.3,85649.81,0.0,2906242.53,5559105.81,85649.81,2652863.28,23.71743244459685,0.6989838528776011,-0.01541854598579806,Flagged for Review
C510740246,C310737318,CASH_IN,556171.08,3633458.88,4189629.97,9726401.08,9170230.0,-556171.0900000003,-556171.0800000001,0.1530692778696651,0.05718158425134733,-0.015241784658963087,Flagged for Review
C1197729999,C733426702,TRANSFER,1677561.77,0.0,0.0,9065699.0,10743260.77,0.0,1677561.7699999996,1677561.77,0.18504492427501462,-0.015193263718939809,Flagged for Review
C609251115,C107452460,TRANSFER,4790922.71,141.0,0.0,550108.6,5341031.31,141.0,4790922.71,33738.89232394366,8.709033090860439,-0.015169490148174036,Flagged for Review
C226890350,C1775250291,CASH_IN,456682.85,2095637.35,2552320.19,16291490.12,15834807.27,-456682.83999999985,-456682.8499999996,0.2179206397897805,0.028031985938927362,-0.015149239917040869,Flagged for Review
C116246557,C1321122275,TRANSFER,3293597.76,36767.35,0.0,4006185.15,7299782.91,36767.35,3293597.7600000002,89.5769802017224,0.8221279882363928,-0.0151277279905907,Flagged for Review
C1441159239,C1253654133,TRANSFER,1918900.7,0.0,0.0,2688291.87,4607192.58,0.0,1918900.71,1918900.7,0.7137989768205575,-0.015092341749468274,Flagged for Review
C71120610,C7530647,TRANSFER,4624328.6,61241.0,0.0,352656.13,4976984.73,61241.0,4624328.600000001,75.50910486267594,13.112817540368457,-0.01508875312962521,Flagged for Review
C944295490,C925862909,CASH_OUT,6063657.03,6063657.03,0.0,1215280.38,7278937.41,6063657.03,6063657.03,0.999999835083048,4.989508709497385,-0.015081379142443674,Flagged for Review
C604984661,C2144498326,CASH_IN,381316.76,1067986.33,1449303.09,27131839.41,26750522.65,-381316.76,-381316.76000000164,0.3570424004936463,0.014054216530753949,-0.015059313999340795,Flagged for Review
C1445614674,C1062650008,TRANSFER,2805806.23,1944.0,0.0,8138.97,3401863.13,1944.0,3393724.1599999997,1442.5738971722365,344.6949104235028,-0.015047832575114217,Flagged for Review
C515709449,C1472196427,CASH_IN,396259.71,19084587.18,19480846.89,3220084.89,2823825.18,-396259.7100000009,-396259.70999999996,0.02076333564353601,0.12305873928101961,-0.015005430810566933,Flagged for Review
C947224943,C8290162,CASH_IN,485517.55,9502569.49,9988087.04,9545960.89,9189593.77,-485517.5499999989,-356367.12000000104,0.05109328581260542,0.050861040049679056,-0.01497247746353858,Flagged for Review
C1036062727,C2004275725,CASH_OUT,418624.49,0.0,0.0,11271133.88,14595920.32,0.0,3324786.4399999995,418624.49,0.03714129007033939,-0.014966956048779512,Flagged for Review
C1347027110,C2109210506,CASH_IN,627174.63,10357815.68,10984990.31,1004767.62,377592.99,-627174.6300000008,-627174.63,0.06055085249877197,0.6241980666155756,-0.014963698821761962,Flagged for Review
C1510070473,C1608008030,TRANSFER,1792118.36,0.0,0.0,5773621.28,7463461.14,0.0,1689839.8599999994,1792118.36,0.31039757592178335,-0.014909420807060036,Flagged for Review
C952132575,C440457427,TRANSFER,1691465.05,0.0,0.0,8363426.98,10054892.04,0.0,1691465.0599999987,1691465.05,0.20224542544575125,-0.014901138615229126,Flagged for Review
C1201632959,C692644046,TRANSFER,2351074.4,31531.0,0.0,9129898.71,11480973.12,31531.0,2351074.4099999983,74.56153748572878,0.2575137158872471,-0.014849003456014143,Flagged for Review
C1523476367,C1336127848,CASH_IN,267391.76,7684390.56,7951782.32,32366699.92,32099308.15,-267391.7600000007,-267391.7700000033,0.034796738025671355,0.008261322668037927,-0.014782769080891378,Flagged for Review
C1745995640,C1260103676,CASH_IN,501753.72,13407418.68,13909172.41,3564441.76,3062688.04,-501753.73000000045,-501753.71999999974,0.03742358574397964,0.14076638447688244,-0.014724438073692392,Flagged for Review
C1502629151,C2006186407,TRANSFER,3257826.24,115668.0,0.0,3304679.75,6562505.99,115668.0,3257826.24,28.165076554651638,0.985821774160787,-0.014677307328259004,Flagged for Review
C103717157,C909346905,CASH_OUT,6262505.91,6262505.91,0.0,150228.21,6412734.11,6262505.91,6262505.9,0.9999998403195375,41.686339893553324,-0.014674976044078747,Flagged for Review
C1121277415,C1097497517,CASH_IN,465631.59,4279867.31,4745498.9,13648968.8,13183337.21,-465631.5900000008,-465631.58999999985,0.10879577507374288,0.034114779124209064,-0.014640251150469852,Flagged for Review
C757103630,C1684776894,TRANSFER,994039.51,0.0,0.0,1206776.14,4335049.87,0.0,3128273.7300000004,994039.51,0.8237142360850489,-0.014635704142001549,Flagged for Review
C106633414,C695449240,TRANSFER,4754372.86,161.0,0.0,377036.23,5131409.09,161.0,4754372.859999999,29347.980617283953,12.609823332300634,-0.014585393113098255,Flagged for Review
C1713997439,C1310541113,CASH_IN,26436.53,22486819.34,22513255.86,11953151.2,11926714.67,-26436.519999999553,-26436.52999999933,0.001175645538154373,0.002211678522758206,-0.014549075671656309,Flagged for Review
C1553681487,C835028163,CASH_IN,157557.0,28962679.92,29120236.92,9264320.27,9106763.26,-157557.0,-157557.00999999978,0.005440000545363879,0.017006858398812847,-0.014548226278992216,Flagged for Review
C1625447784,C1707898086,TRANSFER,1841917.61,10117.0,0.0,0.0,1841917.61,10117.0,1841917.61,182.0436459774659,1841917.61,-0.014548101456435258,Flagged for Review
C1437564650,C1398369151,TRANSFER,1854663.03,0.0,0.0,2925279.16,4779942.19,0.0,1854663.0300000003,1854663.03,0.6340121043312309,-0.014538608129020636,Flagged for Review
C1034409774,C271581089,TRANSFER,1924004.96,0.0,0.0,2699785.1,4623790.06,0.0,1924004.9599999995,1924004.96,0.7126508874165993,-0.014508314279744194,Flagged for Review
C185621276,C420757019,TRANSFER,1920397.67,0.0,0.0,2526396.0,4446793.67,0.0,1920397.67,1920397.67,0.7601329759337111,-0.014508314279744194,Flagged for Review
C1537183272,C1760015913,TRANSFER,385775.89,0.0,0.0,12586391.42,15730545.38,0.0,3144153.960000001,385775.89,0.030650235359497874,-0.014504139706142505,Flagged for Review
C795636942,C1196309169,TRANSFER,4570540.0,29323.0,0.0,1040125.0,5610665.0,29323.0,4570540.0,155.8634565543582,4.394217623634059,-0.014454821585035194,Flagged for Review
C1768570952,C1818949884,TRANSFER,1779441.03,99722.0,0.0,0.0,1779441.03,99722.0,1779441.03,17.843837730513524,1779441.03,-0.014441492873642381,Flagged for Review
C568380289,C490861577,TRANSFER,1673851.41,0.0,0.0,9330915.78,11004767.18,0.0,1673851.4000000004,1673851.41,0.17938766891456512,-0.014435076402092961,Flagged for Review
C2125816397,C1376778217,CASH_IN,202221.34,23680477.18,23882698.52,9396826.84,9194605.5,-202221.33999999985,-202221.33999999985,0.008539580090523325,0.02152017078989073,-0.014337534324411427,Flagged for Review
C891169694,C1898150915,TRANSFER,1876606.61,0.0,0.0,2851567.66,4728174.27,0.0,1876606.6099999994,1876606.61,0.6580962388610345,-0.014277007694284971,Flagged for Review
C1084735086,C1124022775,TRANSFER,1017403.68,0.0,0.0,19806304.23,20823707.91,0.0,1017403.6799999997,1017403.68,0.051367666416600004,-0.014269841690198959,Flagged for Review
C1505693271,C1903505696,TRANSFER,1018096.18,0.0,0.0,22334479.41,23352575.59,0.0,1018096.1799999997,1018096.18,0.04558405484750653,-0.014269841690198959,Flagged for Review
C1330038592,C1751724342,TRANSFER,1840815.85,0.0,0.0,4061782.46,5902598.32,0.0,1840815.8600000003,1840815.85,0.4532038372129272,-0.014246072720386693,Flagged for Review
C1282111462,C1859015091,TRANSFER,1977041.48,0.0,0.0,2494800.22,4471841.7,0.0,1977041.48,1977041.48,0.7924645315028345,-0.014216498057977867,Flagged for Review
C620785265,C824861302,TRANSFER,1979987.11,0.0,0.0,2567866.53,4547853.64,0.0,1979987.1099999999,1979987.11,0.7710627931028826,-0.014216498057977867,Flagged for Review
C910397882,C1617899023,TRANSFER,4705935.87,52522.0,0.0,795561.62,5501497.48,52522.0,4705935.86,89.59762142299564,5.9152299915750195,-0.014212914290872791,Flagged for Review
C642449252,C1536530526,CASH_IN,279067.73,15913540.93,16192608.66,13811083.63,13532015.9,-279067.73000000045,-279067.73000000045,0.017536493838238812,0.020206069072505564,-0.014203798597994588,Flagged for Review
C1885606735,C1958598801,TRANSFER,2731862.02,26764.0,0.0,233328.36,3529923.07,26764.0,3296594.71,102.06844834672147,11.708179459284507,-0.014155573635082686,Flagged for Review
C1068564493,C1451019763,TRANSFER,4573520.33,15877.0,0.0,971264.4,5544784.74,15877.0,4573520.34,288.0413358105555,4.708826578193767,-0.01412893092355294,Flagged for Review
C450672778,C177047954,CASH_IN,416229.14,8709144.48,9125373.62,10857637.59,10441408.46,-416229.13999999873,-416229.12999999896,0.047792190514654255,0.03833514410613662,-0.014127021923900362,Flagged for Review
C837891387,C598066106,TRANSFER,1367308.26,0.0,0.0,14881333.15,16248641.41,0.0,1367308.2599999998,1367308.26,0.09188075788218222,-0.014119209329740534,Flagged for Review
C522109120,C360560728,CASH_IN,455908.72,18389458.8,18845367.52,1827221.76,1371313.04,-455908.7199999988,-455908.72,0.02479184951370893,0.24950910747193186,-0.014014692310619581,Flagged for Review
C1853315583,C1707877090,TRANSFER,1960644.27,0.0,0.0,2324332.76,4284977.02,0.0,1960644.2599999998,1960644.27,0.8435295755459836,-0.01399804876364874,Flagged for Review
C16853832,C35700092,TRANSFER,2032878.49,0.0,0.0,2185916.18,4176658.36,0.0,1990742.1799999997,2032878.49,0.9299887976542642,-0.013858060314340892,Flagged for Review
C1000077677,C1483097104,TRANSFER,1627720.86,175841.0,0.0,0.0,1627720.86,175841.0,1627720.86,9.256723990855427,1627720.86,-0.01382646711778246,Flagged for Review
C1681196660,C2133851346,TRANSFER,1654314.04,0.0,0.0,9198857.14,10853171.19,0.0,1654314.0499999989,1654314.04,0.17983906424281482,-0.01380838800379569,Flagged for Review
C162587198,C1265459903,CASH_IN,475735.61,17843043.56,18318779.17,1955475.98,1479740.37,-475735.61000000313,-475735.60999999987,0.026662244125449857,0.2432836667808792,-0.013723098690559099,Flagged for Review
C1988956343,C1917319473,CASH_IN,396235.54,25587251.78,25983487.31,1377183.9,980948.36,-396235.52999999747,-396235.5399999999,0.015485661685013453,0.2877141188521599,-0.013711675148448843,Flagged for Review
C87570295,C1175707090,TRANSFER,1919534.44,0.0,0.0,2369745.73,4289280.17,0.0,1919534.44,1919534.44,0.8100167058781003,-0.013706462649092921,Flagged for Review
C166496736,C754619416,TRANSFER,1616755.76,0.0,0.0,9455412.25,11072168.0,0.0,1616755.75,1616755.76,0.17098731882501275,-0.013560121502601219,Flagged for Review
C1496057041,C987639254,TRANSFER,1655891.08,0.0,0.0,9623183.43,11279074.51,0.0,1655891.08,1655891.08,0.17207308994700418,-0.013560121502601219,Flagged for Review
C768788704,C2043568174,CASH_IN,634079.05,8648232.1,9282311.16,2483932.01,1849852.96,-634079.0600000005,-634079.0499999998,0.07331891296963308,0.2552722023690969,-0.01349286287170992,Flagged for Review
C2138324792,C995604551,TRANSFER,3209589.3,29665.07,0.0,3549839.92,6759429.21,29665.07,3209589.29,108.19057933861815,0.9041501780874169,-0.013492632946789263,Flagged for Review
C928134502,C260663093,CASH_IN,408214.11,21730389.56,22138603.67,1365465.52,957251.42,-408214.11000000313,-408214.1,0.01878540143458885,0.29895578106155246,-0.013486565593624378,Flagged for Review
C1362574190,C1295141662,TRANSFER,1844569.28,1937.0,0.0,0.0,1844569.28,1937.0,1844569.28,951.7901341589268,1844569.28,-0.013434803246896054,Flagged for Review
C1212025072,C284402058,TRANSFER,1955460.45,0.0,0.0,2461984.75,4417445.2,0.0,1955460.4500000002,1955460.45,0.7942614818140195,-0.013415008026996023,Flagged for Review
C1780787997,C407237751,TRANSFER,1987513.28,0.0,0.0,2396964.42,4384477.7,0.0,1987513.2800000003,1987513.28,0.8291789541127381,-0.013415008026996023,Flagged for Review
C2106527100,C1767662163,TRANSFER,2182864.98,0.0,0.0,989271.04,3172136.01,0.0,2182864.9699999997,2182864.98,2.2065366165610016,-0.013409822432645213,Flagged for Review
C1808320383,C326404144,TRANSFER,1435695.8,0.0,0.0,12259584.29,13695280.09,0.0,1435695.8000000007,1435695.8,0.11710802331715742,-0.01334900319834309,Flagged for Review
C738363842,C766681183,CASH_IN,359368.35,7261753.98,7621122.33,18167901.91,17805370.66,-359368.3499999996,-362531.25,0.049487809901291924,0.019780397978800074,-0.013348220120620535,Flagged for Review
C1317454062,C748025385,TRANSFER,1838515.14,0.0,0.0,4507769.07,6346284.21,0.0,1838515.1399999997,1838515.14,0.4078546845669082,-0.013336518515622897,Flagged for Review
C1232389912,C646183851,CASH_IN,441054.35,15658697.6,16099751.95,1737590.28,945006.86,-441054.3499999996,-792583.42,0.02816673091849408,0.25383089514583657,-0.013304365120477613,Flagged for Review
C1074817081,C1799802002,TRANSFER,1671309.29,142569.0,0.0,0.0,1671309.29,142569.0,1671309.29,11.722727712702532,1671309.29,-0.01324358109772461,Flagged for Review
C783488821,C11003494,CASH_IN,145697.63,6314994.42,6460692.05,11919932.15,15026180.08,-145697.6299999999,3106247.9299999997,0.023071692109002354,0.01222302408633894,-0.01321441755136521,Flagged for Review
C521570381,C1076711653,CASH_IN,433140.92,17281963.52,17715104.44,2319477.08,1886336.16,-433140.9200000018,-433140.92000000016,0.025063176093130874,0.18674068262805052,-0.013167982442616855,Flagged for Review
C1313293074,C1134075142,CASH_IN,403760.24,18125576.88,18529337.13,3339198.17,2935437.92,-403760.25,-403760.25,0.022275716817035354,0.1209152911954036,-0.013165238701347781,Flagged for Review
C732190701,C71360874,TRANSFER,1999642.44,0.0,0.0,2119871.71,4119514.15,0.0,1999642.44,1999642.44,0.943284203135008,-0.013134732344799227,Flagged for Review
C178548078,C572974031,TRANSFER,2012917.67,0.0,0.0,2062193.17,4075110.84,0.0,2012917.67,2012917.67,0.9761048204301732,-0.013134732344799227,Flagged for Review
C169509547,C1038239649,TRANSFER,1805181.21,30503.0,0.0,0.0,1805181.21,30503.0,1805181.21,59.17850806451613,1805181.21,-0.013124289884204554,Flagged for Review
C367804949,C1196305953,TRANSFER,1912129.54,0.0,0.0,2475332.31,4387461.85,0.0,1912129.5399999996,1912129.54,0.7724735623583557,-0.013123684838060923,Flagged for Review
C331687524,C756490250,TRANSFER,1939958.26,0.0,0.0,2414198.52,4354156.78,0.0,1939958.2600000002,1939958.26,0.8035616956795684,-0.013123684838060923,Flagged for Review
C1315255045,C734161352,TRANSFER,1836477.09,0.0,0.0,3043262.39,4879739.47,0.0,1836477.0799999996,1836477.09,0.6034565052878975,-0.013110073378238218,Flagged for Review
C547740498,C1731613494,CASH_IN,397255.09,21986702.27,22383957.36,1223016.89,825761.8,-397255.08999999985,-397255.08999999985,0.018067969768893872,0.32481543667362056,-0.013098958977817876,Flagged for Review
C793331720,C575386170,TRANSFER,2123583.81,451141.62,0.0,5443638.97,7567222.78,451141.62,2123583.8100000005,4.70712301577714,0.39010364787221596,-0.013017576012403609,Flagged for Review
C745675977,C440480434,TRANSFER,1469539.6,305.0,0.0,0.0,1980199.6,305.0,1980199.6,4802.416993464052,1469539.6,-0.013003695539379412,Flagged for Review
C1586105011,C1675116144,TRANSFER,1759143.6,94889.0,0.0,0.0,1759143.6,94889.0,1759143.6,18.538766993360735,1759143.6,-0.01298387766546194,Flagged for Review
C1602822401,C655932468,TRANSFER,1766519.28,104342.0,0.0,0.0,1766519.28,104342.0,1766519.28,16.929926109082544,1766519.28,-0.01298387766546194,Flagged for Review
C1392276087,C1394905270,TRANSFER,1762225.84,106322.0,0.0,0.0,1762225.84,106322.0,1762225.84,16.574267467998457,1762225.84,-0.01298387766546194,Flagged for Review
C110011811,C1552181570,CASH_IN,701376.04,2881297.56,3582673.6,4934246.61,4232870.57,-701376.04,-701376.04,0.24342359023009405,0.1421444758018538,-0.012974459542506755,Flagged for Review
C1644047999,C1510405270,CASH_IN,850405.24,16966.0,867371.24,6817333.51,5966928.28,-850405.24,-850405.2299999995,50.121131608416334,0.12474160373861426,-0.012972590239593407,Flagged for Review
C1850232097,C1538756478,TRANSFER,2597092.3,285694.13,0.0,3606457.46,6203549.76,285694.13,2597092.3,9.090432518048171,0.7201226158029835,-0.012968344080005467,Flagged for Review
C2135927744,C584854479,CASH_IN,395420.45,29427470.73,29822891.18,532531.12,137110.67,-395420.44999999925,-395420.44999999995,0.013437119356634584,0.7425288262424434,-0.012934516218188308,Flagged for Review
C955366988,C1305075214,TRANSFER,1650211.44,0.0,0.0,9141407.12,10791618.56,0.0,1650211.4400000013,1650211.44,0.1805204863777595,-0.01293428054839374,Flagged for Review
C1802228233,C1534377941,TRANSFER,1628094.3,3266.0,0.0,0.0,1819253.1,3266.0,1819253.1,498.34536271809003,1628094.3,-0.012866037385308005,Flagged for Review
C2054339448,C729545528,TRANSFER,2008284.9,0.0,0.0,2125766.29,4134051.19,0.0,2008284.9,2008284.9,0.9447341246839864,-0.012843535547817586,Flagged for Review
C842331982,C1262822392,CASH_IN,247575.4,5790179.68,6037755.07,8291485.93,12494367.15,-247575.3900000006,4202881.220000001,0.042757802162401604,0.029858986945300533,-0.012829368034398603,Flagged for Review
C1339364860,C2067413341,TRANSFER,4558911.21,55655.0,0.0,232363.92,4791275.13,55655.0,4558911.21,81.91230433376455,19.61961904576646,-0.012810764375260297,Flagged for Review
C1329847897,C367500003,TRANSFER,1835976.14,20747.0,0.0,0.0,1835976.14,20747.0,1835976.14,88.48930692114902,1835976.14,-0.01279906935050279,Flagged for Review
C1795201650,C1740005576,TRANSFER,1833210.38,15414.0,0.0,0.0,1833210.38,15414.0,1833210.38,118.92380019461562,1833210.38,-0.01279906935050279,Flagged for Review
C1363825934,C1390796097,TRANSFER,1844573.84,20954.0,0.0,0.0,1844573.84,20954.0,1844573.84,88.02547554282988,1844573.84,-0.01279906935050279,Flagged for Review
C1160499862,C453988937,TRANSFER,1836500.11,20010.0,0.0,0.0,1836500.11,20010.0,1836500.11,91.77452950877019,1836500.11,-0.01279906935050279,Flagged for Review
C808336748,C1452375384,TRANSFER,2119974.2,153099.06,0.0,8233239.07,10353213.27,153099.06,2119974.1999999993,13.846984775838758,0.25748966166123227,-0.012769617885235007,Flagged for Review
C567146539,C1918234480,TRANSFER,1615113.65,0.0,0.0,9236924.34,10852037.99,0.0,1615113.6500000004,1615113.65,0.1748540331928243,-0.012686349767438765,Flagged for Review
C2068133815,C1169703614,TRANSFER,1534987.54,0.0,0.0,10937329.82,12472317.36,0.0,1534987.539999999,1534987.54,0.14034388876608928,-0.012647109021667324,Flagged for Review
C90557182,C1077926612,TRANSFER,2235967.16,407164.08,0.0,4841467.53,7077434.69,407164.08,2235967.16,5.491549422656776,0.4618365576776764,-0.012632368936639882,Flagged for Review
C1252372914,C912754623,CASH_IN,220717.99,19054334.74,19275052.73,11665196.16,11444478.17,-220717.9900000021,-220717.99000000022,0.011583609788960295,0.01892106811163404,-0.012565393299099115,Flagged for Review
C1786829107,C651658082,TRANSFER,1835561.97,23890.0,0.0,0.0,1835561.97,23890.0,1835561.97,76.83068812523544,1835561.97,-0.012508023922706002,Flagged for Review
C325014374,C1094893744,TRANSFER,1826000.56,21661.0,0.0,0.0,1826000.56,21661.0,1826000.56,84.29510479180131,1826000.56,-0.012508023922706002,Flagged for Review
C234453522,C350766047,TRANSFER,1829523.44,16347.0,0.0,0.0,1829523.44,16347.0,1829523.44,111.9111475409836,1829523.44,-0.012508023922706002,Flagged for Review
C1973014,C2008882326,TRANSFER,1758019.89,0.0,0.0,6536647.1,8294666.99,0.0,1758019.8900000006,1758019.89,0.26894822286670134,-0.012483496531997762,Flagged for Review
C1340016700,C2126988635,CASH_IN,284042.03,9691357.78,9975399.82,16752584.02,16161725.11,-284042.04000000097,-590858.9100000001,0.02930879316801024,0.016955116458797118,-0.012482746267566736,Flagged for Review
C2078257231,C178948260,TRANSFER,2331895.95,322271.75,0.0,4074861.1,6406757.05,322271.75,2331895.9499999997,7.235783819761368,0.5722637705948381,-0.012430524733620829,Flagged for Review
C612457789,C2093960213,CASH_IN,352151.35,3256403.96,3608555.31,25827318.68,25475167.33,-352151.3500000001,-352151.3500000015,0.10814114163491508,0.013634839168878091,-0.012356845744972977,Flagged for Review
C1719717798,C747966394,CASH_IN,405848.99,17790478.2,18196327.18,3459601.93,3053752.94,-405848.98000000045,-405848.9900000002,0.022812707034895383,0.11731085856144768,-0.01235233054851348,Flagged for Review
C1896994427,C760134877,TRANSFER,1231066.0,0.0,0.0,16225299.62,17456365.62,0.0,1231066.0000000019,1231066.0,0.07587323211025966,-0.012290375976545476,Flagged for Review
C1964696356,C1181960746,TRANSFER,1845904.94,0.0,0.0,2881150.24,4727055.18,0.0,1845904.9399999995,1845904.94,0.640683111102491,-0.012237784762888504,Flagged for Review
C39205363,C153954391,TRANSFER,748020.5,0.0,0.0,102026697.55,102774718.06,0.0,748020.5100000054,748020.5,0.007331615259837299,-0.012177776200642643,Flagged for Review
C2003752857,C1436715022,TRANSFER,1758192.16,61441.0,0.0,7997432.41,10009778.57,61441.0,2012346.1600000001,28.615477360762995,0.21984455135338224,-0.012172180396229249,Flagged for Review
C393885413,C959887258,TRANSFER,1042800.62,0.0,0.0,17955779.12,18998579.74,0.0,1042800.6199999973,1042800.62,0.058076040864327536,-0.012126969597983872,Flagged for Review
C1322772763,C244684090,CASH_IN,625810.96,812375.9,1438186.86,9534557.23,8908746.27,-625810.9600000001,-625810.9600000009,0.770345587128339,0.06563607299926259,-0.012107385920907321,Flagged for Review
C623150455,C418053272,TRANSFER,1208620.82,0.0,0.0,0.0,1432689.11,0.0,1432689.11,1208620.82,1208620.82,-0.012066350595775654,Flagged for Review
C336899857,C837100079,TRANSFER,1615385.55,0.0,0.0,8999991.01,10615376.57,0.0,1615385.5600000005,1615385.55,0.17948744267829633,-0.012061355111358418,Flagged for Review
C1997108026,C1841092703,TRANSFER,1125337.74,0.0,0.0,1345222.33,3931592.89,0.0,2586370.56,1125337.74,0.8365434310450146,-0.012060032023675005,Flagged for Review
C687661237,C847245364,CASH_IN,626566.86,6980515.58,7607082.44,2752309.4,2125742.54,-626566.8600000003,-626566.8599999999,0.08975938282206615,0.22765123439565538,-0.012037384686414243,Flagged for Review
C993121204,C1246742479,TRANSFER,975630.88,5037.23,0.0,12091835.86,13936770.74,5037.23,1844934.8800000008,193.645562032698,0.08068508459847018,-0.012018052670519364,Flagged for Review
C267052957,C994497875,CASH_IN,496879.65,14748326.47,15245206.12,2434006.93,1937127.29,-496879.6499999985,-496879.64000000013,0.033690576169448185,0.20414052225376275,-0.011996866967317055,Flagged for Review
C1079747011,C690700537,TRANSFER,1800446.23,11486.0,0.0,0.0,1800446.23,11486.0,1800446.23,156.73772351353705,1800446.23,-0.011926326753824545,Flagged for Review
C1738647329,C145970391,CASH_IN,651641.23,4920560.71,5572201.94,4151091.5,3499450.27,-651641.2300000004,-651641.23,0.13243228484985303,0.1569806575016095,-0.01191768227613077,Flagged for Review
C1971838528,C401860911,CASH_IN,394245.81,24015414.07,24409659.88,1543255.41,1149009.61,-394245.80999999866,-394245.7999999998,0.0164163646079343,0.2554635817129054,-0.011889098249488583,Flagged for Review
C1616895667,C461928482,TRANSFER,2336617.04,385170.97,0.0,2957620.19,5294237.22,385170.97,2336617.03,6.0664254462753355,0.7900325599168432,-0.011868847203324595,Flagged for Review
C1299032673,C2040997164,CASH_IN,409320.57,23533385.44,23942706.0,1096162.76,686842.2,-409320.55999999866,-409320.56000000006,0.01739318610364858,0.3734118796264529,-0.011849901679224839,Flagged for Review
C457295310,C631524784,CASH_IN,363483.56,22059046.15,22422529.71,3044553.88,2681070.32,-363483.5600000024,-363483.56000000006,0.016477754343981264,0.11938807948175334,-0.011834187854081524,Flagged for Review
C427993373,C1787518676,CASH_IN,497971.41,12846248.85,13344220.26,3280012.56,2782041.16,-497971.41000000015,-497971.3999999999,0.03876395180029914,0.15181992418348417,-0.011750938940547462,Flagged for Review
C507195544,C1107677439,CASH_IN,303705.57,9560485.92,9864191.49,21077927.33,20774221.76,-303705.5700000003,-303705.5699999966,0.03176674708530431,0.014408701142025377,-0.011750288869206926,Flagged for Review
C1298048197,C922466825,TRANSFER,1678611.4,0.0,0.0,8155520.44,9834131.84,0.0,1678611.3999999994,1678611.4,0.20582514709200492,-0.01170932128507074,Flagged for Review
C400371879,C791767143,TRANSFER,1482787.35,0.0,0.0,11791635.97,13274423.31,0.0,1482787.3399999999,1482787.35,0.12574906722217383,-0.011706587107380817,Flagged for Review
C1744642689,C722491384,TRANSFER,4522733.41,15915.0,0.0,389382.03,4912115.44,15915.0,4522733.41,284.1626922593617,11.615127166687259,-0.011686884928495678,Flagged for Review
C444571782,C1408474568,CASH_IN,406513.8,19612592.88,20019106.68,2425182.08,2018668.28,-406513.80000000075,-406513.80000000005,0.020727181855049966,0.16762190176586586,-0.011681786444495246,Flagged for Review
C930237420,C746292940,TRANSFER,1897918.5,0.0,0.0,2471474.11,4369392.61,0.0,1897918.5000000005,1897918.5,0.7679294411344487,-0.011669038317275948,Flagged for Review
C1067822030,C682808483,TRANSFER,1876469.21,0.0,0.0,2454179.09,4330648.3,0.0,1876469.21,1876469.21,0.7646012685238597,-0.011669038317275948,Flagged for Review
C2070072124,C1222966185,TRANSFER,1901911.65,0.0,0.0,2510751.3,4412662.95,0.0,1901911.6500000004,1901911.65,0.7575066843511405,-0.011669038317275948,Flagged for Review
C2039600028,C95137,CASH_IN,444960.49,36026.0,480986.49,20770796.27,20325835.79,-444960.49,-444960.48000000045,12.350750548199962,0.021422407826524416,-0.011653064127997936,Flagged for Review
C1367687907,C1919285360,TRANSFER,1894865.72,0.0,0.0,2273304.02,4168169.73,0.0,1894865.71,1894865.72,0.8335290263864371,-0.011631449520045689,Flagged for Review
C1988799960,C1761861940,TRANSFER,919083.01,0.0,0.0,1875297.72,5250604.51,0.0,3375306.79,919083.01,0.4900995239841043,-0.011576801158916017,Flagged for Review
C1647335711,C183579091,CASH_IN,28936.87,25806481.86,25835418.73,10355828.31,10326891.44,-28936.870000001043,-28936.870000001043,0.0011213023547990762,0.002794259072236485,-0.011572768813309597,Flagged for Review
C1638103111,C1626619518,TRANSFER,1819754.53,6054.0,0.0,0.0,1819754.53,6054.0,1819754.53,300.5374946325351,1819754.53,-0.011540654351031798,Flagged for Review
C1438978741,C749762750,CASH_IN,602642.1,9775026.98,10377669.08,2574794.63,1972152.53,-602642.0999999996,-602642.0999999999,0.061651189258283834,0.23405434317907398,-0.011501797461431762,Flagged for Review
C363211788,C1292068400,CASH_IN,690561.36,5509482.98,6200044.34,1571569.6,881008.24,-690561.3599999994,-690561.3600000001,0.1253404788010655,0.4394084236495643,-0.011454667903948113,Flagged for Review
C990823587,C1506986844,CASH_OUT,813992.49,813992.49,0.0,24794625.2,25608617.69,813992.49,813992.4900000021,0.9999987714889464,0.03282939147515763,-0.01144991414846075,Flagged for Review
C1480898871,C1870107004,TRANSFER,1831396.01,0.0,0.0,4470848.65,6302244.66,0.0,1831396.0099999998,1831396.01,0.4096304177887082,-0.011435170963611685,Flagged for Review
C629639635,C702489649,TRANSFER,4664159.99,14563.0,0.0,555683.1,5219843.09,14563.0,4664159.99,320.25267714913485,8.39354588335351,-0.011384594788913516,Flagged for Review
C279030601,C479892488,TRANSFER,1798161.92,0.0,0.0,4015400.5,5312589.04,0.0,1297188.54,1798161.92,0.44781621962336765,-0.011372961924701053,Flagged for Review
C1632697104,C794265294,CASH_IN,664924.68,6572587.07,7237511.75,1661354.68,996429.99,-664924.6799999997,-664924.69,0.10116634009591902,0.4002301782842793,-0.011358305233235666,Flagged for Review
C141800386,C444613285,TRANSFER,2203612.46,27711.0,0.0,8895090.33,11098702.79,27711.0,2203612.459999999,79.51834800808314,0.247733539572325,-0.011311488490187815,Flagged for Review
C568029941,C401187143,TRANSFER,1861440.91,0.0,0.0,2655150.61,4516591.51,0.0,1861440.9,1861440.91,0.7010676539107309,-0.011305563849859701,Flagged for Review
C1423153760,C922899988,TRANSFER,1530076.03,383259.0,0.0,0.0,1530076.03,383259.0,1530076.03,3.9922664248812816,1530076.03,-0.011305477200409197,Flagged for Review
C1125195404,C873357216,TRANSFER,1817517.07,0.0,0.0,4956007.09,6773524.16,0.0,1817517.0700000003,1817517.07,0.366730045027025,-0.011301135993370126,Flagged for Review
C1913373870,C97353430,TRANSFER,1801391.31,5174.0,0.0,0.0,1801391.31,5174.0,1801391.31,348.0949391304348,1801391.31,-0.011250176412818336,Flagged for Review
C1284793055,C1718578524,TRANSFER,1687946.76,86087.0,0.0,0.0,1687946.76,86087.0,1687946.76,19.607224700306663,1687946.76,-0.011239073165910551,Flagged for Review
C1698207559,C75483598,TRANSFER,1618797.31,0.0,0.0,8420212.76,10039010.07,0.0,1618797.3100000005,1618797.31,0.19225133187117568,-0.011189610094296643,Flagged for Review
C1092166017,C551545010,TRANSFER,1632658.07,0.0,0.0,8377195.14,10009853.21,0.0,1632658.0700000012,1632658.07,0.19489314117933498,-0.011189610094296643,Flagged for Review
C561376123,C1861827552,TRANSFER,858218.12,0.0,0.0,31362472.32,32220690.44,0.0,858218.120000001,858218.12,0.027364491034981932,-0.01104788421012326,Flagged for Review
C1751258671,C52310184,CASH_IN,391912.67,25704897.21,26096809.88,1414727.08,1022814.42,-391912.66999999806,-391912.66000000003,0.015246614353350516,0.27702332026943294,-0.011017586168060922,Flagged for Review
C832614513,C744139740,TRANSFER,1792266.49,0.0,0.0,5647509.3,7439775.79,0.0,1792266.4900000002,1792266.49,0.31735515205700465,-0.01101076606735707,Flagged for Review
C1417074824,C1646402381,TRANSFER,813396.14,0.0,0.0,57272416.54,58085812.68,0.0,813396.1400000006,813396.14,0.014202231631516354,-0.011004944951400475,Flagged for Review
C738471257,C1405365403,TRANSFER,927434.78,0.0,0.0,2076167.54,5482549.7,0.0,3406382.16,927434.78,0.4467049577776571,-0.010995943681332832,Flagged for Review
C1114824277,C840406036,CASH_IN,338478.5,26333177.67,26671656.17,3253339.84,2914861.34,-338478.5,-338478.5,0.012853689417510795,0.10404028248082363,-0.010988671589456378,Flagged for Review
C934533163,C139099413,CASH_IN,437922.4,17799506.06,18237428.46,1245395.0,807472.6,-437922.40000000224,-437922.4,0.024603063361463676,0.3516330548676887,-0.010960700919121602,Flagged for Review
C927344584,C577426183,TRANSFER,1972718.05,0.0,0.0,2227374.95,4200093.0,0.0,1972718.0499999998,1972718.05,0.8856690986539564,-0.010955608525689664,Flagged for Review
C2095572195,C609974262,TRANSFER,1952517.42,0.0,0.0,2200572.26,4153089.68,0.0,1952517.4200000004,1952517.42,0.8872767180675458,-0.010955608525689664,Flagged for Review
C1687517262,C625730496,TRANSFER,1722857.83,65155.0,0.0,0.0,1722857.83,65155.0,1722857.83,26.442044170912887,1722857.83,-0.010948731227491515,Flagged for Review
C819354540,C669980916,TRANSFER,4559563.15,29944.0,0.0,74983.36,4634546.52,29944.0,4559563.159999999,152.26459008181666,60.80685558961896,-0.010947417482437771,Flagged for Review
C146235759,C695653925,TRANSFER,1731087.16,0.0,0.0,6844953.92,8576041.08,0.0,1731087.1600000001,1731087.16,0.25289971668651984,-0.010935360940102834,Flagged for Review
C425396305,C1609262789,TRANSFER,1806750.03,270.0,0.0,0.0,1806750.03,270.0,1806750.03,6666.974280442804,1806750.03,-0.010905906859939862,Flagged for Review
C1946203026,C1729132094,TRANSFER,3070271.37,124669.42,0.0,3471375.36,6541646.73,124669.42,3070271.3700000006,24.627103766875898,0.8844536148192241,-0.010892955964683426,Flagged for Review
C1847641469,C1232972893,CASH_IN,405834.35,15235589.38,15641423.73,5428578.17,5022743.81,-405834.3499999996,-405834.36000000034,0.026637257886162724,0.07475885260046783,-0.010889341247853901,Flagged for Review
C1256418355,C2081957819,CASH_IN,389059.73,24797856.15,25186915.88,1807515.54,1418455.8,-389059.73000000045,-389059.74,0.015689247971976482,0.21524546049243898,-0.010887365507892821,Flagged for Review
C1690708659,C843123914,CASH_IN,541270.75,7751032.85,8292303.6,6025199.22,5483928.48,-541270.75,-541270.7399999993,0.0698320714984363,0.0898344835418598,-0.010830482310212441,Flagged for Review
C1739168633,C886891753,CASH_IN,628376.95,8667869.58,9296246.53,1983036.04,1354659.09,-628376.9499999993,-628376.95,0.07249496219404788,0.3168760529051943,-0.010828601129934334,Flagged for Review
C1730678076,C1212815008,TRANSFER,1766687.02,0.0,0.0,6234434.27,8001121.29,0.0,1766687.0200000005,1766687.02,0.2833756296261939,-0.010765830312871372,Flagged for Review
C739876510,C794801857,CASH_IN,74707.67,8504707.76,8579415.43,17281080.67,18190670.54,-74707.66999999993,909589.8699999973,0.008784271408724877,0.004323089921488693,-0.010752749662341077,Flagged for Review
C607773830,C495765212,TRANSFER,1861749.63,0.0,0.0,2588268.21,4450017.84,0.0,1861749.63,1861749.63,0.7193029313979282,-0.010724950949210221,Flagged for Review
C266568434,C620451697,TRANSFER,1865792.41,0.0,0.0,2753868.53,4619660.94,0.0,1865792.4100000006,1865792.41,0.6775166323874465,-0.010724950949210221,Flagged for Review
C1555861077,C1353851412,TRANSFER,1681491.68,63064.0,0.0,0.0,1681491.68,63064.0,1681491.68,26.662834852929517,1681491.68,-0.010658520220462875,Flagged for Review
C2082387824,C1919695908,TRANSFER,1826751.09,0.0,0.0,4145512.08,5972263.17,0.0,1826751.0899999999,1826751.09,0.4406574179715289,-0.010598978004106918,Flagged for Review
C1487220817,C632283006,TRANSFER,1755830.03,0.0,0.0,5889661.67,7659141.63,0.0,1769479.96,1755830.03,0.2981206443186669,-0.010575456358809965,Flagged for Review
C1916307138,C1923903532,CASH_IN,439680.8,11994169.91,12433850.72,7852613.76,7412932.96,-439680.8100000005,-439680.7999999998,0.03665787350365512,0.055991642712395075,-0.010565110909811826,Flagged for Review
C1810896117,C407325956,TRANSFER,1827765.97,0.0,0.0,4636180.46,6463946.43,0.0,1827765.9699999997,1827765.97,0.39423952357550734,-0.010564272708763034,Flagged for Review
C1200678228,C1245689449,TRANSFER,947715.26,24420.0,0.0,62518145.81,63465861.08,24420.0,947715.2699999958,38.807389541787806,0.015159042747703608,-0.010560120250262761,Flagged for Review
C1147033179,C262019562,CASH_IN,336125.9,25124691.86,25460817.76,1170417.84,562483.23,-336125.90000000224,-607934.6100000001,0.013378308816468454,0.2871842869514985,-0.010481729807724327,Flagged for Review
C694557815,C1140830572,TRANSFER,1418027.6,0.0,0.0,12494620.82,13797417.78,0.0,1302796.959999999,1418027.6,0.11349103801846802,-0.01045754578757152,Flagged for Review
C256571297,C1173071639,TRANSFER,1796824.68,0.0,0.0,5273545.44,7070370.12,0.0,1796824.6799999997,1796824.68,0.34072415981227233,-0.01043041898831587,Flagged for Review
C1190518758,C1743292406,CASH_IN,433893.75,7694855.04,8128748.79,10310869.97,9876976.21,-433893.75,-433893.7599999998,0.05638750715341518,0.04208119287521256,-0.010398799899052125,Flagged for Review
C236358609,C914090576,CASH_IN,272882.15,6882312.28,7155194.43,32238411.78,31965529.62,-272882.14999999944,-272882.16000000015,0.03964977165352171,0.008464503257719006,-0.01029635153784314,Flagged for Review
C1846058920,C1540112,CASH_IN,737059.29,0.0,737059.29,944544.93,207485.64,-737059.29,-737059.29,737059.29,0.7803318680331406,-0.010255789735199028,Flagged for Review
C712167650,C984805074,TRANSFER,1083348.33,481371.69,0.0,1470724.67,4984612.71,481371.69,3513888.04,2.2505396598215825,0.7366080242551285,-0.010246574501951988,Flagged for Review
C1029287449,C1676780650,TRANSFER,1106481.74,0.0,0.0,16829438.26,17935920.01,0.0,1106481.75,1106481.74,0.0657467977931904,-0.010134999036117365,Flagged for Review
C1124738551,C1763712098,TRANSFER,1712034.8,3644.0,0.0,0.0,1844971.42,3644.0,1844971.42,469.69404663923183,1712034.8,-0.010133862089661938,Flagged for Review
C935021916,C1347106570,TRANSFER,1646966.1,105704.0,0.0,0.0,1646966.1,105704.0,1646966.1,15.580777635873423,1646966.1,-0.010120737717241868,Flagged for Review
C1816216845,C1980519310,TRANSFER,4474931.36,20171.0,0.0,1095680.3,5570611.65,20171.0,4474931.350000001,221.83875470949832,4.084154178774431,-0.010100848311315858,Flagged for Review
C1805867643,C2094467320,TRANSFER,1918734.08,0.0,0.0,2096589.18,4015323.26,0.0,1918734.0799999998,1918734.08,0.9151688767329818,-0.010078498752038922,Flagged for Review
C359691095,C512626802,CASH_IN,5316.15,21887726.56,21893042.71,1054661.81,1926683.39,-5316.150000002235,872021.5799999998,0.0002428826832491879,0.005040615777472991,-0.010065353836010371,Flagged for Review
C1085308330,C403495240,CASH_OUT,5363795.31,5363795.31,0.0,33769.18,5397564.49,5363795.31,5363795.3100000005,0.9999998135648817,158.83229849529968,-0.010051570083254746,Flagged for Review
C640110800,C486180267,TRANSFER,4654368.39,1459.0,0.0,1232135.24,5886503.63,1459.0,4654368.39,3187.9235547945204,3.777478690181209,-0.010028042933369785,Flagged for Review
C892219685,C356500145,TRANSFER,1260546.22,82566.85,0.0,7045627.3,9231736.75,82566.85,2186109.45,15.266792341086754,0.17891182536552488,-0.009997694607196128,Flagged for Review
C197724538,C1820852843,TRANSFER,3441220.15,21509.0,0.0,647812.58,3575402.56,21509.0,2927589.98,159.98234077173407,5.312053121825572,-0.009992296654206423,Flagged for Review
C596127761,C1685956368,CASH_IN,642548.38,2509971.11,3152519.5,6459726.77,5817178.39,-642548.3900000001,-642548.3799999999,0.25599821505586373,0.09946988524564404,-0.00999028137366087,Flagged for Review
C1821115969,C1668726007,TRANSFER,4319552.07,31312.0,0.0,835132.54,5154684.61,31312.0,4319552.07,137.94756395107464,5.172289056909389,-0.009937434001656476,Flagged for Review
C232306864,C2069574496,CASH_IN,395630.83,22573825.81,22969456.64,1652847.42,1257216.59,-395630.83000000194,-395630.82999999984,0.01752608599906238,0.23936304455553162,-0.009932969440171524,Flagged for Review
C861380445,C1442508480,TRANSFER,4552164.17,4597.0,0.0,144319.62,4696483.79,4597.0,4552164.17,990.0313549369291,31.54202199242215,-0.00992846758776389,Flagged for Review
C118724445,C1175099629,TRANSFER,1861548.86,0.0,0.0,2512447.77,4373996.63,0.0,1861548.8599999999,1861548.86,0.7409300767553562,-0.009927787416161404,Flagged for Review
C1954486040,C41543026,TRANSFER,1545659.43,625609.0,0.0,0.0,1545659.43,625609.0,1545659.43,2.470643739710043,1545659.43,-0.009913218182733052,Flagged for Review
C1507493225,C989193820,CASH_IN,183283.53,21458009.28,21641292.82,300803.65,2047726.88,-183283.5399999991,1746923.23,0.008541496979840201,0.6093108268106893,-0.009913200039273318,Flagged for Review
C1539641255,C1765011918,TRANSFER,1418991.89,0.0,0.0,11597720.6,13016712.49,0.0,1418991.8900000006,1418991.89,0.12235091847695326,-0.00990512841711777,Flagged for Review
C232458641,C974825713,TRANSFER,2135212.18,356350.0,0.0,20361.0,2676729.14,356350.0,2656368.14,5.991879298781258,104.86259601217955,-0.00990442256652635,Flagged for Review
C2032383748,C334217924,TRANSFER,1316930.36,0.0,0.0,2562448.1,802452.67,0.0,-1759995.4300000002,1316930.36,0.5139342514159598,-0.009853258062714976,Flagged for Review
C1661430862,C1302299273,CASH_IN,405351.1,21044413.49,21449764.59,2036319.52,1630968.42,-405351.1000000015,-405351.1000000001,0.01926169531552503,0.19906055850186097,-0.00983370728606403,Flagged for Review
C61885567,C1828346,TRANSFER,2066042.94,59085.2,0.0,9023268.98,11089311.92,59085.2,2066042.9399999995,34.96659016826264,0.22896831687175118,-0.00981793781495477,Flagged for Review
C1882284250,C1755469409,CASH_IN,690289.43,1287281.7,1977571.13,6075210.2,5384920.77,-690289.4299999999,-690289.4300000006,0.536237634514936,0.11362393952657976,-0.00981147440380803,Flagged for Review
C2107361726,C1605764154,TRANSFER,3909796.97,80468.0,0.0,1077688.14,4987485.11,80468.0,3909796.9700000007,48.5876172190533,3.6279450398841364,-0.009801905062822525,Flagged for Review
C1663763446,C854065541,TRANSFER,1984642.41,0.0,0.0,2031845.57,4016487.98,0.0,1984642.41,1984642.41,0.9767678521119829,-0.00978868018142054,Flagged for Review
C2045213523,C1931844182,CASH_IN,665113.2,5687482.4,6352595.6,2004542.96,1339429.75,-665113.1999999993,-665113.21,0.11694332154006813,0.3318027507862686,-0.009784289164267768,Flagged for Review
C364771507,C861498730,CASH_IN,485583.46,15967430.13,16453013.59,866208.82,380625.36,-485583.45999999903,-485583.45999999996,0.030410869227904414,0.5605841088248111,-0.009717625860177437,Flagged for Review
C310790835,C479608039,CASH_IN,40304.03,22332141.92,22372445.95,1223573.99,2422614.92,-40304.02999999747,1199040.93,0.001804754256874512,0.032939566703631296,-0.009704106031517834,Flagged for Review
C1458166806,C1462906191,CASH_IN,645279.11,7874141.56,8519420.67,1507839.11,862560.0,-645279.1100000003,-645279.1100000001,0.08194912716947304,0.42794929364228146,-0.009677077816062862,Flagged for Review
C1208266132,C813378318,TRANSFER,4596976.99,2056.0,0.0,81532.39,4678509.38,2056.0,4596976.99,2234.7967865824016,56.38152651324813,-0.009638716674574055,Flagged for Review
C206969092,C1126609629,TRANSFER,1858482.3,0.0,0.0,2445930.79,4304413.09,0.0,1858482.2999999998,1858482.3,0.7598258903205146,-0.00963803680969888,Flagged for Review
C511301067,C1615242209,CASH_IN,373897.82,204051.0,577948.82,33082780.68,32708882.86,-373897.81999999995,-373897.8200000003,1.8323653774528061,0.011301885785077067,-0.009633387186617437,Flagged for Review
C182731077,C1049258542,TRANSFER,1534032.81,610491.0,0.0,0.0,1534032.81,610491.0,1534032.81,2.5127811830458056,1534032.81,-0.00962347414635134,Flagged for Review
C257340844,C1737782171,CASH_IN,407553.25,20412893.86,20820447.11,1189851.96,782298.7,-407553.25,-407553.26,0.019965480290530434,0.3425240459964062,-0.009614439612218528,Flagged for Review
C640313725,C167676376,CASH_IN,445992.12,17830382.11,18276374.23,1408124.47,962132.36,-445992.12000000104,-445992.11,0.025013041909899825,0.31672754275228043,-0.009523591783870078,Flagged for Review
C287752878,C694642556,TRANSFER,1927020.06,0.0,0.0,2099325.49,4026345.55,0.0,1927020.0599999996,1927020.06,0.9179229953888687,-0.009498992306176901,Flagged for Review
C1243701225,C1465101395,TRANSFER,1993098.58,0.0,0.0,2166270.32,4159368.9,0.0,1993098.58,1993098.58,0.9200595334475463,-0.009498992306176901,Flagged for Review
C740262409,C910657091,TRANSFER,1909952.66,0.0,0.0,2157596.05,4067548.7,0.0,1909952.6500000004,1909952.66,0.8852221317228813,-0.009498992306176901,Flagged for Review
C1142709114,C1243373262,TRANSFER,4532014.47,37970.0,0.0,114320.34,4646334.81,37970.0,4532014.47,119.35462510863553,39.64276897034272,-0.009497673540247997,Flagged for Review
C457348145,C1280149009,TRANSFER,3576759.92,55064.0,0.0,1546816.85,5123576.77,55064.0,3576759.9199999995,64.95523326977208,2.3123342674122878,-0.009489604105433425,Flagged for Review
C735119406,C944748880,TRANSFER,3669806.97,87080.0,0.0,1631490.93,5301297.9,87080.0,3669806.9700000007,42.14245323319668,2.2493564954378904,-0.009489604105433425,Flagged for Review
C1889568678,C1906681343,TRANSFER,1086227.44,1086227.44,0.0,0.0,0.0,1086227.44,0.0,0.9999990793833385,1086227.44,-0.009455942345907187,Flagged for Review
C1079221061,C2006081398,CASH_IN,221191.46,6570296.51,6791487.97,99838889.57,99617698.11,-221191.45999999996,-221191.45999999344,0.03366536441665638,0.002215483953569337,-0.009432106989135769,Flagged for Review
C1751090580,C535109513,CASH_IN,315481.28,8175775.66,8491256.94,23978953.69,23663472.41,-315481.27999999933,-315481.2800000012,0.03858731630274255,0.013156590188293984,-0.009408901447205187,Flagged for Review
C1283724550,C1433004615,CASH_IN,460764.84,19502041.31,19962806.16,1617774.73,1335697.01,-460764.8500000015,-282077.72,0.02362649166050343,0.2848137918350401,-0.009391322763091514,Flagged for Review
C1785385640,C1054029040,TRANSFER,2328224.33,299268.11,0.0,4988059.4,7316283.73,299268.11,2328224.33,7.779701453317385,0.46675945022638454,-0.009366811139073783,Flagged for Review
C2032757032,C1080881110,CASH_IN,97375.86,8596872.65,8694248.51,165731.0,9039905.53,-97375.8599999994,8874174.53,0.011326892073143358,0.5875501411918036,-0.009355521396873234,Flagged for Review
C1650828178,C1037496579,CASH_IN,725058.71,0.0,725058.71,1190859.67,465800.97,-725058.71,-725058.7,725058.71,0.608852679633798,-0.00935051005181109,Flagged for Review
C96919865,C1785283681,TRANSFER,1867407.63,0.0,0.0,2275685.19,4143092.82,0.0,1867407.63,1867407.63,0.8205910103976155,-0.009310963463988964,Flagged for Review
C492597455,C1606266773,TRANSFER,2949517.56,30359.59,0.0,3909161.74,6858679.3,30359.59,2949517.5599999996,97.14954683028229,0.7545138834511658,-0.009310776619786298,Flagged for Review
C1120630036,C2041941947,CASH_IN,589645.49,6924165.42,7513810.91,3976244.82,3386599.33,-589645.4900000002,-589645.4899999998,0.0851576138171445,0.1482920112821395,-0.009303662003976365,Flagged for Review
C1117684352,C1432382588,CASH_IN,596665.44,6707816.01,7304481.45,4017378.76,3420713.32,-596665.4400000004,-596665.44,0.08895076283543399,0.1485210449708643,-0.009303662003976365,Flagged for Review
C2135111076,C304526487,TRANSFER,1780670.77,15315.0,0.0,0.0,1780670.77,15315.0,1780670.77,116.26212914599112,1780670.77,-0.009303465320748328,Flagged for Review
C750651201,C1757079633,CASH_IN,549287.77,9461390.29,10010678.06,4611266.68,4061978.91,-549287.7700000014,-549287.7699999996,0.058055707999367615,0.11911860427933346,-0.009231532870313641,Flagged for Review
C117102306,C2099887524,TRANSFER,1913736.98,0.0,0.0,2000253.3,3913990.28,0.0,1913736.9799999997,1913736.98,0.9567468396393398,-0.009209435067370042,Flagged for Review
C1694077395,C266352984,TRANSFER,1779146.8,0.0,0.0,5855381.04,7634527.84,0.0,1779146.7999999998,1779146.8,0.30384811577555065,-0.00912655035072707,Flagged for Review
C889375859,C1477705043,TRANSFER,4452848.9,65216.0,0.0,38634.4,4491483.3,65216.0,4452848.899999999,68.27742613122346,115.25308137097068,-0.009123197474736222,Flagged for Review
C1995180855,C1937481798,CASH_IN,448109.68,17581326.81,18029436.49,1037422.82,589313.14,-448109.6799999997,-448109.67999999993,0.02548781780549714,0.43194466076554905,-0.00911268437834356,Flagged for Review
C1584357077,C2028396399,TRANSFER,1793133.51,12483.0,0.0,0.0,1793133.51,12483.0,1793133.51,143.63453300224288,1793133.51,-0.009013996255975987,Flagged for Review
C640340312,C31046123,TRANSFER,1789568.45,16896.0,0.0,0.0,1789568.45,16896.0,1789568.45,105.91042492750192,1789568.45,-0.009013996255975987,Flagged for Review
C432536046,C1798624787,CASH_IN,296101.94,29437031.84,29733133.78,613562.3,0.0,-296101.94000000134,-613562.3,0.010058824257506246,0.4825939556684697,-0.008964612000189054,Flagged for Review
C1903229715,C1414994448,TRANSFER,1908649.47,0.0,0.0,2136961.47,4045610.94,0.0,1908649.4699999997,1908649.47,0.8931600328947282,-0.008920008406088864,Flagged for Review
C1360686256,C1859795678,TRANSFER,1337121.67,27997.0,0.0,13996224.51,15580736.26,27997.0,1584511.75,47.75775662547325,0.09553444741545894,-0.008906105435527167,Flagged for Review
C693793945,C748014372,CASH_IN,363680.93,7425650.88,7789331.81,16950616.59,16586935.67,-363680.9299999997,-363680.9199999999,0.04897629674500712,0.021455320319098768,-0.008897959274018263,Flagged for Review
C1853061240,C1638895667,TRANSFER,1639907.2,0.0,0.0,7960148.58,9600055.78,0.0,1639907.1999999993,1639907.2,0.20601462114735788,-0.008883536370778766,Flagged for Review
C300289548,C457349948,CASH_IN,664736.95,6401817.02,7066553.97,1636130.74,971393.79,-664736.9500000002,-664736.95,0.10383565229803268,0.40628571266516716,-0.008865022343969575,Flagged for Review
C1432307802,C404615073,CASH_IN,447132.79,17194686.48,17641819.27,887655.18,440522.39,-447132.7899999991,-447132.79000000004,0.026004124269201314,0.5037229504784161,-0.008823301347349766,Flagged for Review
C1809034705,C1549488952,TRANSFER,3687335.79,5181.0,0.0,1900276.92,5587612.72,5181.0,3687335.8,711.566150135083,1.9404192151009154,-0.008796029883975653,Flagged for Review
C1565120637,C2116797195,TRANSFER,1524624.72,388271.49,0.0,10526214.66,12050839.39,388271.49,1524624.7300000004,3.926687466320367,0.14484072616843952,-0.008748616702599743,Flagged for Review
C905885189,C330275881,CASH_IN,650194.33,6425349.78,7075544.11,3215615.92,2747481.89,-650194.3300000001,-468134.0299999998,0.10119203639805015,0.20219893916965706,-0.00866981225513963,Flagged for Review
C1022454553,C1578800354,TRANSFER,3214605.7,25133.0,0.0,3113169.3,6327775.0,25133.0,3214605.7,127.89869101615342,1.0325826698269607,-0.008597042244102071,Flagged for Review
C444214934,C109198669,CASH_IN,584388.34,6405464.37,6989852.71,5252570.49,4668182.14,-584388.3399999999,-584388.3500000006,0.09123276861927675,0.11125756995646335,-0.008488167715907324,Flagged for Review
C2053833441,C995197502,TRANSFER,4285869.62,18658.0,0.0,856173.65,5142043.27,18658.0,4285869.619999999,229.6944970255641,5.005835690183072,-0.00845616582930575,Flagged for Review
C1784265955,C1255490883,TRANSFER,1476649.77,666.0,0.0,0.0,1817415.54,666.0,1817415.54,2213.86772113943,1476649.77,-0.00844280059136071,Flagged for Review
C1786805785,C67094932,CASH_IN,388929.53,23331190.19,23720119.71,1444294.92,1055365.39,-388929.51999999955,-388929.53,0.0166699388313572,0.2692865946751411,-0.008410114603860097,Flagged for Review
C493442553,C368297472,CASH_IN,143470.0,23294128.17,23437598.18,2184532.29,3309002.63,-143470.0099999979,1124470.3399999999,0.006159062609851579,0.06567535530667055,-0.008396081094669827,Flagged for Review
C1607956208,C410976090,TRANSFER,1731740.88,0.0,0.0,5828867.34,7481737.28,0.0,1652869.9400000004,1731740.88,0.2970972715434502,-0.008350502817887961,Flagged for Review
C790364210,C1195855330,TRANSFER,1900587.99,0.0,0.0,2157123.62,4057711.62,0.0,1900588.0,1900587.99,0.8810747290066162,-0.008341546580591053,Flagged for Review
C976476459,C186495202,TRANSFER,3011662.79,8207.1,0.0,3969565.75,6981228.54,8207.1,3011662.79,366.91351104396875,0.7586880331461866,-0.008337302710652694,Flagged for Review
C622517972,C370408514,CASH_IN,450426.31,17345620.15,17796046.47,690861.15,240434.84,-450426.3200000003,-450426.31000000006,0.025967724424789482,0.6519771129450354,-0.008336571266687631,Flagged for Review
C2146471965,C963270886,TRANSFER,2222023.61,382252.77,0.0,4430328.41,6652352.02,382252.77,2222023.6099999994,5.812954074985316,0.5015481704327714,-0.008192186004303603,Flagged for Review
C2036941048,C1360083374,TRANSFER,2026906.99,168170.79,0.0,7252249.86,9279156.86,168170.79,2026906.999999999,12.052598060590304,0.279486607555106,-0.00817620014966125,Flagged for Review
C1832603169,C589878310,CASH_IN,403694.99,20820033.2,21223728.19,524230.29,119213.15,-403694.9900000021,-405017.14,0.019389737121565342,0.7700703824832738,-0.00817370225211933,Flagged for Review
C299218877,C1446304183,CASH_IN,522253.25,5323689.31,5845942.56,7219586.24,6697332.99,-522253.25,-522253.25,0.09809985547412506,0.07233838066343527,-0.008144238348382293,Flagged for Review
C1102382439,C2128937759,TRANSFER,1435428.87,0.0,0.0,1725610.78,3863752.12,0.0,2138141.34,1435428.87,0.8318376628142862,-0.008133822776573707,Flagged for Review
C783965263,C1387900748,TRANSFER,1279427.02,0.0,0.0,15073247.69,16352674.71,0.0,1279427.0200000014,1279427.02,0.0848806416130324,-0.008129506712879708,Flagged for Review
C768079061,C89721049,TRANSFER,3300171.33,121205.0,0.0,1455175.87,4755347.21,121205.0,3300171.34,27.22778847581803,2.26788330548437,-0.008113822746242283,Flagged for Review
C1137831616,C36753629,CASH_IN,635607.2,5012288.57,5647895.77,3776857.28,3141250.08,-635607.1999999993,-635607.1999999997,0.12680975253391036,0.16828992587987707,-0.008092754190614615,Flagged for Review
C682786501,C673237234,CASH_IN,635754.13,1930581.33,2566335.46,6930502.94,6294748.81,-635754.1299999999,-635754.1300000008,0.3293069247142648,0.09173274202048862,-0.008072532760917794,Flagged for Review
C1591055868,C1530511439,CASH_IN,432544.51,17470944.94,17903489.45,2003922.98,1571378.47,-432544.5099999979,-432544.51,0.024757933055569857,0.21584876188766403,-0.0080687569152732,Flagged for Review
C2050618644,C1319395430,TRANSFER,2887664.69,305939.0,0.0,1219344.66,4107009.34,305939.0,2887664.6799999997,9.438663430738053,2.368208445503468,-0.008053995330461139,Flagged for Review
C1733246141,C1683687308,TRANSFER,1906683.12,0.0,0.0,1994270.92,3900954.04,0.0,1906683.12,1906683.12,0.9560798108213849,-0.008052511298684562,Flagged for Review
C1245312573,C250987587,TRANSFER,1903207.97,0.0,0.0,1977910.48,3881118.45,0.0,1903207.9700000002,1903207.97,0.9622311156210085,-0.008052511298684562,Flagged for Review
C579342106,C448582569,TRANSFER,4324835.63,30473.0,0.0,459721.07,4784556.69,30473.0,4324835.62,141.91886952812234,9.407500557891423,-0.008051195503601116,Flagged for Review
C324116596,C1399204765,CASH_IN,440271.1,2669927.41,3110198.51,14317953.14,13877682.04,-440271.0999999996,-440271.1000000015,0.1648999644900591,0.030749581657760497,-0.00798498636914624,Flagged for Review
C236101785,C643387673,TRANSFER,1729799.43,52680.0,0.0,0.0,1729799.43,52680.0,1729799.43,32.83535676999298,1729799.43,-0.007920260728658146,Flagged for Review
C1763294604,C1254057719,TRANSFER,1757866.7,1000.0,0.0,0.0,1478446.79,1000.0,1478446.79,1756.1105894105895,1757866.7,-0.007896116584474977,Flagged for Review
C1589113339,C1180401408,CASH_IN,569722.09,11512110.19,12081832.28,1522189.69,952467.59,-569722.0899999999,-569722.1,0.04948893218603459,0.37427773914449575,-0.007871665825071816,Flagged for Review
C903945186,C1696758742,CASH_OUT,216701.76,0.0,0.0,18182548.99,20198404.74,0.0,2015855.75,216701.76,0.011918117102341596,-0.007862028946711064,Flagged for Review
C968741204,C567517048,CASH_IN,333612.41,27612289.02,27945901.43,3393155.93,3059543.52,-333612.41000000015,-333612.41000000015,0.01208202614699322,0.09831918089329277,-0.007844457575695851,Flagged for Review
C1060849635,C1260410352,TRANSFER,3436072.64,80677.0,0.0,2151717.96,5587790.6,80677.0,3436072.6399999997,42.58995810505962,1.5968965761216327,-0.007836496663471526,Flagged for Review
C84234091,C1136169469,CASH_IN,387525.13,22695802.6,23083327.73,1469762.81,1082237.68,-387525.12999999896,-387525.1300000001,0.017074748126565564,0.2636649013694248,-0.007832112553837534,Flagged for Review
C1105747655,C270037694,TRANSFER,1234913.03,30572.0,0.0,0.0,2175934.61,30572.0,2175934.61,40.392275210152754,1234913.03,-0.007808787510877879,Flagged for Review
C1512824372,C1561784955,TRANSFER,957073.34,192815.93,0.0,4609783.36,7699093.9,192815.93,3089310.54,4.963637477269242,0.20761781143272393,-0.0078074872440607734,Flagged for Review
C1441747873,C1940469359,CASH_IN,453016.14,3613573.62,4066589.76,13598488.65,13145472.51,-453016.13999999966,-453016.1400000006,0.12536509900548284,0.03331370995307556,-0.007807392186143347,Flagged for Review
C1023136252,C513726901,TRANSFER,1673122.05,61337.0,0.0,0.0,1673122.05,61337.0,1673122.05,27.277088428054387,1673122.05,-0.00780569318116231,Flagged for Review
C332380223,C1899508749,TRANSFER,1671939.06,58679.0,0.0,0.0,1671939.06,58679.0,1671939.06,28.492485685071575,1671939.06,-0.00780569318116231,Flagged for Review
C1916704172,C1917184170,TRANSFER,1653712.79,60948.0,0.0,0.0,1653712.79,60948.0,1653712.79,27.13273047958129,1653712.79,-0.00780569318116231,Flagged for Review
C1994175252,C948181849,TRANSFER,3995203.41,404.0,0.0,141472.35,3960946.6,404.0,3819474.25,9864.699777777778,28.2399717685345,-0.007794282310785827,Flagged for Review
C271591509,C104905172,TRANSFER,4129504.95,20314.0,0.0,373.51,4129878.46,20314.0,4129504.95,203.2736869308393,11026.421056847616,-0.007791207126246702,Flagged for Review
C826769740,C1756660678,CASH_IN,506310.84,13782530.73,14288841.57,528547.77,22236.93,-506310.83999999985,-506310.84,0.036735691955486614,0.9579264369492336,-0.007782345774561827,Flagged for Review
C1166756462,C1586670553,TRANSFER,1890741.06,0.0,0.0,2086590.25,3977331.32,0.0,1890741.0699999998,1890741.06,0.9061386891179574,-0.007763606358924369,Flagged for Review
C1428093630,C71555810,TRANSFER,1877289.64,0.0,0.0,1914904.1,3792193.75,0.0,1877289.65,1877289.64,0.9803564886844783,-0.007763606358924369,Flagged for Review
C77094020,C1281332907,TRANSFER,1877228.93,0.0,0.0,1896614.5,3773843.42,0.0,1877228.92,1877228.93,0.9897783340903836,-0.007763606358924369,Flagged for Review
C1724840682,C1732984895,TRANSFER,3677059.89,19040.0,0.0,1413518.89,5090578.78,19040.0,3677059.8900000006,193.11275090593983,2.601349946338569,-0.0077633290777867625,Flagged for Review
C1382221843,C2073696467,TRANSFER,1863776.19,0.0,0.0,2334759.81,4054998.83,0.0,1720239.02,1863776.19,0.798272860336387,-0.007740570796302526,Flagged for Review
C485913404,C1292827974,CASH_IN,318470.12,20942385.5,21260855.62,5381900.47,5063430.35,-318470.12000000104,-318470.1200000001,0.01520696411557489,0.05917427544432544,-0.00769269170777287,Flagged for Review
C1777483165,C131558954,CASH_IN,388222.15,23949922.51,24338144.66,762639.34,374417.19,-388222.1499999985,-388222.14999999997,0.016209744880308387,0.5090501113539313,-0.007665252828521818,Flagged for Review
C1821332433,C801142660,CASH_OUT,294650.88,0.0,0.0,5411051.47,16408480.12,0.0,10997428.649999999,294650.88,0.0544535248241642,-0.007602853473976712,Flagged for Review
C903299430,C1092577223,TRANSFER,2232251.77,28870.16,0.0,7049445.43,9281697.2,28870.16,2232251.7699999996,77.3177028564145,0.3166563207715588,-0.007560949695183061,Flagged for Review
C1234314692,C1151271630,TRANSFER,3667634.9,61868.0,0.0,1007506.85,4675141.74,61868.0,3667634.89,59.28065590198646,3.640304043288596,-0.0075425107699802485,Flagged for Review
C1469391449,C1340872163,CASH_IN,128876.71,24115812.75,24244689.46,10279102.91,10150226.2,-128876.7100000009,-128876.7100000009,0.005344074694555974,0.012537737834775912,-0.007517364903860568,Flagged for Review
C621137907,C1694731927,TRANSFER,2100460.54,290908.0,0.0,5981084.78,7945527.29,290908.0,1964442.5099999998,7.220335362604801,0.3511838179990122,-0.007480447590952677,Flagged for Review
C1369009207,C606101727,TRANSFER,1858779.08,0.0,0.0,2175817.81,4034596.9,0.0,1858779.0899999999,1858779.08,0.8542894617222286,-0.0074748317025316036,Flagged for Review
C1397749651,C1800485311,TRANSFER,1848732.96,0.0,0.0,1901943.17,3750676.12,0.0,1848732.9500000002,1848732.96,0.972022727670287,-0.0074748317025316036,Flagged for Review
C1394514128,C60639292,CASH_IN,275528.35,7987865.5,8263393.85,28489911.13,28214382.78,-275528.3499999996,-275528.34999999776,0.03449335939703048,0.009671084584001488,-0.007468504655162689,Flagged for Review
C1664036018,C1426670823,TRANSFER,2547267.99,78762.21,0.0,5647938.25,8195206.24,78762.21,2547267.99,32.34083514371748,0.45100839036113927,-0.007448076059249464,Flagged for Review
C489243034,C1686970034,TRANSFER,1710755.07,0.0,0.0,6528184.43,8238939.5,0.0,1710755.0700000003,1710755.07,0.26205675196330935,-0.00741922930875738,Flagged for Review
C317526081,C422561912,TRANSFER,2309986.72,208840.82,0.0,5660292.98,7970279.71,208840.82,2309986.7299999995,11.06093942295657,0.4081036653152775,-0.007394713166813061,Flagged for Review
C209727302,C2042633527,TRANSFER,768293.04,0.0,0.0,22480375.92,22662421.42,0.0,182045.5,768293.04,0.034176163626352576,-0.007364092921545939,Flagged for Review
C1341921359,C1386732390,CASH_IN,383978.49,0.0,383978.49,17353183.21,16969204.72,-383978.49,-383978.4900000021,383978.49,0.022127264100540542,-0.0073327142459920225,Flagged for Review
C911775976,C1398767556,CASH_IN,424767.47,1864591.01,2289358.48,16614903.59,16190136.12,-424767.47,-424767.47000000067,0.22780719198727017,0.025565447439021373,-0.007288740627068302,Flagged for Review
C594652225,C1536978533,CASH_IN,611543.62,9412950.17,10024493.79,2156849.35,1545305.73,-611543.6199999992,-611543.6200000001,0.06496831960087604,0.28353548960872504,-0.007281009560107021,Flagged for Review
C1175233889,C2117154478,CASH_IN,634925.78,4634057.78,5268983.56,4348165.3,3713239.52,-634925.7799999993,-634925.7799999998,0.1370128887316358,0.14602150336338332,-0.00726918890561612,Flagged for Review
C1571203691,C519199706,TRANSFER,1821491.79,0.0,0.0,4155260.96,5976752.75,0.0,1821491.79,1821491.79,0.43835787190658854,-0.007252237441364717,Flagged for Review
C114910682,C1463146428,TRANSFER,1806544.18,0.0,0.0,4341028.0,6147572.18,0.0,1806544.1799999997,1806544.18,0.41615575016891154,-0.007252237441364717,Flagged for Review
C33129334,C374983422,TRANSFER,3349731.49,160149.0,0.0,919276.13,4269007.62,160149.0,3349731.49,20.916212862940995,3.6438755851567852,-0.00725078971591353,Flagged for Review
C1885993932,C1227047180,TRANSFER,3933951.16,29758.0,0.0,24050.61,3958001.77,29758.0,3933951.16,132.19366107732114,163.56290327341912,-0.00724749711162076,Flagged for Review
C1259110689,C1088650686,TRANSFER,3785920.57,41724.0,0.0,20255.99,3806176.56,41724.0,3785920.57,90.73506458957459,186.89452727182072,-0.00720468540132313,Flagged for Review
C1659425912,C529776352,TRANSFER,1884425.8,0.0,0.0,2166934.51,4051360.31,0.0,1884425.8000000003,1884425.8,0.8696270799494168,-0.007186187270754374,Flagged for Review
C1219048834,C465573320,TRANSFER,1879311.07,0.0,0.0,2127870.79,4007181.86,0.0,1879311.0699999998,1879311.07,0.8831881125695078,-0.007186187270754374,Flagged for Review
C1477655348,C1390843974,TRANSFER,3823058.4,101248.0,0.0,53584.67,3876643.07,101248.0,3823058.4,37.7589744096238,71.34479050089324,-0.0071726838058582265,Flagged for Review
C1996453815,C1192944138,TRANSFER,2595041.87,497292.0,0.0,114162.18,2709204.05,497292.0,2595041.8699999996,5.21833581007575,22.730987959515495,-0.007148444762771322,Flagged for Review
C1234698199,C1595580854,CASH_IN,316914.34,26537130.85,26854045.19,4029356.48,3712442.14,-316914.33999999985,-316914.33999999985,0.011942298127444394,0.07865133376053793,-0.007114595622466635,Flagged for Review
C676971665,C1115755271,TRANSFER,1749585.73,38252.0,0.0,0.0,1749585.73,38252.0,1749585.73,45.737216166052335,1749585.73,-0.007096917172625505,Flagged for Review
C2111252946,C1036816729,TRANSFER,2833319.95,296.0,0.0,10048.0,3299932.43,296.0,3289884.43,9539.797811447812,281.9504378545129,-0.007060661055595441,Flagged for Review
C372119065,C1573728650,TRANSFER,1773950.52,51407.0,0.0,0.0,1773950.52,51407.0,1773950.52,34.50728524743231,1773950.52,-0.007054115537553751,Flagged for Review
C1263700639,C1156488460,TRANSFER,1754395.0,52383.0,0.0,0.0,1754395.0,52383.0,1754395.0,33.4910468845449,1754395.0,-0.007054115537553751,Flagged for Review
C1601343417,C549689216,TRANSFER,1777461.23,41544.0,0.0,0.0,1777461.23,41544.0,1777461.23,42.78399879648574,1777461.23,-0.007054115537553751,Flagged for Review
C416786568,C108440108,TRANSFER,4494108.41,10975.0,0.0,541878.95,5035987.36,10975.0,4494108.41,409.44865251457725,8.293549908978918,-0.0070251693761707035,Flagged for Review
C1055222375,C1594442229,CASH_IN,448229.52,10381862.4,10830091.92,7970187.8,7521958.28,-448229.51999999955,-448229.51999999955,0.04317428410780284,0.05623825623804546,-0.00701058993473469,Flagged for Review
C1901222207,C1099049981,TRANSFER,4508687.33,30423.0,0.0,140316.03,4649003.37,30423.0,4508687.34,148.19508710228766,32.132146254805996,-0.0069391506606362174,Flagged for Review
C428382679,C65160751,TRANSFER,3657390.64,52142.0,0.0,2828.84,3660219.49,52142.0,3657390.6500000004,70.14154613275032,1292.4372544030757,-0.00691616279359597,Flagged for Review
C674211890,C1249998570,CASH_IN,498250.01,14317163.67,14815413.68,1715593.03,1217343.02,-498250.0099999998,-498250.01,0.03480088561417657,0.2904241920216987,-0.006906889039037578,Flagged for Review
C296784390,C178284655,CASH_IN,550871.07,2052125.61,2602996.68,9901480.25,9382282.59,-550871.0700000001,-519197.66000000015,0.26843912423122857,0.055635218215456396,-0.006905594050567232,Flagged for Review
C1183214495,C344610846,TRANSFER,1303793.78,0.0,0.0,2094408.59,4360700.09,0.0,2266291.5,1303793.78,0.6225113684663752,-0.006903124058858623,Flagged for Review
C822781867,C2069255486,TRANSFER,1878095.9,0.0,0.0,1969706.8,3847802.7,0.0,1878095.9000000001,1878095.9,0.9534895988125751,-0.0068976730048671,Flagged for Review
C710306245,C952737773,TRANSFER,1886744.6,0.0,0.0,2002088.28,3888832.88,0.0,1886744.5999999999,1886744.6,0.9423878439626828,-0.0068976730048671,Flagged for Review
C1254378883,C2078250226,TRANSFER,1386870.34,0.0,0.0,12191345.37,13468844.17,0.0,1277498.8000000007,1386870.34,0.11375858727242447,-0.006866640053228457,Flagged for Review
C674932275,C1720264643,TRANSFER,4280001.05,24746.0,0.0,517160.04,4797161.09,24746.0,4280001.05,172.95029902614456,8.275954139932892,-0.006862644132952123,Flagged for Review
C794825498,C1684494951,TRANSFER,1567435.42,0.0,0.0,8961510.85,10528946.27,0.0,1567435.42,1567435.42,0.1749074761308272,-0.006848535515963761,Flagged for Review
C652328092,C1360767589,TRANSFER,917526.58,0.0,0.0,23518631.92,24572532.95,0.0,1053901.0299999975,917526.58,0.03901275142653997,-0.0067972917491679885,Flagged for Review
C1244441107,C370224798,CASH_IN,62860.36,12749271.32,12812131.68,3892436.9,6490962.45,-62860.359999999404,2598525.5500000003,0.004930505712187972,0.016149354624257463,-0.006774128466880747,Flagged for Review
C194552063,C2127686580,TRANSFER,3958356.28,55940.0,0.0,777457.01,4735813.29,55940.0,3958356.2800000003,70.75948374179939,5.091408447898041,-0.0067689634819739775,Flagged for Review
C965105885,C2072344388,TRANSFER,1700383.29,50768.0,0.0,0.0,1700383.29,50768.0,1700383.29,33.49255037522898,1700383.29,-0.0067656608301848165,Flagged for Review
C264408911,C533447771,CASH_IN,355463.99,72371.0,427834.99,34614070.09,34258606.1,-355463.99,-355463.9900000021,4.911623141546454,0.010269349394809946,-0.006743078893463372,Flagged for Review
C2089098230,C1525055170,CASH_IN,395070.15,24424528.61,24819598.76,538191.24,143121.09,-395070.15000000224,-395070.15,0.016175138531153068,0.7340688338427177,-0.006713757515770191,Flagged for Review
C453159474,C992147268,CASH_IN,336250.41,3309507.77,3645758.18,27842376.15,27506125.75,-336250.41000000015,-336250.3999999985,0.10160130501784408,0.012076928927025903,-0.006711495887831931,Flagged for Review
C1499170822,C1152261957,CASH_IN,456611.17,25324900.33,25781511.49,1538518.45,1369207.56,-456611.16000000015,-169310.8899999999,0.01803012631915356,0.296786088729655,-0.006643670914011746,Flagged for Review
C227409236,C1198980643,TRANSFER,2516884.75,171622.49,0.0,4780209.7,7297094.45,171622.49,2516884.75,14.66515306267225,0.5265217179652771,-0.006587077955018006,Flagged for Review
C997471807,C808661312,CASH_IN,638860.69,7560112.76,8198973.45,1928281.43,1289420.74,-638860.6900000004,-638860.69,0.08450411068946666,0.33131074580189995,-0.006571791499502044,Flagged for Review
C391174455,C1505177735,TRANSFER,3324589.98,152040.0,0.0,358090.96,3682680.94,152040.0,3324589.98,21.866404325149137,9.28417934879074,-0.006567374861884079,Flagged for Review
C2067367009,C495643918,CASH_OUT,93929.92,0.0,0.0,9820013.1,19504926.26,0.0,9684913.160000002,93929.92,0.00956515123537348,-0.0064798105448888865,Flagged for Review
C330086265,C475207138,TRANSFER,1722923.67,45739.0,0.0,0.0,1722923.67,45739.0,1722923.67,37.667767162221246,1722923.67,-0.006477336203148498,Flagged for Review
C1354801666,C874426800,TRANSFER,1711630.05,39985.0,0.0,0.0,1711630.05,39985.0,1711630.05,42.805733256639826,1711630.05,-0.006477336203148498,Flagged for Review
C926548954,C1330197080,TRANSFER,794870.35,0.0,0.0,36618440.2,37413310.55,0.0,794870.349999994,794870.35,0.021706831966402763,-0.006426718956365596,Flagged for Review
C868992182,C1325038895,CASH_IN,219474.62,27777752.83,27997227.45,8838847.84,9094114.65,-219474.62000000104,255266.81000000052,0.007901093131690412,0.024830679195097537,-0.006396956292966327,Flagged for Review
C665839674,C1528787128,CASH_IN,508853.26,4215272.95,4724126.21,9553856.94,9045003.67,-508853.2599999998,-508853.26999999955,0.12071653373797923,0.053261547659143864,-0.006394501527509311,Flagged for Review
C749992467,C903060010,CASH_IN,497024.62,4599681.77,5096706.4,9500181.41,9003156.78,-497024.6300000008,-497024.6300000008,0.10805628232487868,0.05231737650393178,-0.006382905224595281,Flagged for Review
C1401463248,C580774504,TRANSFER,2054266.39,118263.02,0.0,7380567.78,9434834.17,118263.02,2054266.3899999997,17.370172179163195,0.2783344280411949,-0.006309248554548175,Flagged for Review
C596463209,C1178949826,CASH_IN,439996.04,2087545.32,2527541.36,14855247.46,14415251.42,-439996.0399999998,-439996.04000000097,0.21077186924407978,0.02961889470814007,-0.006304545979680887,Flagged for Review
C1563770011,C1167066016,TRANSFER,1714590.0,0.0,0.0,5994557.75,7709147.74,0.0,1714589.9900000002,1714590.0,0.2860243883672005,-0.006291139133514756,Flagged for Review
C892613538,C1728307764,TRANSFER,1772794.82,31395.0,0.0,0.0,1772794.82,31395.0,1772794.82,56.4656268314435,1772794.82,-0.006231885354023747,Flagged for Review
C1554409771,C592593207,TRANSFER,3373153.78,10195.0,0.0,2998332.98,6371486.76,10195.0,3373153.78,330.83108866222045,1.1250093560291106,-0.0062160717264575505,Flagged for Review
C1400023491,C1260818779,TRANSFER,1745249.95,15711.0,0.0,0.0,1745249.95,15711.0,1745249.95,111.07751718431771,1745249.95,-0.006198204937791552,Flagged for Review
C1969633374,C156688177,TRANSFER,1682631.54,44752.0,0.0,0.0,1682631.54,44752.0,1682631.54,37.59818425580408,1682631.54,-0.006189141597784276,Flagged for Review
C989358212,C797833945,CASH_IN,372622.62,50985.0,423607.62,30121991.13,29749368.5,-372622.62,-372622.62999999896,7.3083320911622796,0.01237045074548328,-0.0061356537786795284,Flagged for Review
C1003843320,C402714881,CASH_IN,300136.76,2542948.07,2843084.83,35980423.9,35680287.15,-300136.76000000024,-300136.75,0.11802704330212953,0.008341668027383413,-0.006126473117536335,Flagged for Review
C986267478,C1981578736,TRANSFER,1807470.99,0.0,0.0,3515302.17,5322773.15,0.0,1807470.9800000004,1807470.99,0.5141721503354716,-0.006121963701405608,Flagged for Review
C92328908,C1730964371,CASH_IN,141230.2,23900575.98,24041806.18,9744870.84,9545984.79,-141230.19999999925,-198886.05000000075,0.0059090707357475685,0.014492771410321596,-0.0061130354433739376,Flagged for Review
C1288998731,C590333606,TRANSFER,1803347.53,0.0,0.0,4290054.28,6093401.81,0.0,1803347.5299999993,1803347.53,0.42035531299727213,-0.006098841724026305,Flagged for Review
C481794342,C2049145129,CASH_IN,378289.88,25817477.64,26195767.52,1949008.43,1570718.55,-378289.87999999896,-378289.8799999999,0.014652471888323793,0.1940934067209721,-0.0060939073293562185,Flagged for Review
C778268065,C1642620361,TRANSFER,1810719.6,0.0,0.0,3017662.75,4828382.35,0.0,1810719.5999999996,1810719.6,0.6000402132278655,-0.006079227299967127,Flagged for Review
C930301075,C995495057,CASH_IN,615242.58,8805395.64,9420638.22,1592258.18,977015.6,-615242.5800000001,-615242.58,0.06987108078756574,0.3863960011836766,-0.006019891632396579,Flagged for Review
C959842236,C1101992059,TRANSFER,1428396.67,29089.38,0.0,16434091.56,17862488.23,29089.38,1428396.67,49.102028574394694,0.08691667427240046,-0.006009858998971662,Flagged for Review
C362907416,C2044636303,TRANSFER,1694796.09,0.0,0.0,7072786.07,8767582.16,0.0,1694796.0899999999,1694796.09,0.23962209991994005,-0.00600641466999885,Flagged for Review
C1181974428,C921681296,CASH_IN,73882.48,20742630.3,20816512.78,12863748.02,12789865.54,-73882.48000000045,-73882.48000000045,0.0035618663288875985,0.005743464046533458,-0.005984131737977516,Flagged for Review
C924215806,C1114203279,TRANSFER,1555486.27,0.0,0.0,8410921.31,9966407.58,0.0,1555486.2699999996,1555486.27,0.18493646863800361,-0.005983839573321381,Flagged for Review
C961412123,C824985636,CASH_IN,615914.34,9850001.99,10465916.33,2855694.47,2498201.16,-615914.3399999999,-357493.31000000006,0.06252935563829712,0.2156792789953895,-0.005981190947483617,Flagged for Review
C1704321347,C476137720,CASH_IN,54346.33,22827101.73,22881448.06,10661723.56,10607377.23,-54346.32999999821,-54346.330000000075,0.0023807808920304446,0.005097330145246221,-0.005965740543248277,Flagged for Review
C1267074288,C1396705699,TRANSFER,2860180.64,29835.86,0.0,4542036.21,7402216.85,29835.86,2860180.6399999997,95.86064485337934,0.629713167849631,-0.005931155340910044,Flagged for Review
C1433651588,C1379031360,TRANSFER,1465679.54,0.0,0.0,9825855.74,11086260.29,0.0,1260404.5499999989,1465679.54,0.14916557189699065,-0.005894155346494512,Flagged for Review
C655372114,C586086228,TRANSFER,4262938.5,8579.0,0.0,692947.13,4955885.63,8579.0,4262938.5,496.84597902097903,6.151886866337311,-0.005872182972527784,Flagged for Review
C1119861285,C1625953672,TRANSFER,3177442.18,49882.0,0.0,279816.09,3699141.81,49882.0,3419325.72,63.69789667822705,11.355425717564284,-0.005865227162701436,Flagged for Review
C852640525,C97730845,TRANSFER,785777.04,0.0,0.0,36167454.23,36953231.27,0.0,785777.0400000066,785777.04,0.02172608039473614,-0.005850505350667001,Flagged for Review
C1895917528,C269435823,TRANSFER,1359415.61,2843.92,0.0,18319725.62,19679141.23,2843.92,1359415.6099999994,477.8396615722059,0.0742050161663384,-0.005815539143060544,Flagged for Review
C1884550,C1796064354,TRANSFER,1278489.25,51651.0,0.0,0.0,1981418.33,51651.0,1981418.33,24.751979594207388,1278489.25,-0.005801306413605323,Flagged for Review
C1987576928,C766514161,TRANSFER,1820859.73,0.0,0.0,3134789.6,4955649.33,0.0,1820859.73,1820859.73,0.58085529859634,-0.005791212224134701,Flagged for Review
C126699485,C1370266994,CASH_IN,522856.64,12202198.89,12725055.53,845117.78,322261.14,-522856.63999999873,-522856.64,0.042849375089199594,0.6186782880389902,-0.0057834149963684744,Flagged for Review
C1189426707,C1079088036,TRANSFER,1606153.09,0.0,0.0,7851166.96,9457320.06,0.0,1606153.1000000006,1606153.09,0.20457505153156857,-0.005708624903987047,Flagged for Review
C2086680389,C64290049,TRANSFER,3712542.67,12258.0,0.0,1157099.64,4869642.31,12258.0,3712542.67,302.84221143649563,3.2084872669329787,-0.005695759180853299,Flagged for Review
C1135621434,C825702956,TRANSFER,1722944.56,31184.0,0.0,0.0,1722944.56,31184.0,1722944.56,55.24914413981081,1722944.56,-0.005655847431402239,Flagged for Review
C166029899,C1675375648,CASH_IN,413412.37,16078911.9,16492324.27,6714599.92,6675528.27,-413412.3699999992,-39071.65000000037,0.025711462744474473,0.06156916470919615,-0.005635836285406648,Flagged for Review
C2089376917,C234127228,CASH_IN,665781.55,0.0,665781.55,0.0,0.0,-665781.55,0.0,665781.55,665781.55,-0.005612833578516163,Flagged for Review
C798016849,C243274781,TRANSFER,1624504.53,13568.0,0.0,0.0,1125439.29,13568.0,1125439.29,119.7217576829538,1624504.53,-0.005537623065292929,Flagged for Review
C1485363987,C1085252849,CASH_IN,25096.04,27562036.57,27587132.61,9080218.47,9055122.43,-25096.039999999106,-25096.04000000097,0.0009105291993112975,0.002763814253930142,-0.005498252757732747,Flagged for Review
C579913706,C32948564,TRANSFER,3483157.73,605.0,0.0,2028289.04,5511446.77,605.0,3483157.7299999995,5747.785033003301,1.7172877947968428,-0.005467403277289451,Flagged for Review
C80517516,C1068636310,CASH_IN,420344.06,30078.0,450422.06,26738259.54,26563138.43,-420344.06,-175121.1099999994,13.974668705741546,0.01572069579362398,-0.005424860637404438,Flagged for Review
C2069775449,C139411548,CASH_IN,381121.46,18208418.68,18589540.14,3439857.61,3058736.15,-381121.4600000009,-381121.45999999996,0.020931056439709654,0.11079567598855466,-0.0054042101105679086,Flagged for Review
C1252076523,C987813404,CASH_IN,536278.72,9413987.03,9950265.75,4911329.9,4375051.18,-536278.7200000007,-536278.7200000007,0.05696615698798589,0.1091921377156648,-0.005384908242478503,Flagged for Review
C745065978,C672249309,CASH_IN,433315.74,16619525.8,17052841.55,1557885.45,1124569.71,-433315.75,-433315.74,0.02607268818267437,0.27814333965097393,-0.005379120291036932,Flagged for Review
C1196444233,C701942093,CASH_IN,537918.73,2435186.0,2973104.72,8706515.23,8168596.5,-537918.7200000002,-537918.7300000004,0.22089421880126658,0.06178346376320945,-0.005375567697742056,Flagged for Review
C1878078458,C368630426,TRANSFER,1699349.12,33725.0,0.0,0.0,1699349.12,33725.0,1699349.12,50.38691573266916,1699349.12,-0.005368023281190792,Flagged for Review
C1294272243,C2146503445,TRANSFER,1760581.31,21739.0,0.0,0.0,1760581.31,21739.0,1760581.31,80.9835009199632,1760581.31,-0.005334388409554136,Flagged for Review
C1784640722,C502911038,TRANSFER,1805900.42,0.0,0.0,3595154.08,5401054.5,0.0,1805900.42,1805900.42,0.5023150266997661,-0.005307480413647925,Flagged for Review
C949251808,C1582091140,TRANSFER,1795663.8,0.0,0.0,4551821.29,6347485.1,0.0,1795663.8099999996,1795663.8,0.39449338871267753,-0.0053038829105188645,Flagged for Review
C7041710,C1768048876,TRANSFER,1342888.59,638.0,0.0,19350051.86,20692940.45,638.0,1342888.5899999999,2101.547089201878,0.06939973754676348,-0.005282556880435996,Flagged for Review
C399091760,C271378228,TRANSFER,3099244.94,208491.0,0.0,150939.39,3250184.34,208491.0,3099244.9499999997,14.865054486503078,20.532906666002386,-0.0052763086848184315,Flagged for Review
C1815165211,C1775875807,TRANSFER,1386033.01,0.0,0.0,12251437.46,13637470.47,0.0,1386033.0099999998,1386033.01,0.11313226724562105,-0.005095697939041299,Flagged for Review
C513239542,C725407598,TRANSFER,3826840.72,35207.0,0.0,882048.63,4708889.35,35207.0,3826840.7199999997,108.69236309929562,4.338577546934633,-0.005083622873111815,Flagged for Review
C1508046172,C1196413836,TRANSFER,1761668.96,11312.0,0.0,0.0,1761668.96,11312.0,1761668.96,155.72076018739503,1761668.96,-0.005046709223163304,Flagged for Review
C1653136839,C1005162573,TRANSFER,1761139.97,11191.0,0.0,0.0,1761139.97,11191.0,1761139.97,157.35703806290206,1761139.97,-0.005046709223163304,Flagged for Review
C265727052,C588764416,TRANSFER,1776800.33,9449.0,0.0,0.0,1776800.33,9449.0,1776800.33,188.02119894179896,1776800.33,-0.005046709223163304,Flagged for Review
C874523118,C32964088,TRANSFER,3309372.59,140696.0,0.0,277029.83,3586402.42,140696.0,3309372.59,23.5212733036241,11.945863895365003,-0.004992635793159006,Flagged for Review
C340744780,C12335489,CASH_IN,466127.49,16115607.89,16581735.39,2095346.94,1629219.44,-466127.5,-466127.5,0.028923976325166325,0.22245827583174563,-0.004987346289844652,Flagged for Review
C2063608023,C222514560,TRANSFER,886599.39,0.0,0.0,26367561.82,27254161.21,0.0,886599.3900000006,886599.39,0.03362462416615568,-0.004974993466035693,Flagged for Review
C877675185,C1193495878,CASH_IN,65196.92,6876106.64,6941303.56,6871658.36,10414709.38,-65196.919999999925,3543051.0200000005,0.009481660761203558,0.009487798591925545,-0.004971812687036947,Flagged for Review
C954397456,C1233092227,TRANSFER,1979722.22,362144.02,0.0,5704986.96,7684709.18,362144.02,1979722.2199999997,5.4666559269543455,0.3470160206963872,-0.004872852320046528,Flagged for Review
C1774928535,C1508466053,TRANSFER,3789783.3,56908.0,0.0,252748.1,4042531.4,56908.0,3789783.3,66.59374264176141,14.994250424630591,-0.004868258035199635,Flagged for Review
C992397992,C625006133,CASH_IN,102487.97,31930810.4,32033298.36,8205798.74,8103310.77,-102487.9600000009,-102487.97000000067,0.0032096888712323797,0.012489699145399812,-0.0048102609772385785,Flagged for Review
C457651699,C2110474884,TRANSFER,4244524.75,3061.0,0.0,462850.08,4707374.83,3061.0,4244524.75,1386.1935826257347,9.170389642387784,-0.004775541186728849,Flagged for Review
C356326817,C1068553455,TRANSFER,1720120.56,36922.0,0.0,0.0,1376026.69,36922.0,1376026.69,46.58669555561574,1720120.56,-0.004773960520418896,Flagged for Review
C318659284,C310737318,TRANSFER,852744.67,0.0,0.0,4633838.86,7069734.55,0.0,2435895.6899999995,852744.67,0.18402549413954067,-0.004755483538901761,Flagged for Review
C679430556,C801273225,CASH_IN,342879.96,10476919.96,10819799.92,14015601.14,13672721.18,-342879.95999999903,-342879.9600000009,0.03272716872725171,0.024464161908637056,-0.004720992990671968,Flagged for Review
C1362907731,C2008633898,CASH_IN,395955.99,20764401.54,21160357.53,421781.45,25825.46,-395955.9900000021,-395955.99,0.01906898063824571,0.9387682915683191,-0.004676159725852114,Flagged for Review
C1945976072,C384735911,TRANSFER,1103138.06,0.0,0.0,4961131.5,6809092.98,0.0,1847961.4800000004,1103138.06,0.22235609712096988,-0.004636995054918325,Flagged for Review
C975415534,C718985478,TRANSFER,2336832.78,147958.78,0.0,5069347.06,7307970.46,147958.78,2238623.4000000004,15.793702721104342,0.46097303880925466,-0.0046144362963567165,Flagged for Review
C1110477548,C360320723,TRANSFER,4311759.39,23633.0,0.0,214132.13,4525891.52,23633.0,4311759.39,182.43883346026908,20.1358817759774,-0.004601969811506179,Flagged for Review
C412319822,C198910546,TRANSFER,673375.16,0.0,0.0,3390714.85,8124319.52,0.0,4733604.67,673375.16,0.1985938043142129,-0.004557089249582091,Flagged for Review
C2124960693,C1069928634,CASH_IN,572851.17,10942105.19,11514956.36,917933.83,345082.67,-572851.1699999999,-572851.1599999999,0.05235291634470969,0.6240651855426382,-0.004523886029480617,Flagged for Review
C578168294,C888594278,CASH_IN,645604.14,6868766.66,7514370.8,820894.07,175289.93,-645604.1399999997,-645604.1399999999,0.09399126189107407,0.7864636585038817,-0.004521372929588652,Flagged for Review
C1904379201,C786583473,CASH_IN,220005.25,19207541.81,19427547.05,9410969.25,9190964.0,-220005.2400000021,-220005.25,0.011454106971218564,0.02337753113181927,-0.004515520207263868,Flagged for Review
C360702161,C166556187,TRANSFER,1703749.51,10791.0,0.0,0.0,1703749.51,10791.0,1703749.51,157.871526130467,1703749.51,-0.004471739983699874,Flagged for Review
C709031735,C84356425,TRANSFER,1719435.25,18266.0,0.0,0.0,1719435.25,18266.0,1719435.25,94.12794930749439,1719435.25,-0.004471739983699874,Flagged for Review
C444786377,C1245163596,TRANSFER,1701196.98,11275.0,0.0,0.0,1701196.98,11275.0,1701196.98,150.8688346931536,1701196.98,-0.004471739983699874,Flagged for Review
C997900616,C1391106350,TRANSFER,1686433.17,21082.0,0.0,0.0,1686433.17,21082.0,1686433.17,79.99018972631978,1686433.17,-0.004471739983699874,Flagged for Review
C1782247857,C1791116897,CASH_IN,297131.08,23330397.83,23627528.91,1341131.72,717672.21,-297131.08000000194,-623459.51,0.012735790852316091,0.22155233077901493,-0.004470668832678881,Flagged for Review
C2136719306,C1762403537,CASH_IN,287359.94,30967247.66,31254607.6,5392802.19,5105442.25,-287359.94000000134,-287359.9400000004,0.009279479205757765,0.053285819985579706,-0.004455565966199004,Flagged for Review
C1567104410,C446798249,TRANSFER,1774946.68,387.0,0.0,0.0,1774946.68,387.0,1774946.68,4574.604845360825,1774946.68,-0.004430282940425356,Flagged for Review
C130809987,C515056759,TRANSFER,1755511.21,892.0,0.0,0.0,1755511.21,892.0,1755511.21,1965.858017917133,1755511.21,-0.004430282940425356,Flagged for Review
C1509723926,C2130882745,TRANSFER,780797.8,0.0,0.0,33941802.1,34722599.9,0.0,780797.799999997,780797.8,0.023004016542656804,-0.00441224345927127,Flagged for Review
C869700070,C1319618516,TRANSFER,796528.54,0.0,0.0,31360841.81,32157370.35,0.0,796528.5400000028,796528.54,0.02539882441380089,-0.00441224345927127,Flagged for Review
C384437102,C1012183709,CASH_IN,427546.86,17227269.29,17654816.15,1525462.14,1097915.28,-427546.8599999994,-427546.85999999987,0.024818027046814274,0.2802734781254695,-0.004392704567868,Flagged for Review
C131409049,C935324559,CASH_IN,218496.64,4237316.15,4455812.79,143212565.46,142994068.82,-218496.63999999966,-218496.6400000155,0.05156485395481903,0.0015256806396317687,-0.004359268015083129,Flagged for Review
C1827271244,C1534515641,TRANSFER,4111899.14,21658.0,0.0,381019.01,4492918.15,21658.0,4111899.1400000006,189.84713698693383,10.79181941126924,-0.004314620913553835,Flagged for Review
C1184389706,C1427233952,TRANSFER,1651939.08,51275.0,0.0,0.0,1651939.08,51275.0,1651939.08,32.21661362040721,1651939.08,-0.004217273953428302,Flagged for Review
C1322803130,C422003522,TRANSFER,1395334.04,0.0,0.0,3353823.83,5327101.27,0.0,1973277.4399999995,1395334.04,0.416042611265419,-0.004214658057144827,Flagged for Review
C1972161947,C1053729544,CASH_IN,388650.75,17639805.69,18028456.45,3412209.29,3023558.54,-388650.7599999979,-388650.75,0.022032596888962846,0.11389999940478464,-0.00419457357118036,Flagged for Review
C1731486857,C1904901484,TRANSFER,1689433.17,10359.0,0.0,0.0,1689433.17,10359.0,1689433.17,163.0726998069498,1689433.17,-0.00418444981364785,Flagged for Review
C1168005331,C531895549,TRANSFER,1691714.29,16507.0,0.0,0.0,1691714.29,16507.0,1691714.29,102.47845226556821,1691714.29,-0.00418444981364785,Flagged for Review
C1491083664,C588565911,CASH_IN,450153.17,4736260.83,5186414.0,11126650.62,10676497.45,-450153.1699999999,-450153.1699999999,0.0950439790192089,0.04045720000713027,-0.004177060372423824,Flagged for Review
C770415556,C56895459,CASH_IN,380373.36,24913747.44,25294120.81,637942.21,257568.85,-380373.3699999973,-380373.36,0.015267608602376977,0.5962495627157784,-0.004166327556882066,Flagged for Review
C1760085661,C966279624,TRANSFER,1700839.96,719.0,0.0,0.0,1700839.96,719.0,1700839.96,2362.277722222222,1700839.96,-0.004143011465668867,Flagged for Review
C597364634,C1562638534,TRANSFER,2229102.57,794875.0,0.0,3566163.04,5795265.62,794875.0,2229102.58,2.804340010265752,0.6250701159557427,-0.004131002373490289,Flagged for Review
C955869029,C1028375872,TRANSFER,1812459.5,0.0,0.0,2977775.16,4790234.66,0.0,1812459.5,1812459.5,0.6086621030641873,-0.0041200576760445085,Flagged for Review
C1917510149,C1511961082,TRANSFER,1791477.93,0.0,0.0,4089016.92,5880494.85,0.0,1791477.9299999997,1791477.93,0.43811936387894335,-0.0040853998348077125,Flagged for Review
C1465743331,C1740277954,CASH_OUT,1634761.22,0.0,0.0,7402450.65,9037211.88,0.0,1634761.2300000004,1634761.22,0.2208405130211151,-0.00406657543171729,Flagged for Review
C921630153,C2117166051,TRANSFER,1667885.73,0.0,0.0,7315947.73,8983833.45,0.0,1667885.7199999988,1667885.73,0.22797941751021536,-0.00406657543171729,Flagged for Review
C1328761051,C1366830412,TRANSFER,709191.49,0.0,0.0,101430528.8,102139720.29,0.0,709191.4900000095,709191.49,0.00699189377595068,-0.004009208155111743,Flagged for Review
C677425677,C991633018,CASH_IN,180931.25,20834131.21,21015062.46,9616917.93,9435986.68,-180931.25,-180931.25,0.008684366988568707,0.018813847898372583,-0.00399360512452962,Flagged for Review
C700626923,C1466370365,CASH_IN,589943.36,9836271.32,10426214.68,648004.8,58061.45,-589943.3599999994,-589943.3500000001,0.05997631427918823,0.9103982711265856,-0.003992994846235054,Flagged for Review
C1788709565,C1180250953,TRANSFER,1415938.5,398521.0,0.0,0.0,1415938.5,398521.0,1415938.5,3.5529744907432965,1415938.5,-0.003983040788662406,Flagged for Review
C85987349,C255479103,TRANSFER,1754107.18,0.0,0.0,2255065.3,3254241.04,0.0,999175.7400000002,1754107.18,0.7778517110561228,-0.003968692268374374,Flagged for Review
C936550941,C1013859188,CASH_IN,519209.15,1530981.89,2050191.03,10725284.47,10206075.33,-519209.14000000013,-519209.1400000006,0.33913452161441204,0.0484098210208292,-0.0038962380280084252,Flagged for Review
C375790290,C896393489,CASH_IN,38649.19,4842398.3,4881047.49,31061867.17,31683567.32,-38649.19000000041,621700.1499999985,0.007981413263462186,0.001244264826200246,-0.0038839397890190197,Flagged for Review
C1690572561,C93611463,TRANSFER,1697496.12,386.0,0.0,0.0,1697496.12,386.0,1697496.12,4386.294883720931,1697496.12,-0.003855869537659262,Flagged for Review
C1026878474,C754139893,TRANSFER,1687310.25,450.0,0.0,0.0,1687310.25,450.0,1687310.25,3741.2644124168514,1687310.25,-0.003855869537659262,Flagged for Review
C470132523,C70481804,CASH_IN,407502.9,19183105.14,19590608.04,724579.21,317076.31,-407502.8999999985,-407502.89999999997,0.02124280067190412,0.5623986059459174,-0.0038529640194781,Flagged for Review
C83257048,C87459038,TRANSFER,1719916.47,6507.0,0.0,0.0,1719916.47,6507.0,1719916.47,264.27726951444373,1719916.47,-0.0038034100207418042,Flagged for Review
C1481905337,C1626305097,CASH_IN,602107.11,9237341.89,9839449.0,796215.94,194108.84,-602107.1099999994,-602107.1,0.06518185122821613,0.7562098716462878,-0.003717031489705591,Flagged for Review
C723190374,C118136684,TRANSFER,1568302.2,0.0,0.0,8189279.81,9757582.01,0.0,1568302.2000000002,1568302.2,0.19150670692412122,-0.0036964131434223946,Flagged for Review
C1082573868,C2020163917,CASH_IN,238077.25,29824430.79,30062508.04,6019713.06,5781635.81,-238077.25,-238077.25,0.00798262483846637,0.039549594486884984,-0.00362646608032835,Flagged for Review
C908649384,C1822715616,TRANSFER,2627511.74,136676.67,0.0,3723254.27,6350766.01,136676.67,2627511.7399999998,19.224147880191403,0.7057028190280384,-0.003582707338701918,Flagged for Review
C2037555355,C75869518,TRANSFER,2164737.88,22391.0,0.0,360772.74,3249456.28,22391.0,2888683.54,96.67461057520542,6.000264542535717,-0.003579032867251919,Flagged for Review
C318808189,C423090540,CASH_OUT,447458.09,0.0,0.0,6886825.01,10404047.18,0.0,3517222.17,447458.09,0.0649730498999495,-0.003568749201262933,Flagged for Review
C35029076,C577632221,CASH_IN,408662.71,19156159.54,19564822.25,580921.37,172258.65,-408662.7100000009,-408662.72,0.021333226412812264,0.7034721523979185,-0.0035659528900560122,Flagged for Review
C559745678,C599626654,TRANSFER,1837290.17,0.0,0.0,1951265.38,3788555.54,0.0,1837290.1600000001,1837290.17,0.9415885954023356,-0.0035286555091824656,Flagged for Review
C191955749,C339721390,TRANSFER,3849232.29,51988.0,0.0,526848.21,4376080.51,51988.0,3849232.3,74.03936005693512,7.306136588873314,-0.003516375226449875,Flagged for Review
C1275680951,C1046602083,TRANSFER,3779783.34,43362.0,0.0,229136.35,4008919.69,43362.0,3779783.34,87.16609413555335,16.495710280318768,-0.003516375226449875,Flagged for Review
C1483328287,C858871755,TRANSFER,1617904.96,0.0,0.0,7367425.95,8985330.91,0.0,1617904.96,1617904.96,0.2196024434283668,-0.003492489987031888,Flagged for Review
C971310418,C1797656616,TRANSFER,1711389.16,125.0,0.0,0.0,1711389.16,125.0,1711389.16,13582.45365079365,1711389.16,-0.0034631223013266155,Flagged for Review
C833636904,C1833902790,TRANSFER,2707504.48,131844.34,0.0,3006584.23,5714088.71,131844.34,2707504.48,20.53545828771802,0.9005247724176441,-0.003437049206573617,Flagged for Review
C554633623,C604230794,TRANSFER,1831032.99,0.0,0.0,2254263.6,4085296.59,0.0,1831032.9899999998,1831032.99,0.8122529138771021,-0.0034265294355663167,Flagged for Review
C1168333955,C653147284,CASH_OUT,846620.75,0.0,0.0,4880438.04,7083921.39,0.0,2203483.3499999996,846620.75,0.17347225179151096,-0.003402217932468643,Flagged for Review
C387438086,C941818557,TRANSFER,1612480.97,30236.0,0.0,0.0,1612480.97,30236.0,1612480.97,53.328073882991035,1612480.97,-0.003398690342605648,Flagged for Review
C1315993626,C1121453612,CASH_IN,518291.92,22725.0,541016.92,11653558.58,11135266.66,-518291.92000000004,-518291.9199999999,22.806121622810878,0.04447498778737955,-0.003386587155239762,Flagged for Review
C1520241047,C175076272,TRANSFER,4256594.1,5064.0,0.0,191298.49,4447892.59,5064.0,4256594.1,840.3937018756169,22.250943272248136,-0.0033822540059325057,Flagged for Review
C1820474359,C1131293196,CASH_IN,366860.49,1755432.59,2122293.09,24550653.75,24183793.26,-366860.49999999977,-366860.48999999836,0.20898568427188405,0.014943002283880026,-0.003343856813606383,Flagged for Review
C197929124,C956986674,CASH_IN,117084.7,19462888.34,19579973.04,13814285.12,13697200.42,-117084.69999999925,-117084.69999999925,0.00601579230887206,0.008475624363280526,-0.0033112829059188664,Flagged for Review
C356456634,C1142674025,CASH_IN,506341.63,12675427.2,13181768.83,1443603.55,937261.92,-506341.6300000008,-506341.63,0.03994670807255253,0.3507481532944739,-0.003278307502540656,Flagged for Review
C2145141984,C1526542158,TRANSFER,2404531.9,249964.61,0.0,2978758.65,5383290.55,249964.61,2404531.9,9.619450851659154,0.8072258867881469,-0.003260974973977815,Flagged for Review
C325631276,C380928130,CASH_IN,352637.09,8808866.29,9161503.39,14600674.61,14248037.51,-352637.1000000015,-352637.0999999996,0.040032058423711374,0.024152107711952656,-0.003259507401439765,Flagged for Review
C1342513425,C713826505,TRANSFER,1579320.47,148924.0,0.0,0.0,1579320.47,148924.0,1579320.47,10.604804230317274,1579320.47,-0.003251414973854394,Flagged for Review
C369551265,C289933148,CASH_IN,480277.33,4528636.08,5008913.41,9149288.05,8669010.72,-480277.3300000001,-480277.3300000001,0.10605339344171956,0.05249340439189644,-0.0032203702425845915,Flagged for Review
C1159404786,C1727163640,CASH_IN,762132.42,1878878.84,2641011.26,2474380.85,1712248.44,-762132.4199999997,-762132.4100000001,0.4056312723010536,0.30800921854482566,-0.0032133947146217867,Flagged for Review
C897169207,C726056472,TRANSFER,3318577.88,331.0,0.0,1982779.94,5301357.82,331.0,3318577.8800000004,9995.716506024097,1.673698699161391,-0.00316911985492363,Flagged for Review
C1977739250,C511821363,TRANSFER,3938270.31,42720.0,0.0,611741.05,4550011.36,42720.0,3938270.3100000005,92.18581751363499,6.43779565259573,-0.0031575002281587494,Flagged for Review
C1797246404,C254484664,CASH_IN,352123.49,15397504.12,15749627.6,3597260.84,2842531.15,-352123.48000000045,-754729.69,0.02286886656349428,0.09788653305259536,-0.003152553421476245,Flagged for Review
C1910723869,C314096233,TRANSFER,1767033.68,0.0,0.0,4770504.65,6537538.33,0.0,1767033.6799999997,1767033.68,0.370408046786403,-0.0031495512893837674,Flagged for Review
C882628754,C1602475148,TRANSFER,1745528.95,0.0,0.0,4839464.81,6584993.76,0.0,1745528.9500000002,1745528.95,0.36068628615851306,-0.0031495512893837674,Flagged for Review
C106411823,C2081443416,CASH_IN,75093.84,24333759.27,24408853.11,9870931.14,9795837.3,-75093.83999999985,-75093.83999999985,0.0030859940743552003,0.007607573320831278,-0.0031450763273508375,Flagged for Review
C662887173,C1544651170,CASH_IN,85360.1,29070147.06,29155507.16,5046477.22,4698632.98,-85360.10000000149,-347844.2399999993,0.002936348993607431,0.01691478616943283,-0.0031330181020241543,Flagged for Review
C1633161534,C451111351,CASH_IN,258578.06,11852278.31,12110856.37,4654237.15,7255066.28,-258578.05999999866,2600829.13,0.021816736953020725,0.05555754812417581,-0.0031174825120797722,Flagged for Review
C1941251999,C276568232,TRANSFER,1357205.07,0.0,0.0,12232410.71,13589615.77,0.0,1357205.0599999987,1357205.07,0.11095155249642917,-0.0030854183838138205,Flagged for Review
C210243356,C1485430181,CASH_IN,357884.42,24251218.72,24609103.15,2241085.51,1883201.09,-357884.4299999997,-357884.4199999997,0.014757378149720545,0.15969237171482506,-0.0030642536785676633,Flagged for Review
C879314491,C578413004,TRANSFER,1588414.8,102645.0,0.0,0.0,1588414.8,102645.0,1588414.8,15.474687761822185,1588414.8,-0.0030375109170521775,Flagged for Review
C863107494,C1426739057,CASH_IN,613046.91,10810.0,623856.91,9492200.82,8879153.91,-613046.91,-613046.9100000001,56.705846822680606,0.06458426839474848,-0.0029804873126419995,Flagged for Review
C454959360,C1617753052,CASH_IN,647605.76,3749775.96,4397381.72,4757931.6,4110325.83,-647605.7599999998,-647605.7699999996,0.17270514137459525,0.13611074692398964,-0.0029492905799517466,Flagged for Review
C1082833098,C1405722418,TRANSFER,1788837.96,0.0,0.0,3144756.9,4933594.86,0.0,1788837.9600000004,1788837.96,0.5688316928943878,-0.0029181953245945857,Flagged for Review
C928644072,C487457911,CASH_IN,762057.77,2415583.82,3177641.58,1281898.27,519840.5,-762057.7600000002,-762057.77,0.3154754756241597,0.5944755472089472,-0.0028988437653191257,Flagged for Review
C2062020987,C1608175085,TRANSFER,1738665.2,0.0,0.0,4444052.64,6182717.85,0.0,1738665.21,1738665.2,0.39123407160315016,-0.0028628573680348213,Flagged for Review
C1913269880,C364255630,TRANSFER,1786997.66,0.0,0.0,4580428.76,6367426.43,0.0,1786997.67,1786997.66,0.39013755338101724,-0.0028628573680348213,Flagged for Review
C232447905,C29759880,CASH_IN,424102.79,18708657.46,19132760.25,1017945.54,593842.75,-424102.7899999991,-424102.79000000004,0.02266879749324367,0.416625798443207,-0.0028445125065748034,Flagged for Review
C879148869,C615318975,CASH_IN,622330.49,137543.23,759873.72,9024763.31,8402432.82,-622330.49,-622330.4900000002,4.524584491839461,0.06895808783730996,-0.002839387109780489,Flagged for Review
C1336529282,C720693683,TRANSFER,1371146.35,0.0,0.0,12062240.53,13433386.88,0.0,1371146.3500000015,1371146.35,0.11367259945755706,-0.0027987533835726053,Flagged for Review
C440358989,C1843265182,CASH_IN,380605.89,23163351.72,23543957.62,473512.18,92906.29,-380605.90000000224,-380605.89,0.016431381700256733,0.8037915438805737,-0.0027318596910600457,Flagged for Review
C1050976590,C1215550051,CASH_IN,603384.44,4833362.01,5436746.46,3763705.88,3160321.43,-603384.4500000002,-603384.4499999997,0.12483739349840392,0.16031653347032168,-0.002730167697302277,Flagged for Review
C1906881756,C1785708288,TRANSFER,1699016.9,908.0,0.0,0.0,1699016.9,908.0,1699016.9,1869.105500550055,1699016.9,-0.0027085961250888912,Flagged for Review
C1595768862,C1413966195,TRANSFER,1676111.96,1684.0,0.0,0.0,1676111.96,1684.0,1676111.96,994.7251988130564,1676111.96,-0.0027085961250888912,Flagged for Review
C93547880,C25365180,TRANSFER,915502.26,0.0,0.0,19982160.6,20897662.87,0.0,915502.2699999996,915502.26,0.045815977186372064,-0.00270809584239895,Flagged for Review
C378421742,C213739596,CASH_IN,409347.69,2522062.96,2931410.66,14273728.12,13864380.42,-409347.7000000002,-409347.69999999925,0.16230662524514247,0.028678398374986116,-0.0026949614229117014,Flagged for Review
C1970554183,C1231067678,TRANSFER,1791958.57,0.0,0.0,3465905.22,5257863.79,0.0,1791958.5699999998,1791958.57,0.5170245402658356,-0.0026741114419917,Flagged for Review
C350008002,C1906764834,TRANSFER,1705558.85,0.0,0.0,5630295.04,7335853.89,0.0,1705558.8499999996,1705558.85,0.30292525257694974,-0.0026543442834761066,Flagged for Review
C1199937806,C1187026769,TRANSFER,1640373.65,0.0,0.0,6991862.8,8632236.45,0.0,1640373.6499999994,1640373.65,0.23461178548701134,-0.0026323322821427686,Flagged for Review
C1659238701,C1685697739,CASH_OUT,170420.86,141977.0,0.0,7654812.87,13755372.44,141977.0,6100559.569999999,1.2003328684725802,0.022263227152772035,-0.0025909572958909832,Flagged for Review
C1455800321,C747645347,TRANSFER,1767689.88,0.0,0.0,4699019.27,6466709.15,0.0,1767689.8800000008,1767689.88,0.37618264626042996,-0.0025762927329817664,Flagged for Review
C556854609,C653159551,TRANSFER,1576477.47,51132.0,0.0,0.0,1295810.77,51132.0,1295810.77,30.83092073611953,1576477.47,-0.0025670304104966624,Flagged for Review
C1525845827,C1787868648,CASH_IN,422093.91,386243.74,808337.65,18397268.73,17975174.83,-422093.91000000003,-422093.90000000224,1.0928146490745738,0.022943290835797294,-0.002566793240717291,Flagged for Review
C1574104669,C1241138123,TRANSFER,1405820.3,0.0,0.0,11552484.15,12958304.45,0.0,1405820.2999999989,1405820.3,0.12168985995190827,-0.002554715375280514,Flagged for Review
C580936876,C539173994,TRANSFER,672716.68,0.0,0.0,72004688.22,72677404.91,0.0,672716.6899999976,672716.68,0.009342678751721444,-0.002536569814711287,Flagged for Review
C1446923203,C232055932,TRANSFER,1610252.04,14496.0,0.0,0.0,1610252.04,14496.0,1610252.04,111.07484583017177,1610252.04,-0.00250517377726589,Flagged for Review
C852033442,C914717092,TRANSFER,1618417.63,20752.0,0.0,0.0,1618417.63,20752.0,1618417.63,77.98475545704235,1618417.63,-0.00250517377726589,Flagged for Review
C1538965646,C1047108779,CASH_IN,484229.03,12802927.84,13287156.87,2609567.28,2125338.25,-484229.02999999933,-484229.0299999998,0.03782173876395614,0.185559057301233,-0.0024834187838904676,Flagged for Review
C209514477,C1626114751,CASH_IN,397224.21,19882191.8,20279416.0,518172.56,120948.36,-397224.19999999925,-397224.2,0.019978893374376694,0.7665852537902552,-0.002477553336317273,Flagged for Review
C591850836,C1632535868,TRANSFER,2677901.83,95449.82,0.0,3998573.56,6676475.39,95449.82,2677901.8299999996,28.055304606078813,0.6697141168226709,-0.0024418400686071484,Flagged for Review
C1302359501,C1230758993,CASH_IN,390654.12,17386165.86,17776819.97,3218398.58,2827744.46,-390654.1099999994,-390654.1200000001,0.022469249440989204,0.12138148489318408,-0.0024141182837761344,Flagged for Review
C303338760,C58333888,CASH_IN,262379.25,2051968.98,2314348.23,91438186.57,91175807.32,-262379.25,-262379.25,0.12786700222583178,0.00286947124579801,-0.002379890412390284,Flagged for Review
C245867114,C903846561,TRANSFER,3641155.27,20086.0,0.0,51934.97,3693090.24,20086.0,3641155.27,181.26924229601235,70.10854461753578,-0.0023787229360975326,Flagged for Review
C543807355,C86023156,CASH_IN,240713.0,3875491.5,4116204.5,57147630.33,56906917.33,-240713.0,-240713.0,0.06211158968827833,0.004212125584173359,-0.0023681659435285107,Flagged for Review
C649951648,C1634501568,CASH_IN,394082.31,14268919.15,14663001.46,5562433.01,5168350.7,-394082.3100000005,-394082.3099999996,0.027618229400491807,0.0708470984629263,-0.0023591983024146,Flagged for Review
C1537372380,C377348393,TRANSFER,2448441.51,387815.0,0.0,1774225.32,4222666.83,387815.0,2448441.51,6.313410251253171,1.380005178820704,-0.0023318792571673796,Flagged for Review
C1984611293,C1561314180,CASH_IN,268156.2,4326315.58,4594471.78,37036217.61,36768061.42,-268156.2000000002,-268156.1899999976,0.06198256531656775,0.007240377394456686,-0.0023198427333027682,Flagged for Review
C1938035079,C32632174,TRANSFER,4153171.03,712.0,0.0,242899.45,4396070.47,712.0,4153171.0199999996,5824.92430575035,17.09824345735053,-0.0023077455875282205,Flagged for Review
C1414802507,C149696600,TRANSFER,1746393.47,0.0,0.0,4437223.87,6183617.34,0.0,1746393.4699999997,1746393.47,0.39357786029897557,-0.002289857325922129,Flagged for Review
C481048177,C1067250476,CASH_IN,234284.7,18557241.13,18791525.82,9717461.01,9483176.32,-234284.69000000134,-234284.68999999948,0.012624974032173176,0.024109659472700117,-0.0022784363230664573,Flagged for Review
C689647263,C414965706,TRANSFER,1573497.43,0.0,0.0,7650754.79,9224252.22,0.0,1573497.4300000006,1573497.43,0.20566561960540633,-0.002263003875634717,Flagged for Review
C2080439265,C2131582857,TRANSFER,1362824.55,0.0,0.0,11980693.11,13343517.66,0.0,1362824.5500000007,1362824.55,0.1137517190145505,-0.002225811144555112,Flagged for Review
C576887116,C58252947,TRANSFER,1634481.05,11468.0,0.0,0.0,1634481.05,11468.0,1634481.05,142.51295230621676,1634481.05,-0.0022187704417142573,Flagged for Review
C1554086795,C232278505,TRANSFER,1640465.74,22159.0,0.0,0.0,1640465.74,22159.0,1640465.74,74.02823736462094,1640465.74,-0.0022187704417142573,Flagged for Review
C328046630,C1897496331,TRANSFER,1633463.43,10233.0,0.0,0.0,1633463.43,10233.0,1633463.43,159.61143541137383,1633463.43,-0.0022187704417142573,Flagged for Review
C106676237,C1538382345,TRANSFER,1627062.09,23877.69,0.0,0.0,1627062.09,23877.69,1627062.09,68.13866631712209,1627062.09,-0.0022187704417142573,Flagged for Review
C1363614886,C127097818,CASH_IN,241983.52,18277732.01,18519715.52,8884828.65,8642845.13,-241983.5099999979,-241983.51999999955,0.013239252366122617,0.02723558352072625,-0.002204297822744117,Flagged for Review
C1504292150,C678805890,CASH_IN,448146.69,16225301.79,16673448.48,1036089.88,587943.19,-448146.69000000134,-448146.69000000006,0.027620235862482787,0.43253608216298556,-0.002154783768269941,Flagged for Review
C235843836,C2012645664,CASH_IN,554549.7,1700685.89,2255235.59,9663079.61,9108529.91,-554549.7,-554549.6999999993,0.32607395474189843,0.057388499835768214,-0.0021481798539257912,Flagged for Review
C574547434,C835028163,CASH_IN,288953.5,14563334.44,14852287.94,13510902.18,13221948.68,-288953.5,-288953.5,0.019841162156188034,0.021386690153159693,-0.0021350018086495615,Flagged for Review
C894771294,C1169903663,TRANSFER,1839424.91,325324.48,0.0,3126862.07,5249554.78,325324.48,2122692.7100000004,5.654106496669121,0.5882652578067642,-0.002134316066367825,Flagged for Review
C2079479591,C2073310805,CASH_IN,513558.01,12153203.15,12666761.16,598271.81,84713.81,-513558.0099999998,-513558.00000000006,0.04225700512074423,0.8584010528574748,-0.0021239628367176744,Flagged for Review
C545585289,C217285432,CASH_IN,508016.9,12355850.64,12863867.53,1730440.65,1222423.76,-508016.88999999873,-508016.8899999999,0.04111549044141809,0.29357644044224207,-0.0020302361569702887,Flagged for Review
C1694118500,C296915463,TRANSFER,3066790.46,10624.0,0.0,2119303.18,5186093.64,10624.0,3066790.4599999995,288.63910211764704,1.4470742279194673,-0.001963720993963025,Flagged for Review
C161388942,C783723634,TRANSFER,1735087.13,156346.95,0.0,2575402.89,4916961.5,156346.95,2341558.61,11.097600768030535,0.6737145722024982,-0.0019506692170476736,Flagged for Review
C1062993834,C1946788,TRANSFER,919458.5,0.0,0.0,4492342.93,6598834.64,0.0,2106491.71,919458.5,0.20467233015260256,-0.0019472223888971074,Flagged for Review
C1138514171,C571851062,TRANSFER,1455160.89,0.0,0.0,10242102.13,11697263.02,0.0,1455160.8899999987,1455160.89,0.14207637547973018,-0.0019366575538469766,Flagged for Review
C1263739481,C278800351,TRANSFER,1458113.44,0.0,0.0,10297943.89,11756057.33,0.0,1458113.4399999995,1458113.44,0.14159266296092984,-0.0019366575538469766,Flagged for Review
C1437967405,C703998502,TRANSFER,1471479.78,0.0,0.0,10314638.55,11786118.32,0.0,1471479.7699999996,1471479.78,0.14265935061201435,-0.0019366575538469766,Flagged for Review
C633151410,C1049678469,TRANSFER,1667639.1,10447.0,0.0,0.0,1667639.1,10447.0,1667639.1,159.61323698315468,1667639.1,-0.001932496261417116,Flagged for Review
C1006152745,C921055101,CASH_IN,604259.57,7724719.32,8328978.88,649029.28,44769.71,-604259.5599999996,-604259.5700000001,0.07822413562799384,0.9310190735631009,-0.0019183146565026066,Flagged for Review
C482723642,C617337339,CASH_IN,366997.79,793919.67,1160917.46,26758772.1,26391774.31,-366997.7899999999,-366997.79000000283,0.46226002655907666,0.01371504547792589,-0.0019171682818860392,Flagged for Review
C1980746780,C341552838,CASH_IN,530750.97,5959993.04,6490744.01,4845962.89,4037130.68,-530750.9699999997,-808832.2099999995,0.08905226522676186,0.10952433448694146,-0.0018919516519335655,Flagged for Review
C781988385,C698218005,TRANSFER,3759517.14,24004.0,0.0,497558.07,4257075.21,24004.0,3759517.14,156.61391960008334,7.555921229614004,-0.001806159442022115,Flagged for Review
C501055976,C1976163435,TRANSFER,4066077.0,448.0,0.0,44832.65,4110909.64,448.0,4066076.99,9055.850779510023,90.69252670706042,-0.0017352460943172998,Flagged for Review
C1505371578,C2060089914,CASH_IN,626368.35,6419244.38,7045612.74,1177320.21,550951.85,-626368.3600000003,-626368.36,0.0975766329094589,0.532028425785347,-0.0017259161911816756,Flagged for Review
C1426574072,C1547142512,TRANSFER,2567600.84,351942.0,0.0,327313.32,2894914.16,351942.0,2567600.8400000003,7.295501942075847,7.844450068667939,-0.0016891873639619526,Flagged for Review
C371163019,C1936257566,TRANSFER,1769650.08,0.0,0.0,4215000.73,5984650.81,0.0,1769650.0799999991,1769650.08,0.41984563550819703,-0.0016490369996882137,Flagged for Review
C933379365,C693926826,TRANSFER,1748097.81,0.0,0.0,4255663.71,6003761.52,0.0,1748097.8099999996,1748097.81,0.410769628042431,-0.0016490369996882137,Flagged for Review
C967376716,C1020690655,TRANSFER,1812115.58,0.0,0.0,2812514.65,4238189.21,0.0,1425674.56,1812115.58,0.6443041765829819,-0.0016135961476345662,Flagged for Review
C1559806024,C589677387,TRANSFER,1668020.9,678.0,0.0,0.0,1668020.9,678.0,1668020.9,2456.584536082474,1668020.9,-0.001605077995928017,Flagged for Review
C1107807099,C571720939,CASH_IN,408839.84,18469442.19,18878282.03,1592449.88,1183610.04,-408839.83999999985,-408839.83999999985,0.02213601329472456,0.2567362328940407,-0.0015930670188109008,Flagged for Review
C712770662,C2078491626,TRANSFER,4088396.97,23036.0,0.0,188786.21,4277183.18,23036.0,4088396.9699999997,177.4708933454877,21.65611203216574,-0.0015200713310616898,Flagged for Review
C1364024135,C145593324,TRANSFER,1719164.7,0.0,0.0,5550599.83,7269764.53,0.0,1719164.7000000002,1719164.7,0.30972587520763945,-0.0015092367445687094,Flagged for Review
C1096082122,C1171559137,CASH_IN,350606.52,12554.0,363160.52,24526661.45,23977409.06,-350606.52,-549252.3900000006,27.925648745519716,0.0142949135747575,-0.001479505318551455,Flagged for Review
C629052817,C303084360,CASH_IN,421138.0,17479435.3,17900573.3,1628914.22,1207776.22,-421138.0,-421138.0,0.024093339897923366,0.25853893120355276,-0.0014598966368029043,Flagged for Review
C1015139524,C171435126,TRANSFER,3738354.75,8505.0,0.0,34731.39,3773086.15,8505.0,3738354.76,439.4962085586645,107.63309838453387,-0.0014491899621446036,Flagged for Review
C844221541,C1411940964,TRANSFER,3808377.63,9032.0,0.0,55397.77,3863775.4,9032.0,3808377.63,421.6071770176021,68.74480480342795,-0.0014491899621446036,Flagged for Review
C1084441899,C968206988,TRANSFER,2484259.34,123666.74,0.0,3490252.31,5755256.86,123666.74,2265004.5500000003,20.088176108013293,0.7117704989727521,-0.0014188416106979407,Flagged for Review
C80930022,C340168873,TRANSFER,1672049.45,259957.37,0.0,9808365.48,11480414.92,259957.37,1672049.4399999995,6.431989283514895,0.17047175525195096,-0.0013355496078131246,Flagged for Review
C1194807072,C1870237274,CASH_IN,43902.13,15894130.87,15938033.0,6463355.38,7268628.03,-43902.13000000082,805272.6500000004,0.0027621596674219616,0.006792466238725335,-0.0012968597622105005,Flagged for Review
C1922601189,C631200379,CASH_IN,59404.04,17476383.66,17535787.7,14619218.85,14559814.81,-59404.039999999106,-59404.039999999106,0.0033991034848279656,0.004063420661944556,-0.0012856868795247944,Flagged for Review
C1552906789,C1823883147,TRANSFER,1673845.38,6279.0,0.0,0.0,1673845.38,6279.0,1673845.38,266.5358885350318,1673845.38,-0.001266830141067321,Flagged for Review
C460978262,C985679686,TRANSFER,1646089.9,5850.0,0.0,0.0,1646089.9,5850.0,1646089.9,281.33479747051786,1646089.9,-0.001266830141067321,Flagged for Review
C88978828,C115885991,CASH_IN,158029.36,21260777.54,21418806.9,8851588.25,9304149.59,-158029.3599999994,452561.33999999985,0.00743290560609922,0.017853218844288327,-0.0012583688657435976,Flagged for Review
C1211719929,C173344188,TRANSFER,2179850.2,23000.74,0.0,6870927.6,9050777.8,23000.74,2179850.200000001,94.76892617688922,0.31725700074950575,-0.001250180106322718,Flagged for Review
C1088262971,C1157062321,TRANSFER,1650806.58,0.0,0.0,6783083.95,8433890.53,0.0,1650806.5799999991,1650806.58,0.24337106083272628,-0.0012437301201040363,Flagged for Review
C1424952791,C256814772,TRANSFER,3800990.19,22019.0,0.0,374163.34,4175153.53,22019.0,3800990.19,172.6153583106267,10.158611560898613,-0.001234112233203466,Flagged for Review
C1827702303,C1706292089,CASH_IN,373839.07,28509126.51,28882965.57,553137.47,179298.41,-373839.05999999866,-373839.05999999994,0.013112960748057631,0.6758507865128238,-0.001224386206468031,Flagged for Review
C214397063,C351826675,TRANSFER,1628257.92,158.0,0.0,0.0,1628257.92,158.0,1628257.92,10240.615849056603,1628257.92,-0.0012137196938851735,Flagged for Review
C958389279,C642563342,TRANSFER,1615897.01,140.0,0.0,0.0,1615897.01,140.0,1615897.01,11460.262482269503,1615897.01,-0.0012137196938851735,Flagged for Review
C1631732320,C563765228,TRANSFER,2951992.7,20842.0,0.0,2362871.75,5314864.45,20842.0,2951992.7,141.62993331094373,1.2493236040747435,-0.001197957550244766,Flagged for Review
C1647045612,C361663108,TRANSFER,871231.16,0.0,0.0,2454020.78,5022379.42,0.0,2568358.64,871231.16,0.3550217716486608,-0.0011784486034099872,Flagged for Review
C2011923530,C1683260887,CASH_IN,356722.21,25319121.39,25675843.6,1197486.14,840763.93,-356722.2100000009,-356722.20999999985,0.014089043234013927,0.29789230972451197,-0.001159229941017137,Flagged for Review
C732424679,C1803066713,CASH_IN,424414.6,16778367.11,17202781.71,1989008.69,1564594.09,-424414.6000000015,-424414.59999999986,0.02529534441117945,0.21337985537918622,-0.0011465325275687999,Flagged for Review
C1996545130,C2062114867,TRANSFER,1176429.46,0.0,0.0,15455727.12,16632156.57,0.0,1176429.4500000011,1176429.46,0.07611608142082148,-0.0011421711537379364,Flagged for Review
C251184428,C2143477943,TRANSFER,1595970.38,75439.62,0.0,11643412.63,13239383.01,75439.62,1595970.379999999,21.155318978025367,0.1370706590623801,-0.0011375043383085037,Flagged for Review
C1611090464,C90454488,CASH_IN,341823.58,3822838.08,4164661.66,20502051.65,20088905.94,-341823.5800000001,-413145.70999999717,0.08941615716662601,0.016672651555209035,-0.001125139630680172,Flagged for Review
C1822446925,C619099268,CASH_IN,98107.21,24818747.98,24916855.18,9207414.62,9109307.41,-98107.19999999925,-98107.20999999903,0.003952947430148834,0.010655238565194694,-0.0011107618409438302,Flagged for Review
C929763431,C718397654,CASH_IN,851040.51,2155976.17,3007016.68,1115401.38,264360.87,-851040.5100000002,-851040.5099999999,0.3947353997259628,0.7629896844939492,-0.0010789359210163774,Flagged for Review
C1338115956,C967056279,CASH_OUT,103883.41,21071.0,0.0,9068406.39,16548955.33,21071.0,7480548.9399999995,4.929926442672741,0.011455529679285835,-0.0010679768901746822,Flagged for Review
C705400686,C993884064,CASH_IN,446375.75,22960868.09,23407243.84,2067238.8,2064290.0,-446375.75,-2948.8000000000466,0.01944071664928429,0.21592838431226025,-0.0010566360869962432,Flagged for Review
C626705483,C1264445045,CASH_IN,449108.79,15942193.04,16391301.83,523852.17,74743.38,-449108.79000000097,-449108.79,0.02817107788759545,0.8573180725431135,-0.0009995130766815574,Flagged for Review
C331887829,C546147128,CASH_IN,527304.41,6041804.46,6569108.86,5610545.89,5083241.48,-527304.4000000004,-527304.4099999992,0.08727596634665559,0.09398449390733103,-0.0009958372530850523,Flagged for Review
C893955422,C398547019,TRANSFER,3524035.92,16349.0,0.0,435764.59,3959800.51,16349.0,3524035.92,215.53736513761467,8.086999067549137,-0.0009482820902680933,Flagged for Review
C551003699,C1811229960,TRANSFER,3422813.67,11343.0,0.0,1450568.05,4873381.72,11343.0,3422813.67,301.7289906558533,2.359635116990811,-0.0009304652374020339,Flagged for Review
C187395155,C824321689,TRANSFER,1668781.31,288.0,0.0,0.0,1668781.31,288.0,1668781.31,5774.329792387543,1668781.31,-0.0009278987470844324,Flagged for Review
C1275817926,C263829826,TRANSFER,1610547.88,156.0,0.0,0.0,1610547.88,156.0,1610547.88,10258.266751592357,1610547.88,-0.0009278987470844324,Flagged for Review
C1877097733,C1632268814,TRANSFER,1589910.39,0.0,0.0,7248465.92,8838376.32,0.0,1589910.4000000004,1589910.39,0.21934436723620998,-0.000915504763615127,Flagged for Review
C746989973,C1429626160,CASH_IN,492130.84,13393200.25,13885331.1,623319.03,131188.19,-492130.8499999996,-492130.84,0.036744825289622224,0.7895315669544584,-0.0008934765381981569,Flagged for Review
C1558021671,C1608595761,TRANSFER,1563877.49,0.0,0.0,2348355.03,4339115.93,0.0,1990760.9,1563877.49,0.6659456530532979,-0.0008919941052083491,Flagged for Review
C518631765,C1597201839,CASH_IN,252824.63,4748526.38,5001351.02,38571639.52,38318814.89,-252824.63999999966,-252824.63000000268,0.05324274449060879,0.006554676611924413,-0.0008895345296422441,Flagged for Review
C1030359595,C1579302320,TRANSFER,1564298.56,202212.0,0.0,0.0,1564298.56,202212.0,1564298.56,7.735895120491759,1564298.56,-0.0008816480189252074,Flagged for Review
C1480629700,C1792326435,CASH_IN,192164.27,17493510.3,17685674.57,12713277.5,12521113.23,-192164.26999999955,-192164.26999999955,0.010984888436891454,0.015115241123680252,-0.0008576289042054874,Flagged for Review
C741252797,C916641446,CASH_IN,290798.38,15221419.95,15512218.33,11476630.63,11185832.25,-290798.3800000008,-290798.3800000008,0.019104548843056603,0.025338303900932994,-0.0008423343452198528,Flagged for Review
C701045747,C1943248125,TRANSFER,777524.09,0.0,0.0,31398168.29,32175692.38,0.0,777524.0899999999,777524.09,0.024763357468985732,-0.0008239204961738578,Flagged for Review
C880306786,C1861566283,TRANSFER,1773983.88,0.0,0.0,3728232.72,5502216.6,0.0,1773983.8799999994,1773983.88,0.4758242141536126,-0.0007567037423208411,Flagged for Review
C2134406437,C1482979717,TRANSFER,1829064.28,0.0,0.0,2083319.88,3912384.16,0.0,1829064.2800000003,1829064.28,0.8779561024703982,-0.0007496213109862149,Flagged for Review
C501813024,C1887568287,TRANSFER,1582217.7,107842.0,0.0,0.0,1582217.7,107842.0,1582217.7,14.67149189098968,1582217.7,-0.0007479798641298885,Flagged for Review
C443617496,C1870252780,CASH_OUT,457252.04,21369.0,0.0,17551467.9,19190848.62,21369.0,1639380.7200000025,21.396913430042115,0.026052066787412877,-0.0007130656334126684,Flagged for Review
C1728353558,C1485323944,CASH_IN,538926.24,11137765.85,11676692.08,887962.62,349036.38,-538926.2300000004,-538926.24,0.04838727971756744,0.6069237836568124,-0.0007051542299376656,Flagged for Review
C1465900829,C2107410367,CASH_IN,222281.47,5808068.1,6030349.57,49969173.07,49746891.6,-222281.47000000067,-222281.4699999988,0.038271147634934305,0.0044483719040185445,-0.0006827363928251229,Flagged for Review
C292024200,C914550036,CASH_IN,42706.56,21842805.11,21885511.67,10364155.84,10321449.27,-42706.560000002384,-42706.5700000003,0.001955177360680239,0.0041206014786630725,-0.0006677144218047992,Flagged for Review
C1124276510,C1834162700,CASH_IN,538859.65,9015815.78,9554675.43,3783069.2,3244209.55,-538859.6500000004,-538859.6500000004,0.05976825651507972,0.14243977021626508,-0.0006315301545647412,Flagged for Review
C555100530,C153843585,TRANSFER,3691378.09,3053.0,0.0,92196.29,3783574.38,3053.0,3691378.09,1208.7027144728224,40.03781553666057,-0.0005917953250488273,Flagged for Review
C185514486,C2143998843,TRANSFER,3131714.24,124597.0,0.0,667365.86,3799080.1,124597.0,3131714.24,25.13454662193615,4.6926427242731235,-0.0005857483953217724,Flagged for Review
C48905199,C1968101532,CASH_IN,155722.62,22833731.03,22989453.64,8829204.28,8673481.66,-155722.6099999994,-155722.61999999918,0.006819849676583946,0.01763721819366284,-0.0005194313096761327,Flagged for Review
C35816445,C1570256460,CASH_IN,159615.33,10147438.02,10307053.35,50589797.77,50430182.44,-159615.33000000007,-159615.33000000566,0.015729617067459845,0.0031550892448825602,-0.00047970117060047723,Flagged for Review
C974475468,C1942483644,TRANSFER,1661327.6,1475.0,0.0,0.0,1661327.6,1475.0,1661327.6,1125.560704607046,1661327.6,-0.00046186186813301777,Flagged for Review
C1366897047,C285015506,TRANSFER,1193424.02,90362.0,0.0,19189567.01,20382991.04,90362.0,1193424.0299999975,13.206998660956366,0.0621912916110507,-0.00040156130938118206,Flagged for Review
C434779773,C137318700,CASH_IN,368574.46,21588083.82,21956658.27,1974569.24,1605994.78,-368574.44999999925,-368574.45999999996,0.01707305039206345,0.18666059709276284,-0.00038742793814339205,Flagged for Review
C1129780658,C1076645607,CASH_IN,383760.31,19318754.76,19702515.06,1382894.09,999133.78,-383760.299999997,-383760.31000000006,0.019864649399139147,0.27750500582079585,-0.00036534348283789875,Flagged for Review
C51604499,C494845714,TRANSFER,1591587.2,0.0,0.0,6960872.61,8552459.81,0.0,1591587.2000000002,1591587.2,0.22864762229176575,-0.0003442606655154057,Flagged for Review
C624422963,C28588268,TRANSFER,1195600.06,0.0,0.0,13253335.73,14588071.07,0.0,1334735.3399999999,1195600.06,0.09021124901276088,-0.0003349755672930055,Flagged for Review
C1728853697,C290290064,CASH_IN,293112.5,2878554.32,3171666.82,12466234.98,14303287.92,-293112.5,1837052.9399999995,0.10182625220487339,0.023512510149033772,-0.00030667433673725597,Flagged for Review
C717254113,C1733149657,TRANSFER,3553145.99,760.0,0.0,39556.12,3592702.12,760.0,3553146.0,4669.048607095927,89.82317190938066,-0.0003062548386694175,Flagged for Review
C367170964,C858173243,TRANSFER,3670837.54,5286.0,0.0,206179.83,3877017.36,5286.0,3670837.53,694.3138906752412,17.803971106334185,-0.0003062548386694175,Flagged for Review
C130581244,C861397251,TRANSFER,1220793.56,0.0,0.0,13468246.09,14689039.66,0.0,1220793.5700000003,1220793.56,0.09064234950860262,-0.0003029461815942103,Flagged for Review
C203204007,C1782870348,CASH_IN,354424.72,27108732.39,27463157.11,1565393.75,1210969.03,-354424.7199999988,-354424.72,0.013074189594219177,0.2264123602049898,-0.00027236266531194264,Flagged for Review
C760980334,C1269283129,TRANSFER,1157339.5,0.0,0.0,6601230.16,8335575.96,0.0,1734345.7999999998,1157339.5,0.17532176528112978,-0.00024124507469092116,Flagged for Review
C1474454143,C2096107271,TRANSFER,1054244.29,1054244.29,0.0,0.0,0.0,1054244.29,0.0,0.999999051454145,1054244.29,-0.00023840232167249287,Flagged for Review
C1918912745,C1999367128,TRANSFER,1059347.56,1059347.56,0.0,0.0,0.0,1059347.56,0.0,0.9999990560236378,1059347.56,-0.00023840232167249287,Flagged for Review
C470003846,C1208702024,TRANSFER,1765248.63,0.0,0.0,3360530.14,5125778.76,0.0,1765248.6199999996,1765248.63,0.525288579828485,-0.00020080605957106812,Flagged for Review
C203603442,C1457728035,TRANSFER,1732602.91,0.0,0.0,3234474.45,4967077.37,0.0,1732602.92,1732602.91,0.5356673552739439,-0.00020080605957106812,Flagged for Review
C233302448,C1606483984,TRANSFER,1754225.35,0.0,0.0,3844929.74,5599155.09,0.0,1754225.3499999996,1754225.35,0.4562436799576785,-0.00017884849589155927,Flagged for Review
C654655775,C304525728,TRANSFER,1751385.25,0.0,0.0,3880076.15,5631461.4,0.0,1751385.2500000005,1751385.25,0.4513789758020662,-0.00017884849589155927,Flagged for Review
C1023421058,C411058889,TRANSFER,1761062.24,0.0,0.0,3822585.91,5583648.15,0.0,1761062.2400000002,1761062.24,0.4606990714568214,-0.00017884849589155927,Flagged for Review
C1002289081,C660965656,TRANSFER,1907700.98,102999.87,0.0,9000128.84,10907829.82,102999.87,1907700.9800000004,18.52121229655633,0.21196371762565594,-0.00014714503491786157,Flagged for Review
C639422835,C1268693750,TRANSFER,976720.93,409212.31,0.0,2044375.18,5412760.66,409212.31,3368385.4800000004,2.386825907495531,0.47775988565861693,-0.00011103203894358149,Flagged for Review
C849416470,C376992243,TRANSFER,1622473.7,0.0,0.0,6661743.72,8284217.43,0.0,1622473.71,1622473.7,0.2435508666564455,-2.1807791394490295e-05,Flagged for Review
C1290315265,C86119980,TRANSFER,3888737.26,8294.0,0.0,496458.57,4385195.83,8294.0,3888737.2600000002,468.8049740807715,7.832938460628324,-2.0843118437641195e-05,Flagged for Review
